item_index,prompt,filled_prompt,subject,attributes,interactions,question_count,question_attr_1,question_attr_2,question_attr_3,question_attr_4,question_interaction_1,question_interaction_2,error
1,Four Marines. Marine A is confused. Marine B has blue eyes. Marine C wears eyebrow piercing. Marine D wears bracelet. Marine A and Marine B are kneeling before each other. Marine C and Marine D are doing a fist bump with each other.,"You are creating image generation prompts and questions for a dataset.

Given the sample data below, you need to generate:

A SHORT image generation prompt

Seven questions about the image

SAMPLE DATA: Subject: Marine (Marine Corps) Attribute 1: Negative: confused Attribute 2: Eyes: Blue Attribute 3: Piercings: eyebrow Attribute 4: Jewelry: bracelet Interaction 1: Kneeling Before Someone Interaction 2: A fist bump

INSTRUCTIONS:

Create a SHORT image generation prompt following this format:

Four [SUBJECT]s. [SUBJECT] A [verb] [ATTRIBUTE_1]. [SUBJECT] B [verb] [ATTRIBUTE_2]. [SUBJECT] C [verb] [ATTRIBUTE_3]. [SUBJECT] D [verb] [ATTRIBUTE_4]. [SUBJECT] A and [SUBJECT] B are [INTERACTION_1] with each other. [SUBJECT] C and [SUBJECT] D are [INTERACTION_2] with each other.

Use appropriate verbs (is/has/wears) based on the attribute type

For emotions: use ""is"" (e.g., ""is crying"")

For physical items/bags: use ""has [item] in hand""

For hair: use ""has [color/style] hair""

For eyewear/gloves/jewelry: use ""wears""

For tattoos: use ""has tattoos on [location]""

Keep it SHORT and DIRECT

Create SEVEN questions:

question_count: ""Are there four [SUBJECT]s?""

question_attr_1 through question_attr_4: ""Is there a [SUBJECT] [attribute description]?""

question_interaction_1: ""Is the [SUBJECT] [with attribute 1] [INTERACTION_1] with the [SUBJECT] [with attribute 2]?""

question_interaction_2: ""Is the [SUBJECT] [with attribute 3] [INTERACTION_2] with the [SUBJECT] [with attribute 4]?""

EXAMPLES:

Example 1: Subject: Police Officer Attribute 1: Eyewear: sunglasses Attribute 2: Hair Color: blonde Attribute 3: Technology: laptop Attribute 4: Negative: crying

Interaction 1: Shaking hands Interaction 2: Having conversations

OUTPUT: Prompt: Four Police Officers. Police Officer A wears sunglasses. Police Officer B has blonde hair. Police Officer C has laptop in hand. Police Officer D is crying. Police Officer A and Police Officer B are shaking hands with each other. Police Officer C and Police Officer D are having conversations with each other.

question_count: Are there four Police Officers? question_attr_1: Is there a Police Officer wearing sunglasses? question_attr_2: Is there a Police Officer with blonde hair? question_attr_3: Is there a Police Officer with laptop in hand? question_attr_4: Is there a Police Officer is crying? question_interaction_1: Is the Police Officer wearing sunglasses shaking hands with the Police Officer with blonde hair? question_interaction_2: Is the Police Officer with laptop in hand having conversations with the Police Officer is crying?

Example 2: Subject: Nurse Attribute 1: Bags: purse Attribute 2: Hair Style: curly Attribute 3: Tattoos: arm Attribute 4: Jewelry: necklace

Interaction 1: Whispering a secret into the other's ear Interaction 2: Waving to each other

OUTPUT: Prompt: Four Nurses. Nurse A has purse in hand. Nurse B has curly hair. Nurse C has tattoos on arm. Nurse D wears necklace. Nurse A and Nurse B are whispering a secret into the other's ear with each other. Nurse C and Nurse D are waving to each other.

question_count: Are there four Nurses? question_attr_1: Is there a Nurse with purse in hand? question_attr_2: Is there a Nurse with curly hair? question_attr_3: Is there a Nurse with tattoos on arm? question_attr_4: Is there a Nurse wearing necklace? question_interaction_1: Is the Nurse with purse in hand whispering a secret into the other's ear with the Nurse with curly hair? question_interaction_2: Is the Nurse with tattoos on arm waving to each other with the Nurse wearing necklace?

Now generate the output for the given sample data above. Return ONLY in this format:

Prompt: [your prompt here]

question_count: [question here] question_attr_1: [question here] question_attr_2: [question here] question_attr_3: [question here] question_attr_4: [question here] question_interaction_1: [question here] question_interaction_2: [question here]",Marine (Marine Corps),"[('Negative', 'confused'), ('Eyes', 'Blue'), ('Piercings', 'eyebrow'), ('Jewelry', 'bracelet')]","['Kneeling Before Someone', 'A fist bump']",Are there four Marines?,Is there a Marine who is confused?,Is there a Marine who has blue eyes?,Is there a Marine who wears an eyebrow piercing?,Is there a Marine who wears a bracelet?,Is the Marine who is confused kneeling before the Marine who has blue eyes?,Is the Marine who wears an eyebrow piercing doing a fist bump with the Marine who wears a bracelet?,
12,Four Bartenders. Bartender A has wavy hair. Bartender B wears glasses. Bartender C has piercings on ears. Bartender D has brown hair. Bartender A and Bartender B are bowing to each other. Bartender C and Bartender D are shaking hands with each other.,"You are creating image generation prompts and questions for a dataset.

Given the sample data below, you need to generate:

A SHORT image generation prompt

Seven questions about the image

SAMPLE DATA: Subject: Bartender Attribute 1: Hair Style: wavy Attribute 2: Eyewear: glasses Attribute 3: Piercings: Ears Attribute 4: Hair Color: brown Interaction 1: One person Bowing to other Interaction 2: Shaking hands

INSTRUCTIONS:

Create a SHORT image generation prompt following this format:

Four [SUBJECT]s. [SUBJECT] A [verb] [ATTRIBUTE_1]. [SUBJECT] B [verb] [ATTRIBUTE_2]. [SUBJECT] C [verb] [ATTRIBUTE_3]. [SUBJECT] D [verb] [ATTRIBUTE_4]. [SUBJECT] A and [SUBJECT] B are [INTERACTION_1] with each other. [SUBJECT] C and [SUBJECT] D are [INTERACTION_2] with each other.

Use appropriate verbs (is/has/wears) based on the attribute type

For emotions: use ""is"" (e.g., ""is crying"")

For physical items/bags: use ""has [item] in hand""

For hair: use ""has [color/style] hair""

For eyewear/gloves/jewelry: use ""wears""

For tattoos: use ""has tattoos on [location]""

Keep it SHORT and DIRECT

Create SEVEN questions:

question_count: ""Are there four [SUBJECT]s?""

question_attr_1 through question_attr_4: ""Is there a [SUBJECT] [attribute description]?""

question_interaction_1: ""Is the [SUBJECT] [with attribute 1] [INTERACTION_1] with the [SUBJECT] [with attribute 2]?""

question_interaction_2: ""Is the [SUBJECT] [with attribute 3] [INTERACTION_2] with the [SUBJECT] [with attribute 4]?""

EXAMPLES:

Example 1: Subject: Police Officer Attribute 1: Eyewear: sunglasses Attribute 2: Hair Color: blonde Attribute 3: Technology: laptop Attribute 4: Negative: crying

Interaction 1: Shaking hands Interaction 2: Having conversations

OUTPUT: Prompt: Four Police Officers. Police Officer A wears sunglasses. Police Officer B has blonde hair. Police Officer C has laptop in hand. Police Officer D is crying. Police Officer A and Police Officer B are shaking hands with each other. Police Officer C and Police Officer D are having conversations with each other.

question_count: Are there four Police Officers? question_attr_1: Is there a Police Officer wearing sunglasses? question_attr_2: Is there a Police Officer with blonde hair? question_attr_3: Is there a Police Officer with laptop in hand? question_attr_4: Is there a Police Officer is crying? question_interaction_1: Is the Police Officer wearing sunglasses shaking hands with the Police Officer with blonde hair? question_interaction_2: Is the Police Officer with laptop in hand having conversations with the Police Officer is crying?

Example 2: Subject: Nurse Attribute 1: Bags: purse Attribute 2: Hair Style: curly Attribute 3: Tattoos: arm Attribute 4: Jewelry: necklace

Interaction 1: Whispering a secret into the other's ear Interaction 2: Waving to each other

OUTPUT: Prompt: Four Nurses. Nurse A has purse in hand. Nurse B has curly hair. Nurse C has tattoos on arm. Nurse D wears necklace. Nurse A and Nurse B are whispering a secret into the other's ear with each other. Nurse C and Nurse D are waving to each other.

question_count: Are there four Nurses? question_attr_1: Is there a Nurse with purse in hand? question_attr_2: Is there a Nurse with curly hair? question_attr_3: Is there a Nurse with tattoos on arm? question_attr_4: Is there a Nurse wearing necklace? question_interaction_1: Is the Nurse with purse in hand whispering a secret into the other's ear with the Nurse with curly hair? question_interaction_2: Is the Nurse with tattoos on arm waving to each other with the Nurse wearing necklace?

Now generate the output for the given sample data above. Return ONLY in this format:

Prompt: [your prompt here]

question_count: [question here] question_attr_1: [question here] question_attr_2: [question here] question_attr_3: [question here] question_attr_4: [question here] question_interaction_1: [question here] question_interaction_2: [question here]",Bartender,"[('Hair Style', 'wavy'), ('Eyewear', 'glasses'), ('Piercings', 'Ears'), ('Hair Color', 'brown')]","['One person Bowing to other', 'Shaking hands']",Are there four Bartenders?,Is there a Bartender with wavy hair?,Is there a Bartender wearing glasses?,Is there a Bartender with piercings on ears?,Is there a Bartender with brown hair?,Is the Bartender with wavy hair bowing to the Bartender wearing glasses?,Is the Bartender with piercings on ears shaking hands with the Bartender with brown hair?,
13,Four Housekeeping Staff. Housekeeping Staff A has tote bag in hand. Housekeeping Staff B has mustache. Housekeeping Staff C has water bottle in hand. Housekeeping Staff D wears headphones. Housekeeping Staff A and Housekeeping Staff B are whispering a secret into the other's ear with each other. Housekeeping Staff C and Housekeeping Staff D are looking at the same phone or tablet screen with each other.,"You are creating image generation prompts and questions for a dataset.

Given the sample data below, you need to generate:

A SHORT image generation prompt

Seven questions about the image

SAMPLE DATA: Subject: Housekeeping Staff Attribute 1: Bags: tote bag Attribute 2: Facial Hair: mustache Attribute 3: Food/Drink: water bottle Attribute 4: Technology: headphones Interaction 1: Whispering a secret into the other's ear Interaction 2: Looking at the same phone or tablet screen

INSTRUCTIONS:

Create a SHORT image generation prompt following this format:

Four [SUBJECT]s. [SUBJECT] A [verb] [ATTRIBUTE_1]. [SUBJECT] B [verb] [ATTRIBUTE_2]. [SUBJECT] C [verb] [ATTRIBUTE_3]. [SUBJECT] D [verb] [ATTRIBUTE_4]. [SUBJECT] A and [SUBJECT] B are [INTERACTION_1] with each other. [SUBJECT] C and [SUBJECT] D are [INTERACTION_2] with each other.

Use appropriate verbs (is/has/wears) based on the attribute type

For emotions: use ""is"" (e.g., ""is crying"")

For physical items/bags: use ""has [item] in hand""

For hair: use ""has [color/style] hair""

For eyewear/gloves/jewelry: use ""wears""

For tattoos: use ""has tattoos on [location]""

Keep it SHORT and DIRECT

Create SEVEN questions:

question_count: ""Are there four [SUBJECT]s?""

question_attr_1 through question_attr_4: ""Is there a [SUBJECT] [attribute description]?""

question_interaction_1: ""Is the [SUBJECT] [with attribute 1] [INTERACTION_1] with the [SUBJECT] [with attribute 2]?""

question_interaction_2: ""Is the [SUBJECT] [with attribute 3] [INTERACTION_2] with the [SUBJECT] [with attribute 4]?""

EXAMPLES:

Example 1: Subject: Police Officer Attribute 1: Eyewear: sunglasses Attribute 2: Hair Color: blonde Attribute 3: Technology: laptop Attribute 4: Negative: crying

Interaction 1: Shaking hands Interaction 2: Having conversations

OUTPUT: Prompt: Four Police Officers. Police Officer A wears sunglasses. Police Officer B has blonde hair. Police Officer C has laptop in hand. Police Officer D is crying. Police Officer A and Police Officer B are shaking hands with each other. Police Officer C and Police Officer D are having conversations with each other.

question_count: Are there four Police Officers? question_attr_1: Is there a Police Officer wearing sunglasses? question_attr_2: Is there a Police Officer with blonde hair? question_attr_3: Is there a Police Officer with laptop in hand? question_attr_4: Is there a Police Officer is crying? question_interaction_1: Is the Police Officer wearing sunglasses shaking hands with the Police Officer with blonde hair? question_interaction_2: Is the Police Officer with laptop in hand having conversations with the Police Officer is crying?

Example 2: Subject: Nurse Attribute 1: Bags: purse Attribute 2: Hair Style: curly Attribute 3: Tattoos: arm Attribute 4: Jewelry: necklace

Interaction 1: Whispering a secret into the other's ear Interaction 2: Waving to each other

OUTPUT: Prompt: Four Nurses. Nurse A has purse in hand. Nurse B has curly hair. Nurse C has tattoos on arm. Nurse D wears necklace. Nurse A and Nurse B are whispering a secret into the other's ear with each other. Nurse C and Nurse D are waving to each other.

question_count: Are there four Nurses? question_attr_1: Is there a Nurse with purse in hand? question_attr_2: Is there a Nurse with curly hair? question_attr_3: Is there a Nurse with tattoos on arm? question_attr_4: Is there a Nurse wearing necklace? question_interaction_1: Is the Nurse with purse in hand whispering a secret into the other's ear with the Nurse with curly hair? question_interaction_2: Is the Nurse with tattoos on arm waving to each other with the Nurse wearing necklace?

Now generate the output for the given sample data above. Return ONLY in this format:

Prompt: [your prompt here]

question_count: [question here] question_attr_1: [question here] question_attr_2: [question here] question_attr_3: [question here] question_attr_4: [question here] question_interaction_1: [question here] question_interaction_2: [question here]",Housekeeping Staff,"[('Bags', 'tote bag'), ('Facial Hair', 'mustache'), ('Food/Drink', 'water bottle'), ('Technology', 'headphones')]","[""Whispering a secret into the other's ear"", 'Looking at the same phone or tablet screen']",Are there four Housekeeping Staff?,Is there a Housekeeping Staff with tote bag in hand?,Is there a Housekeeping Staff with mustache?,Is there a Housekeeping Staff with water bottle in hand?,Is there a Housekeeping Staff wearing headphones?,Is the Housekeeping Staff with tote bag in hand whispering a secret into the other's ear with the Housekeeping Staff with mustache?,Is the Housekeeping Staff with water bottle in hand looking at the same phone or tablet screen with the Housekeeping Staff wearing headphones?,
14,Four Janitors. Janitor A wears necklace. Janitor B is confused. Janitor C wears latex gloves. Janitor D has camera in hand. Janitor A and Janitor B are exchanging business cards with each other. Janitor C and Janitor D are one person pointing an accusatory finger at the other with each other.,"You are creating image generation prompts and questions for a dataset.

Given the sample data below, you need to generate:

A SHORT image generation prompt

Seven questions about the image

SAMPLE DATA: Subject: Janitor Attribute 1: Jewelry: Necklace Attribute 2: Negative: confused Attribute 3: Gloves: latex gloves. Attribute 4: Technology: camera. Interaction 1: Exchanging business cards Interaction 2: One person pointing an accusatory finger at the other

INSTRUCTIONS:

Create a SHORT image generation prompt following this format:

Four [SUBJECT]s. [SUBJECT] A [verb] [ATTRIBUTE_1]. [SUBJECT] B [verb] [ATTRIBUTE_2]. [SUBJECT] C [verb] [ATTRIBUTE_3]. [SUBJECT] D [verb] [ATTRIBUTE_4]. [SUBJECT] A and [SUBJECT] B are [INTERACTION_1] with each other. [SUBJECT] C and [SUBJECT] D are [INTERACTION_2] with each other.

Use appropriate verbs (is/has/wears) based on the attribute type

For emotions: use ""is"" (e.g., ""is crying"")

For physical items/bags: use ""has [item] in hand""

For hair: use ""has [color/style] hair""

For eyewear/gloves/jewelry: use ""wears""

For tattoos: use ""has tattoos on [location]""

Keep it SHORT and DIRECT

Create SEVEN questions:

question_count: ""Are there four [SUBJECT]s?""

question_attr_1 through question_attr_4: ""Is there a [SUBJECT] [attribute description]?""

question_interaction_1: ""Is the [SUBJECT] [with attribute 1] [INTERACTION_1] with the [SUBJECT] [with attribute 2]?""

question_interaction_2: ""Is the [SUBJECT] [with attribute 3] [INTERACTION_2] with the [SUBJECT] [with attribute 4]?""

EXAMPLES:

Example 1: Subject: Police Officer Attribute 1: Eyewear: sunglasses Attribute 2: Hair Color: blonde Attribute 3: Technology: laptop Attribute 4: Negative: crying

Interaction 1: Shaking hands Interaction 2: Having conversations

OUTPUT: Prompt: Four Police Officers. Police Officer A wears sunglasses. Police Officer B has blonde hair. Police Officer C has laptop in hand. Police Officer D is crying. Police Officer A and Police Officer B are shaking hands with each other. Police Officer C and Police Officer D are having conversations with each other.

question_count: Are there four Police Officers? question_attr_1: Is there a Police Officer wearing sunglasses? question_attr_2: Is there a Police Officer with blonde hair? question_attr_3: Is there a Police Officer with laptop in hand? question_attr_4: Is there a Police Officer is crying? question_interaction_1: Is the Police Officer wearing sunglasses shaking hands with the Police Officer with blonde hair? question_interaction_2: Is the Police Officer with laptop in hand having conversations with the Police Officer is crying?

Example 2: Subject: Nurse Attribute 1: Bags: purse Attribute 2: Hair Style: curly Attribute 3: Tattoos: arm Attribute 4: Jewelry: necklace

Interaction 1: Whispering a secret into the other's ear Interaction 2: Waving to each other

OUTPUT: Prompt: Four Nurses. Nurse A has purse in hand. Nurse B has curly hair. Nurse C has tattoos on arm. Nurse D wears necklace. Nurse A and Nurse B are whispering a secret into the other's ear with each other. Nurse C and Nurse D are waving to each other.

question_count: Are there four Nurses? question_attr_1: Is there a Nurse with purse in hand? question_attr_2: Is there a Nurse with curly hair? question_attr_3: Is there a Nurse with tattoos on arm? question_attr_4: Is there a Nurse wearing necklace? question_interaction_1: Is the Nurse with purse in hand whispering a secret into the other's ear with the Nurse with curly hair? question_interaction_2: Is the Nurse with tattoos on arm waving to each other with the Nurse wearing necklace?

Now generate the output for the given sample data above. Return ONLY in this format:

Prompt: [your prompt here]

question_count: [question here] question_attr_1: [question here] question_attr_2: [question here] question_attr_3: [question here] question_attr_4: [question here] question_interaction_1: [question here] question_interaction_2: [question here]",Janitor,"[('Jewelry', 'Necklace'), ('Negative', 'confused'), ('Gloves', 'latex gloves.'), ('Technology', 'camera.')]","['Exchanging business cards', 'One person pointing an accusatory finger at the other']",Are there four Janitors?,Is there a Janitor wearing necklace?,Is there a Janitor is confused?,Is there a Janitor wearing latex gloves?,Is there a Janitor with camera in hand?,Is the Janitor wearing necklace exchanging business cards with the Janitor is confused?,Is the Janitor wearing latex gloves one person pointing an accusatory finger at the other with the Janitor with camera in hand?,
18,Four Housekeeping Staff. Housekeeping Staff A wears sunglasses. Housekeeping Staff B wears Winter gloves. Housekeeping Staff C has camera in hand. Housekeeping Staff D has Black hair. Housekeeping Staff A and Housekeeping Staff B are bowing to each other. Housekeeping Staff C and Housekeeping Staff D are waving to each other.,"You are creating image generation prompts and questions for a dataset.

Given the sample data below, you need to generate:

A SHORT image generation prompt

Seven questions about the image

SAMPLE DATA: Subject: Housekeeping Staff Attribute 1: Eyewear: sunglasses Attribute 2: Gloves: Winter gloves Attribute 3: Technology: camera. Attribute 4: Hair Color: Black Interaction 1: One person Bowing to other Interaction 2: Waving to each other

INSTRUCTIONS:

Create a SHORT image generation prompt following this format:

Four [SUBJECT]s. [SUBJECT] A [verb] [ATTRIBUTE_1]. [SUBJECT] B [verb] [ATTRIBUTE_2]. [SUBJECT] C [verb] [ATTRIBUTE_3]. [SUBJECT] D [verb] [ATTRIBUTE_4]. [SUBJECT] A and [SUBJECT] B are [INTERACTION_1] with each other. [SUBJECT] C and [SUBJECT] D are [INTERACTION_2] with each other.

Use appropriate verbs (is/has/wears) based on the attribute type

For emotions: use ""is"" (e.g., ""is crying"")

For physical items/bags: use ""has [item] in hand""

For hair: use ""has [color/style] hair""

For eyewear/gloves/jewelry: use ""wears""

For tattoos: use ""has tattoos on [location]""

Keep it SHORT and DIRECT

Create SEVEN questions:

question_count: ""Are there four [SUBJECT]s?""

question_attr_1 through question_attr_4: ""Is there a [SUBJECT] [attribute description]?""

question_interaction_1: ""Is the [SUBJECT] [with attribute 1] [INTERACTION_1] with the [SUBJECT] [with attribute 2]?""

question_interaction_2: ""Is the [SUBJECT] [with attribute 3] [INTERACTION_2] with the [SUBJECT] [with attribute 4]?""

EXAMPLES:

Example 1: Subject: Police Officer Attribute 1: Eyewear: sunglasses Attribute 2: Hair Color: blonde Attribute 3: Technology: laptop Attribute 4: Negative: crying

Interaction 1: Shaking hands Interaction 2: Having conversations

OUTPUT: Prompt: Four Police Officers. Police Officer A wears sunglasses. Police Officer B has blonde hair. Police Officer C has laptop in hand. Police Officer D is crying. Police Officer A and Police Officer B are shaking hands with each other. Police Officer C and Police Officer D are having conversations with each other.

question_count: Are there four Police Officers? question_attr_1: Is there a Police Officer wearing sunglasses? question_attr_2: Is there a Police Officer with blonde hair? question_attr_3: Is there a Police Officer with laptop in hand? question_attr_4: Is there a Police Officer is crying? question_interaction_1: Is the Police Officer wearing sunglasses shaking hands with the Police Officer with blonde hair? question_interaction_2: Is the Police Officer with laptop in hand having conversations with the Police Officer is crying?

Example 2: Subject: Nurse Attribute 1: Bags: purse Attribute 2: Hair Style: curly Attribute 3: Tattoos: arm Attribute 4: Jewelry: necklace

Interaction 1: Whispering a secret into the other's ear Interaction 2: Waving to each other

OUTPUT: Prompt: Four Nurses. Nurse A has purse in hand. Nurse B has curly hair. Nurse C has tattoos on arm. Nurse D wears necklace. Nurse A and Nurse B are whispering a secret into the other's ear with each other. Nurse C and Nurse D are waving to each other.

question_count: Are there four Nurses? question_attr_1: Is there a Nurse with purse in hand? question_attr_2: Is there a Nurse with curly hair? question_attr_3: Is there a Nurse with tattoos on arm? question_attr_4: Is there a Nurse wearing necklace? question_interaction_1: Is the Nurse with purse in hand whispering a secret into the other's ear with the Nurse with curly hair? question_interaction_2: Is the Nurse with tattoos on arm waving to each other with the Nurse wearing necklace?

Now generate the output for the given sample data above. Return ONLY in this format:

Prompt: [your prompt here]

question_count: [question here] question_attr_1: [question here] question_attr_2: [question here] question_attr_3: [question here] question_attr_4: [question here] question_interaction_1: [question here] question_interaction_2: [question here]",Housekeeping Staff,"[('Eyewear', 'sunglasses'), ('Gloves', 'Winter gloves'), ('Technology', 'camera.'), ('Hair Color', 'Black')]","['One person Bowing to other', 'Waving to each other']",Are there four Housekeeping Staff?,Is there a Housekeeping Staff wearing sunglasses?,Is there a Housekeeping Staff wearing Winter gloves?,Is there a Housekeeping Staff with camera in hand?,Is there a Housekeeping Staff with Black hair?,Is the Housekeeping Staff wearing sunglasses bowing to each other with the Housekeeping Staff wearing Winter gloves?,Is the Housekeeping Staff with camera in hand waving to each other with the Housekeeping Staff with Black hair?,
19,Four Airline Pilots. Airline Pilot A has tattoos on ankle. Airline Pilot B has coffee cup in hand. Airline Pilot C has bun hair. Airline Pilot D has tablet in hand. Airline Pilot A and Airline Pilot B are pointing an accusatory finger at each other. Airline Pilot C and Airline Pilot D are crossing their arms and glaring while the other tries to talk.,"You are creating image generation prompts and questions for a dataset.

Given the sample data below, you need to generate:

A SHORT image generation prompt

Seven questions about the image

SAMPLE DATA: Subject: Airline Pilot Attribute 1: Tattoos: ankle Attribute 2: Food/Drink: Coffee cup Attribute 3: Hair Style: bun Attribute 4: Technology: tablet Interaction 1: One person pointing an accusatory finger at the other Interaction 2: One person crossing their arms and glaring while the other tries to talk

INSTRUCTIONS:

Create a SHORT image generation prompt following this format:

Four [SUBJECT]s. [SUBJECT] A [verb] [ATTRIBUTE_1]. [SUBJECT] B [verb] [ATTRIBUTE_2]. [SUBJECT] C [verb] [ATTRIBUTE_3]. [SUBJECT] D [verb] [ATTRIBUTE_4]. [SUBJECT] A and [SUBJECT] B are [INTERACTION_1] with each other. [SUBJECT] C and [SUBJECT] D are [INTERACTION_2] with each other.

Use appropriate verbs (is/has/wears) based on the attribute type

For emotions: use ""is"" (e.g., ""is crying"")

For physical items/bags: use ""has [item] in hand""

For hair: use ""has [color/style] hair""

For eyewear/gloves/jewelry: use ""wears""

For tattoos: use ""has tattoos on [location]""

Keep it SHORT and DIRECT

Create SEVEN questions:

question_count: ""Are there four [SUBJECT]s?""

question_attr_1 through question_attr_4: ""Is there a [SUBJECT] [attribute description]?""

question_interaction_1: ""Is the [SUBJECT] [with attribute 1] [INTERACTION_1] with the [SUBJECT] [with attribute 2]?""

question_interaction_2: ""Is the [SUBJECT] [with attribute 3] [INTERACTION_2] with the [SUBJECT] [with attribute 4]?""

EXAMPLES:

Example 1: Subject: Police Officer Attribute 1: Eyewear: sunglasses Attribute 2: Hair Color: blonde Attribute 3: Technology: laptop Attribute 4: Negative: crying

Interaction 1: Shaking hands Interaction 2: Having conversations

OUTPUT: Prompt: Four Police Officers. Police Officer A wears sunglasses. Police Officer B has blonde hair. Police Officer C has laptop in hand. Police Officer D is crying. Police Officer A and Police Officer B are shaking hands with each other. Police Officer C and Police Officer D are having conversations with each other.

question_count: Are there four Police Officers? question_attr_1: Is there a Police Officer wearing sunglasses? question_attr_2: Is there a Police Officer with blonde hair? question_attr_3: Is there a Police Officer with laptop in hand? question_attr_4: Is there a Police Officer is crying? question_interaction_1: Is the Police Officer wearing sunglasses shaking hands with the Police Officer with blonde hair? question_interaction_2: Is the Police Officer with laptop in hand having conversations with the Police Officer is crying?

Example 2: Subject: Nurse Attribute 1: Bags: purse Attribute 2: Hair Style: curly Attribute 3: Tattoos: arm Attribute 4: Jewelry: necklace

Interaction 1: Whispering a secret into the other's ear Interaction 2: Waving to each other

OUTPUT: Prompt: Four Nurses. Nurse A has purse in hand. Nurse B has curly hair. Nurse C has tattoos on arm. Nurse D wears necklace. Nurse A and Nurse B are whispering a secret into the other's ear with each other. Nurse C and Nurse D are waving to each other.

question_count: Are there four Nurses? question_attr_1: Is there a Nurse with purse in hand? question_attr_2: Is there a Nurse with curly hair? question_attr_3: Is there a Nurse with tattoos on arm? question_attr_4: Is there a Nurse wearing necklace? question_interaction_1: Is the Nurse with purse in hand whispering a secret into the other's ear with the Nurse with curly hair? question_interaction_2: Is the Nurse with tattoos on arm waving to each other with the Nurse wearing necklace?

Now generate the output for the given sample data above. Return ONLY in this format:

Prompt: [your prompt here]

question_count: [question here] question_attr_1: [question here] question_attr_2: [question here] question_attr_3: [question here] question_attr_4: [question here] question_interaction_1: [question here] question_interaction_2: [question here]",Airline Pilot,"[('Tattoos', 'ankle'), ('Food/Drink', 'Coffee cup'), ('Hair Style', 'bun'), ('Technology', 'tablet')]","['One person pointing an accusatory finger at the other', 'One person crossing their arms and glaring while the other tries to talk']",Are there four Airline Pilots?,Is there an Airline Pilot with tattoos on ankle?,Is there an Airline Pilot with coffee cup in hand?,Is there an Airline Pilot with bun hair?,Is there an Airline Pilot with tablet in hand?,Is the Airline Pilot with tattoos on ankle pointing an accusatory finger at the Airline Pilot with coffee cup in hand?,Is the Airline Pilot with bun hair crossing their arms and glaring while the Airline Pilot with tablet in hand tries to talk?,
20,Four Airmen. Airman A has a beard. Airman B has purse in hand. Airman C has white hair. Airman D wears glasses. Airman A and Airman B are high-fiving with each other. Airman C and Airman D are taking a pulse with each other.,"You are creating image generation prompts and questions for a dataset.

Given the sample data below, you need to generate:

A SHORT image generation prompt

Seven questions about the image

SAMPLE DATA: Subject: Airman (Air Force) Attribute 1: Facial Hair: Beard Attribute 2: Bags: purse Attribute 3: Hair Color: white Attribute 4: Eyewear: glasses Interaction 1: high-five Interaction 2: Taking a Pulse

INSTRUCTIONS:

Create a SHORT image generation prompt following this format:

Four [SUBJECT]s. [SUBJECT] A [verb] [ATTRIBUTE_1]. [SUBJECT] B [verb] [ATTRIBUTE_2]. [SUBJECT] C [verb] [ATTRIBUTE_3]. [SUBJECT] D [verb] [ATTRIBUTE_4]. [SUBJECT] A and [SUBJECT] B are [INTERACTION_1] with each other. [SUBJECT] C and [SUBJECT] D are [INTERACTION_2] with each other.

Use appropriate verbs (is/has/wears) based on the attribute type

For emotions: use ""is"" (e.g., ""is crying"")

For physical items/bags: use ""has [item] in hand""

For hair: use ""has [color/style] hair""

For eyewear/gloves/jewelry: use ""wears""

For tattoos: use ""has tattoos on [location]""

Keep it SHORT and DIRECT

Create SEVEN questions:

question_count: ""Are there four [SUBJECT]s?""

question_attr_1 through question_attr_4: ""Is there a [SUBJECT] [attribute description]?""

question_interaction_1: ""Is the [SUBJECT] [with attribute 1] [INTERACTION_1] with the [SUBJECT] [with attribute 2]?""

question_interaction_2: ""Is the [SUBJECT] [with attribute 3] [INTERACTION_2] with the [SUBJECT] [with attribute 4]?""

EXAMPLES:

Example 1: Subject: Police Officer Attribute 1: Eyewear: sunglasses Attribute 2: Hair Color: blonde Attribute 3: Technology: laptop Attribute 4: Negative: crying

Interaction 1: Shaking hands Interaction 2: Having conversations

OUTPUT: Prompt: Four Police Officers. Police Officer A wears sunglasses. Police Officer B has blonde hair. Police Officer C has laptop in hand. Police Officer D is crying. Police Officer A and Police Officer B are shaking hands with each other. Police Officer C and Police Officer D are having conversations with each other.

question_count: Are there four Police Officers? question_attr_1: Is there a Police Officer wearing sunglasses? question_attr_2: Is there a Police Officer with blonde hair? question_attr_3: Is there a Police Officer with laptop in hand? question_attr_4: Is there a Police Officer is crying? question_interaction_1: Is the Police Officer wearing sunglasses shaking hands with the Police Officer with blonde hair? question_interaction_2: Is the Police Officer with laptop in hand having conversations with the Police Officer is crying?

Example 2: Subject: Nurse Attribute 1: Bags: purse Attribute 2: Hair Style: curly Attribute 3: Tattoos: arm Attribute 4: Jewelry: necklace

Interaction 1: Whispering a secret into the other's ear Interaction 2: Waving to each other

OUTPUT: Prompt: Four Nurses. Nurse A has purse in hand. Nurse B has curly hair. Nurse C has tattoos on arm. Nurse D wears necklace. Nurse A and Nurse B are whispering a secret into the other's ear with each other. Nurse C and Nurse D are waving to each other.

question_count: Are there four Nurses? question_attr_1: Is there a Nurse with purse in hand? question_attr_2: Is there a Nurse with curly hair? question_attr_3: Is there a Nurse with tattoos on arm? question_attr_4: Is there a Nurse wearing necklace? question_interaction_1: Is the Nurse with purse in hand whispering a secret into the other's ear with the Nurse with curly hair? question_interaction_2: Is the Nurse with tattoos on arm waving to each other with the Nurse wearing necklace?

Now generate the output for the given sample data above. Return ONLY in this format:

Prompt: [your prompt here]

question_count: [question here] question_attr_1: [question here] question_attr_2: [question here] question_attr_3: [question here] question_attr_4: [question here] question_interaction_1: [question here] question_interaction_2: [question here]",Airman (Air Force),"[('Facial Hair', 'Beard'), ('Bags', 'purse'), ('Hair Color', 'white'), ('Eyewear', 'glasses')]","['high-five', 'Taking a Pulse']",Are there four Airmen?,Is there an Airman with a beard?,Is there an Airman with purse in hand?,Is there an Airman with white hair?,Is there an Airman wearing glasses?,Is the Airman with a beard high-fiving with the Airman with purse in hand?,Is the Airman with white hair taking a pulse with the Airman wearing glasses?,
21,Four Hotel Front Desk Clerks. Hotel Front Desk Clerk A has coffee cup in hand. Hotel Front Desk Clerk B has brown hair. Hotel Front Desk Clerk C has goatee. Hotel Front Desk Clerk D wears sunglasses. Hotel Front Desk Clerk A and Hotel Front Desk Clerk B are looking at the same phone or tablet screen with each other. Hotel Front Desk Clerk C and Hotel Front Desk Clerk D are one person turning their back on the other while they are speaking with each other.,"You are creating image generation prompts and questions for a dataset.

Given the sample data below, you need to generate:

A SHORT image generation prompt

Seven questions about the image

SAMPLE DATA: Subject: Hotel Front Desk Clerk Attribute 1: Food/Drink: Coffee cup Attribute 2: Hair Color: brown Attribute 3: Facial Hair: goatee Attribute 4: Eyewear: sunglasses Interaction 1: Looking at the same phone or tablet screen Interaction 2: One person turning their back on the other while they are speaking

INSTRUCTIONS:

Create a SHORT image generation prompt following this format:

Four [SUBJECT]s. [SUBJECT] A [verb] [ATTRIBUTE_1]. [SUBJECT] B [verb] [ATTRIBUTE_2]. [SUBJECT] C [verb] [ATTRIBUTE_3]. [SUBJECT] D [verb] [ATTRIBUTE_4]. [SUBJECT] A and [SUBJECT] B are [INTERACTION_1] with each other. [SUBJECT] C and [SUBJECT] D are [INTERACTION_2] with each other.

Use appropriate verbs (is/has/wears) based on the attribute type

For emotions: use ""is"" (e.g., ""is crying"")

For physical items/bags: use ""has [item] in hand""

For hair: use ""has [color/style] hair""

For eyewear/gloves/jewelry: use ""wears""

For tattoos: use ""has tattoos on [location]""

Keep it SHORT and DIRECT

Create SEVEN questions:

question_count: ""Are there four [SUBJECT]s?""

question_attr_1 through question_attr_4: ""Is there a [SUBJECT] [attribute description]?""

question_interaction_1: ""Is the [SUBJECT] [with attribute 1] [INTERACTION_1] with the [SUBJECT] [with attribute 2]?""

question_interaction_2: ""Is the [SUBJECT] [with attribute 3] [INTERACTION_2] with the [SUBJECT] [with attribute 4]?""

EXAMPLES:

Example 1: Subject: Police Officer Attribute 1: Eyewear: sunglasses Attribute 2: Hair Color: blonde Attribute 3: Technology: laptop Attribute 4: Negative: crying

Interaction 1: Shaking hands Interaction 2: Having conversations

OUTPUT: Prompt: Four Police Officers. Police Officer A wears sunglasses. Police Officer B has blonde hair. Police Officer C has laptop in hand. Police Officer D is crying. Police Officer A and Police Officer B are shaking hands with each other. Police Officer C and Police Officer D are having conversations with each other.

question_count: Are there four Police Officers? question_attr_1: Is there a Police Officer wearing sunglasses? question_attr_2: Is there a Police Officer with blonde hair? question_attr_3: Is there a Police Officer with laptop in hand? question_attr_4: Is there a Police Officer is crying? question_interaction_1: Is the Police Officer wearing sunglasses shaking hands with the Police Officer with blonde hair? question_interaction_2: Is the Police Officer with laptop in hand having conversations with the Police Officer is crying?

Example 2: Subject: Nurse Attribute 1: Bags: purse Attribute 2: Hair Style: curly Attribute 3: Tattoos: arm Attribute 4: Jewelry: necklace

Interaction 1: Whispering a secret into the other's ear Interaction 2: Waving to each other

OUTPUT: Prompt: Four Nurses. Nurse A has purse in hand. Nurse B has curly hair. Nurse C has tattoos on arm. Nurse D wears necklace. Nurse A and Nurse B are whispering a secret into the other's ear with each other. Nurse C and Nurse D are waving to each other.

question_count: Are there four Nurses? question_attr_1: Is there a Nurse with purse in hand? question_attr_2: Is there a Nurse with curly hair? question_attr_3: Is there a Nurse with tattoos on arm? question_attr_4: Is there a Nurse wearing necklace? question_interaction_1: Is the Nurse with purse in hand whispering a secret into the other's ear with the Nurse with curly hair? question_interaction_2: Is the Nurse with tattoos on arm waving to each other with the Nurse wearing necklace?

Now generate the output for the given sample data above. Return ONLY in this format:

Prompt: [your prompt here]

question_count: [question here] question_attr_1: [question here] question_attr_2: [question here] question_attr_3: [question here] question_attr_4: [question here] question_interaction_1: [question here] question_interaction_2: [question here]",Hotel Front Desk Clerk,"[('Food/Drink', 'Coffee cup'), ('Hair Color', 'brown'), ('Facial Hair', 'goatee'), ('Eyewear', 'sunglasses')]","['Looking at the same phone or tablet screen', 'One person turning their back on the other while they are speaking']",Are there four Hotel Front Desk Clerks?,Is there a Hotel Front Desk Clerk with coffee cup in hand?,Is there a Hotel Front Desk Clerk with brown hair?,Is there a Hotel Front Desk Clerk with goatee?,Is there a Hotel Front Desk Clerk wearing sunglasses?,Is the Hotel Front Desk Clerk with coffee cup in hand looking at the same phone or tablet screen with the Hotel Front Desk Clerk with brown hair?,Is the Hotel Front Desk Clerk with goatee one person turning their back on the other while they are speaking with the Hotel Front Desk Clerk wearing sunglasses?,
23,Four Plumbers. Plumber A has water bottle in hand. Plumber B wears latex gloves. Plumber C is surprised. Plumber D wears necklace. Plumber A and Plumber B are pouring the other a cup of tea or coffee with each other. Plumber C and Plumber D are waving to each other.,"You are creating image generation prompts and questions for a dataset.

Given the sample data below, you need to generate:

A SHORT image generation prompt

Seven questions about the image

SAMPLE DATA: Subject: Plumber Attribute 1: Food/Drink: water bottle Attribute 2: Gloves: latex gloves. Attribute 3: Neutral/Other: Surprised Attribute 4: Jewelry: Necklace Interaction 1: Pouring the other a cup of tea or coffee Interaction 2: Waving to each other

INSTRUCTIONS:

Create a SHORT image generation prompt following this format:

Four [SUBJECT]s. [SUBJECT] A [verb] [ATTRIBUTE_1]. [SUBJECT] B [verb] [ATTRIBUTE_2]. [SUBJECT] C [verb] [ATTRIBUTE_3]. [SUBJECT] D [verb] [ATTRIBUTE_4]. [SUBJECT] A and [SUBJECT] B are [INTERACTION_1] with each other. [SUBJECT] C and [SUBJECT] D are [INTERACTION_2] with each other.

Use appropriate verbs (is/has/wears) based on the attribute type

For emotions: use ""is"" (e.g., ""is crying"")

For physical items/bags: use ""has [item] in hand""

For hair: use ""has [color/style] hair""

For eyewear/gloves/jewelry: use ""wears""

For tattoos: use ""has tattoos on [location]""

Keep it SHORT and DIRECT

Create SEVEN questions:

question_count: ""Are there four [SUBJECT]s?""

question_attr_1 through question_attr_4: ""Is there a [SUBJECT] [attribute description]?""

question_interaction_1: ""Is the [SUBJECT] [with attribute 1] [INTERACTION_1] with the [SUBJECT] [with attribute 2]?""

question_interaction_2: ""Is the [SUBJECT] [with attribute 3] [INTERACTION_2] with the [SUBJECT] [with attribute 4]?""

EXAMPLES:

Example 1: Subject: Police Officer Attribute 1: Eyewear: sunglasses Attribute 2: Hair Color: blonde Attribute 3: Technology: laptop Attribute 4: Negative: crying

Interaction 1: Shaking hands Interaction 2: Having conversations

OUTPUT: Prompt: Four Police Officers. Police Officer A wears sunglasses. Police Officer B has blonde hair. Police Officer C has laptop in hand. Police Officer D is crying. Police Officer A and Police Officer B are shaking hands with each other. Police Officer C and Police Officer D are having conversations with each other.

question_count: Are there four Police Officers? question_attr_1: Is there a Police Officer wearing sunglasses? question_attr_2: Is there a Police Officer with blonde hair? question_attr_3: Is there a Police Officer with laptop in hand? question_attr_4: Is there a Police Officer is crying? question_interaction_1: Is the Police Officer wearing sunglasses shaking hands with the Police Officer with blonde hair? question_interaction_2: Is the Police Officer with laptop in hand having conversations with the Police Officer is crying?

Example 2: Subject: Nurse Attribute 1: Bags: purse Attribute 2: Hair Style: curly Attribute 3: Tattoos: arm Attribute 4: Jewelry: necklace

Interaction 1: Whispering a secret into the other's ear Interaction 2: Waving to each other

OUTPUT: Prompt: Four Nurses. Nurse A has purse in hand. Nurse B has curly hair. Nurse C has tattoos on arm. Nurse D wears necklace. Nurse A and Nurse B are whispering a secret into the other's ear with each other. Nurse C and Nurse D are waving to each other.

question_count: Are there four Nurses? question_attr_1: Is there a Nurse with purse in hand? question_attr_2: Is there a Nurse with curly hair? question_attr_3: Is there a Nurse with tattoos on arm? question_attr_4: Is there a Nurse wearing necklace? question_interaction_1: Is the Nurse with purse in hand whispering a secret into the other's ear with the Nurse with curly hair? question_interaction_2: Is the Nurse with tattoos on arm waving to each other with the Nurse wearing necklace?

Now generate the output for the given sample data above. Return ONLY in this format:

Prompt: [your prompt here]

question_count: [question here] question_attr_1: [question here] question_attr_2: [question here] question_attr_3: [question here] question_attr_4: [question here] question_interaction_1: [question here] question_interaction_2: [question here]",Plumber,"[('Food/Drink', 'water bottle'), ('Gloves', 'latex gloves.'), ('Neutral/Other', 'Surprised'), ('Jewelry', 'Necklace')]","['Pouring the other a cup of tea or coffee', 'Waving to each other']",Are there four Plumbers?,Is there a Plumber with water bottle in hand?,Is there a Plumber wearing latex gloves?,Is there a Plumber is surprised?,Is there a Plumber wearing necklace?,Is the Plumber with water bottle in hand pouring the other a cup of tea or coffee with the Plumber wearing latex gloves?,Is the Plumber is surprised waving to each other with the Plumber wearing necklace?,
27,Four Sailors. Sailor A wears rings. Sailor B is clean-shaven. Sailor C has suitcase in hand. Sailor D wears nose piercing. Sailor A and Sailor B are whispering a secret into the other's ear with each other. Sailor C and Sailor D are shaking hands with each other.,"You are creating image generation prompts and questions for a dataset.

Given the sample data below, you need to generate:

A SHORT image generation prompt

Seven questions about the image

SAMPLE DATA: Subject: Sailor (Navy) Attribute 1: Jewelry: rings Attribute 2: Facial Hair: clean-shaven Attribute 3: Bags: suitcase Attribute 4: Piercings: nose Interaction 1: Whispering a secret into the other's ear Interaction 2: Shaking hands

INSTRUCTIONS:

Create a SHORT image generation prompt following this format:

Four [SUBJECT]s. [SUBJECT] A [verb] [ATTRIBUTE_1]. [SUBJECT] B [verb] [ATTRIBUTE_2]. [SUBJECT] C [verb] [ATTRIBUTE_3]. [SUBJECT] D [verb] [ATTRIBUTE_4]. [SUBJECT] A and [SUBJECT] B are [INTERACTION_1] with each other. [SUBJECT] C and [SUBJECT] D are [INTERACTION_2] with each other.

Use appropriate verbs (is/has/wears) based on the attribute type

For emotions: use ""is"" (e.g., ""is crying"")

For physical items/bags: use ""has [item] in hand""

For hair: use ""has [color/style] hair""

For eyewear/gloves/jewelry: use ""wears""

For tattoos: use ""has tattoos on [location]""

Keep it SHORT and DIRECT

Create SEVEN questions:

question_count: ""Are there four [SUBJECT]s?""

question_attr_1 through question_attr_4: ""Is there a [SUBJECT] [attribute description]?""

question_interaction_1: ""Is the [SUBJECT] [with attribute 1] [INTERACTION_1] with the [SUBJECT] [with attribute 2]?""

question_interaction_2: ""Is the [SUBJECT] [with attribute 3] [INTERACTION_2] with the [SUBJECT] [with attribute 4]?""

EXAMPLES:

Example 1: Subject: Police Officer Attribute 1: Eyewear: sunglasses Attribute 2: Hair Color: blonde Attribute 3: Technology: laptop Attribute 4: Negative: crying

Interaction 1: Shaking hands Interaction 2: Having conversations

OUTPUT: Prompt: Four Police Officers. Police Officer A wears sunglasses. Police Officer B has blonde hair. Police Officer C has laptop in hand. Police Officer D is crying. Police Officer A and Police Officer B are shaking hands with each other. Police Officer C and Police Officer D are having conversations with each other.

question_count: Are there four Police Officers? question_attr_1: Is there a Police Officer wearing sunglasses? question_attr_2: Is there a Police Officer with blonde hair? question_attr_3: Is there a Police Officer with laptop in hand? question_attr_4: Is there a Police Officer is crying? question_interaction_1: Is the Police Officer wearing sunglasses shaking hands with the Police Officer with blonde hair? question_interaction_2: Is the Police Officer with laptop in hand having conversations with the Police Officer is crying?

Example 2: Subject: Nurse Attribute 1: Bags: purse Attribute 2: Hair Style: curly Attribute 3: Tattoos: arm Attribute 4: Jewelry: necklace

Interaction 1: Whispering a secret into the other's ear Interaction 2: Waving to each other

OUTPUT: Prompt: Four Nurses. Nurse A has purse in hand. Nurse B has curly hair. Nurse C has tattoos on arm. Nurse D wears necklace. Nurse A and Nurse B are whispering a secret into the other's ear with each other. Nurse C and Nurse D are waving to each other.

question_count: Are there four Nurses? question_attr_1: Is there a Nurse with purse in hand? question_attr_2: Is there a Nurse with curly hair? question_attr_3: Is there a Nurse with tattoos on arm? question_attr_4: Is there a Nurse wearing necklace? question_interaction_1: Is the Nurse with purse in hand whispering a secret into the other's ear with the Nurse with curly hair? question_interaction_2: Is the Nurse with tattoos on arm waving to each other with the Nurse wearing necklace?

Now generate the output for the given sample data above. Return ONLY in this format:

Prompt: [your prompt here]

question_count: [question here] question_attr_1: [question here] question_attr_2: [question here] question_attr_3: [question here] question_attr_4: [question here] question_interaction_1: [question here] question_interaction_2: [question here]",Sailor (Navy),"[('Jewelry', 'rings'), ('Facial Hair', 'clean-shaven'), ('Bags', 'suitcase'), ('Piercings', 'nose')]","[""Whispering a secret into the other's ear"", 'Shaking hands']",Are there four Sailors?,Is there a Sailor wearing rings?,Is there a Sailor is clean-shaven?,Is there a Sailor with suitcase in hand?,Is there a Sailor wearing nose piercing?,Is the Sailor wearing rings whispering a secret into the other's ear with the Sailor is clean-shaven?,Is the Sailor with suitcase in hand shaking hands with the Sailor wearing nose piercing?,
29,Four Baristas. Barista A has red hair. Barista B has grocery bag in hand. Barista C has shaved head hair. Barista D has green eyes. Barista A and Barista B are waving to each other. Barista C and Barista D are bowing to each other.,"You are creating image generation prompts and questions for a dataset.

Given the sample data below, you need to generate:

A SHORT image generation prompt

Seven questions about the image

SAMPLE DATA: Subject: Barista Attribute 1: Hair Color: red Attribute 2: Bags: grocery bag. Attribute 3: Hair Style: shaved head Attribute 4: Eyes: green Interaction 1: Waving to each other Interaction 2: One person Bowing to other

INSTRUCTIONS:

Create a SHORT image generation prompt following this format:

Four [SUBJECT]s. [SUBJECT] A [verb] [ATTRIBUTE_1]. [SUBJECT] B [verb] [ATTRIBUTE_2]. [SUBJECT] C [verb] [ATTRIBUTE_3]. [SUBJECT] D [verb] [ATTRIBUTE_4]. [SUBJECT] A and [SUBJECT] B are [INTERACTION_1] with each other. [SUBJECT] C and [SUBJECT] D are [INTERACTION_2] with each other.

Use appropriate verbs (is/has/wears) based on the attribute type

For emotions: use ""is"" (e.g., ""is crying"")

For physical items/bags: use ""has [item] in hand""

For hair: use ""has [color/style] hair""

For eyewear/gloves/jewelry: use ""wears""

For tattoos: use ""has tattoos on [location]""

Keep it SHORT and DIRECT

Create SEVEN questions:

question_count: ""Are there four [SUBJECT]s?""

question_attr_1 through question_attr_4: ""Is there a [SUBJECT] [attribute description]?""

question_interaction_1: ""Is the [SUBJECT] [with attribute 1] [INTERACTION_1] with the [SUBJECT] [with attribute 2]?""

question_interaction_2: ""Is the [SUBJECT] [with attribute 3] [INTERACTION_2] with the [SUBJECT] [with attribute 4]?""

EXAMPLES:

Example 1: Subject: Police Officer Attribute 1: Eyewear: sunglasses Attribute 2: Hair Color: blonde Attribute 3: Technology: laptop Attribute 4: Negative: crying

Interaction 1: Shaking hands Interaction 2: Having conversations

OUTPUT: Prompt: Four Police Officers. Police Officer A wears sunglasses. Police Officer B has blonde hair. Police Officer C has laptop in hand. Police Officer D is crying. Police Officer A and Police Officer B are shaking hands with each other. Police Officer C and Police Officer D are having conversations with each other.

question_count: Are there four Police Officers? question_attr_1: Is there a Police Officer wearing sunglasses? question_attr_2: Is there a Police Officer with blonde hair? question_attr_3: Is there a Police Officer with laptop in hand? question_attr_4: Is there a Police Officer is crying? question_interaction_1: Is the Police Officer wearing sunglasses shaking hands with the Police Officer with blonde hair? question_interaction_2: Is the Police Officer with laptop in hand having conversations with the Police Officer is crying?

Example 2: Subject: Nurse Attribute 1: Bags: purse Attribute 2: Hair Style: curly Attribute 3: Tattoos: arm Attribute 4: Jewelry: necklace

Interaction 1: Whispering a secret into the other's ear Interaction 2: Waving to each other

OUTPUT: Prompt: Four Nurses. Nurse A has purse in hand. Nurse B has curly hair. Nurse C has tattoos on arm. Nurse D wears necklace. Nurse A and Nurse B are whispering a secret into the other's ear with each other. Nurse C and Nurse D are waving to each other.

question_count: Are there four Nurses? question_attr_1: Is there a Nurse with purse in hand? question_attr_2: Is there a Nurse with curly hair? question_attr_3: Is there a Nurse with tattoos on arm? question_attr_4: Is there a Nurse wearing necklace? question_interaction_1: Is the Nurse with purse in hand whispering a secret into the other's ear with the Nurse with curly hair? question_interaction_2: Is the Nurse with tattoos on arm waving to each other with the Nurse wearing necklace?

Now generate the output for the given sample data above. Return ONLY in this format:

Prompt: [your prompt here]

question_count: [question here] question_attr_1: [question here] question_attr_2: [question here] question_attr_3: [question here] question_attr_4: [question here] question_interaction_1: [question here] question_interaction_2: [question here]",Barista,"[('Hair Color', 'red'), ('Bags', 'grocery bag.'), ('Hair Style', 'shaved head'), ('Eyes', 'green')]","['Waving to each other', 'One person Bowing to other']",Are there four Baristas?,Is there a Barista with red hair?,Is there a Barista with grocery bag in hand?,Is there a Barista with shaved head hair?,Is there a Barista with green eyes?,Is the Barista with red hair waving to each other with the Barista with grocery bag in hand?,Is the Barista with shaved head hair bowing to each other with the Barista with green eyes?,
30,Four Theme Park Employees. Theme Park Employee A has stubble. Theme Park Employee B has buzz cut hair. Theme Park Employee C has tattoos on ankle. Theme Park Employee D wears piercings on Ears. Theme Park Employee A and Theme Park Employee B are whispering a secret into the other's ear with each other. Theme Park Employee C and Theme Park Employee D are sharing headphones to listen to music with each other.,"You are creating image generation prompts and questions for a dataset.

Given the sample data below, you need to generate:

A SHORT image generation prompt

Seven questions about the image

SAMPLE DATA: Subject: Theme Park Employee Attribute 1: Facial Hair: stubble Attribute 2: Hair Style: buzz cut Attribute 3: Tattoos: ankle Attribute 4: Piercings: Ears Interaction 1: Whispering a secret into the other's ear Interaction 2: Sharing headphones to listen to music

INSTRUCTIONS:

Create a SHORT image generation prompt following this format:

Four [SUBJECT]s. [SUBJECT] A [verb] [ATTRIBUTE_1]. [SUBJECT] B [verb] [ATTRIBUTE_2]. [SUBJECT] C [verb] [ATTRIBUTE_3]. [SUBJECT] D [verb] [ATTRIBUTE_4]. [SUBJECT] A and [SUBJECT] B are [INTERACTION_1] with each other. [SUBJECT] C and [SUBJECT] D are [INTERACTION_2] with each other.

Use appropriate verbs (is/has/wears) based on the attribute type

For emotions: use ""is"" (e.g., ""is crying"")

For physical items/bags: use ""has [item] in hand""

For hair: use ""has [color/style] hair""

For eyewear/gloves/jewelry: use ""wears""

For tattoos: use ""has tattoos on [location]""

Keep it SHORT and DIRECT

Create SEVEN questions:

question_count: ""Are there four [SUBJECT]s?""

question_attr_1 through question_attr_4: ""Is there a [SUBJECT] [attribute description]?""

question_interaction_1: ""Is the [SUBJECT] [with attribute 1] [INTERACTION_1] with the [SUBJECT] [with attribute 2]?""

question_interaction_2: ""Is the [SUBJECT] [with attribute 3] [INTERACTION_2] with the [SUBJECT] [with attribute 4]?""

EXAMPLES:

Example 1: Subject: Police Officer Attribute 1: Eyewear: sunglasses Attribute 2: Hair Color: blonde Attribute 3: Technology: laptop Attribute 4: Negative: crying

Interaction 1: Shaking hands Interaction 2: Having conversations

OUTPUT: Prompt: Four Police Officers. Police Officer A wears sunglasses. Police Officer B has blonde hair. Police Officer C has laptop in hand. Police Officer D is crying. Police Officer A and Police Officer B are shaking hands with each other. Police Officer C and Police Officer D are having conversations with each other.

question_count: Are there four Police Officers? question_attr_1: Is there a Police Officer wearing sunglasses? question_attr_2: Is there a Police Officer with blonde hair? question_attr_3: Is there a Police Officer with laptop in hand? question_attr_4: Is there a Police Officer is crying? question_interaction_1: Is the Police Officer wearing sunglasses shaking hands with the Police Officer with blonde hair? question_interaction_2: Is the Police Officer with laptop in hand having conversations with the Police Officer is crying?

Example 2: Subject: Nurse Attribute 1: Bags: purse Attribute 2: Hair Style: curly Attribute 3: Tattoos: arm Attribute 4: Jewelry: necklace

Interaction 1: Whispering a secret into the other's ear Interaction 2: Waving to each other

OUTPUT: Prompt: Four Nurses. Nurse A has purse in hand. Nurse B has curly hair. Nurse C has tattoos on arm. Nurse D wears necklace. Nurse A and Nurse B are whispering a secret into the other's ear with each other. Nurse C and Nurse D are waving to each other.

question_count: Are there four Nurses? question_attr_1: Is there a Nurse with purse in hand? question_attr_2: Is there a Nurse with curly hair? question_attr_3: Is there a Nurse with tattoos on arm? question_attr_4: Is there a Nurse wearing necklace? question_interaction_1: Is the Nurse with purse in hand whispering a secret into the other's ear with the Nurse with curly hair? question_interaction_2: Is the Nurse with tattoos on arm waving to each other with the Nurse wearing necklace?

Now generate the output for the given sample data above. Return ONLY in this format:

Prompt: [your prompt here]

question_count: [question here] question_attr_1: [question here] question_attr_2: [question here] question_attr_3: [question here] question_attr_4: [question here] question_interaction_1: [question here] question_interaction_2: [question here]",Theme Park Employee,"[('Facial Hair', 'stubble'), ('Hair Style', 'buzz cut'), ('Tattoos', 'ankle'), ('Piercings', 'Ears')]","[""Whispering a secret into the other's ear"", 'Sharing headphones to listen to music']",Are there four Theme Park Employees?,Is there a Theme Park Employee with stubble?,Is there a Theme Park Employee with buzz cut hair?,Is there a Theme Park Employee with tattoos on ankle?,Is there a Theme Park Employee wearing piercings on Ears?,Is the Theme Park Employee with stubble whispering a secret into the other's ear with the Theme Park Employee with buzz cut hair?,Is the Theme Park Employee with tattoos on ankle sharing headphones to listen to music with the Theme Park Employee wearing piercings on Ears?,
31,Four Supermarket Employees. Supermarket Employee A wears glasses. Supermarket Employee B wears Winter gloves. Supermarket Employee C has coffee cup in hand. Supermarket Employee D wears bracelet. Supermarket Employee A and Supermarket Employee B are Kneeling Before Someone with each other. Supermarket Employee C and Supermarket Employee D are Taking a Pulse with each other.,"You are creating image generation prompts and questions for a dataset.

Given the sample data below, you need to generate:

A SHORT image generation prompt

Seven questions about the image

SAMPLE DATA: Subject: Supermarket Employee Attribute 1: Eyewear: glasses Attribute 2: Gloves: Winter gloves Attribute 3: Food/Drink: Coffee cup Attribute 4: Jewelry: bracelet Interaction 1: Kneeling Before Someone Interaction 2: Taking a Pulse

INSTRUCTIONS:

Create a SHORT image generation prompt following this format:

Four [SUBJECT]s. [SUBJECT] A [verb] [ATTRIBUTE_1]. [SUBJECT] B [verb] [ATTRIBUTE_2]. [SUBJECT] C [verb] [ATTRIBUTE_3]. [SUBJECT] D [verb] [ATTRIBUTE_4]. [SUBJECT] A and [SUBJECT] B are [INTERACTION_1] with each other. [SUBJECT] C and [SUBJECT] D are [INTERACTION_2] with each other.

Use appropriate verbs (is/has/wears) based on the attribute type

For emotions: use ""is"" (e.g., ""is crying"")

For physical items/bags: use ""has [item] in hand""

For hair: use ""has [color/style] hair""

For eyewear/gloves/jewelry: use ""wears""

For tattoos: use ""has tattoos on [location]""

Keep it SHORT and DIRECT

Create SEVEN questions:

question_count: ""Are there four [SUBJECT]s?""

question_attr_1 through question_attr_4: ""Is there a [SUBJECT] [attribute description]?""

question_interaction_1: ""Is the [SUBJECT] [with attribute 1] [INTERACTION_1] with the [SUBJECT] [with attribute 2]?""

question_interaction_2: ""Is the [SUBJECT] [with attribute 3] [INTERACTION_2] with the [SUBJECT] [with attribute 4]?""

EXAMPLES:

Example 1: Subject: Police Officer Attribute 1: Eyewear: sunglasses Attribute 2: Hair Color: blonde Attribute 3: Technology: laptop Attribute 4: Negative: crying

Interaction 1: Shaking hands Interaction 2: Having conversations

OUTPUT: Prompt: Four Police Officers. Police Officer A wears sunglasses. Police Officer B has blonde hair. Police Officer C has laptop in hand. Police Officer D is crying. Police Officer A and Police Officer B are shaking hands with each other. Police Officer C and Police Officer D are having conversations with each other.

question_count: Are there four Police Officers? question_attr_1: Is there a Police Officer wearing sunglasses? question_attr_2: Is there a Police Officer with blonde hair? question_attr_3: Is there a Police Officer with laptop in hand? question_attr_4: Is there a Police Officer is crying? question_interaction_1: Is the Police Officer wearing sunglasses shaking hands with the Police Officer with blonde hair? question_interaction_2: Is the Police Officer with laptop in hand having conversations with the Police Officer is crying?

Example 2: Subject: Nurse Attribute 1: Bags: purse Attribute 2: Hair Style: curly Attribute 3: Tattoos: arm Attribute 4: Jewelry: necklace

Interaction 1: Whispering a secret into the other's ear Interaction 2: Waving to each other

OUTPUT: Prompt: Four Nurses. Nurse A has purse in hand. Nurse B has curly hair. Nurse C has tattoos on arm. Nurse D wears necklace. Nurse A and Nurse B are whispering a secret into the other's ear with each other. Nurse C and Nurse D are waving to each other.

question_count: Are there four Nurses? question_attr_1: Is there a Nurse with purse in hand? question_attr_2: Is there a Nurse with curly hair? question_attr_3: Is there a Nurse with tattoos on arm? question_attr_4: Is there a Nurse wearing necklace? question_interaction_1: Is the Nurse with purse in hand whispering a secret into the other's ear with the Nurse with curly hair? question_interaction_2: Is the Nurse with tattoos on arm waving to each other with the Nurse wearing necklace?

Now generate the output for the given sample data above. Return ONLY in this format:

Prompt: [your prompt here]

question_count: [question here] question_attr_1: [question here] question_attr_2: [question here] question_attr_3: [question here] question_attr_4: [question here] question_interaction_1: [question here] question_interaction_2: [question here]",Supermarket Employee,"[('Eyewear', 'glasses'), ('Gloves', 'Winter gloves'), ('Food/Drink', 'Coffee cup'), ('Jewelry', 'bracelet')]","['Kneeling Before Someone', 'Taking a Pulse']",Are there four Supermarket Employees?,Is there a Supermarket Employee wearing glasses?,Is there a Supermarket Employee wearing Winter gloves?,Is there a Supermarket Employee with coffee cup in hand?,Is there a Supermarket Employee wearing bracelet?,Is the Supermarket Employee wearing glasses Kneeling Before Someone with the Supermarket Employee wearing Winter gloves?,Is the Supermarket Employee with coffee cup in hand Taking a Pulse with the Supermarket Employee wearing bracelet?,
37,Four Chefs. Chef A wears latex gloves. Chef B wears an anklet. Chef C is surprised. Chef D wears glasses. Chef A and Chef B are helping someone up after they have fallen with each other. Chef C and Chef D are one person shouting while the other looks away with each other.,"You are creating image generation prompts and questions for a dataset.

Given the sample data below, you need to generate:

A SHORT image generation prompt

Seven questions about the image

SAMPLE DATA: Subject: Chef Attribute 1: Gloves: latex gloves. Attribute 2: Jewelry: anklet. Attribute 3: Neutral/Other: Surprised Attribute 4: Eyewear: glasses Interaction 1: Helping someone up after they have fallen Interaction 2: One person shouting while the other looks away

INSTRUCTIONS:

Create a SHORT image generation prompt following this format:

Four [SUBJECT]s. [SUBJECT] A [verb] [ATTRIBUTE_1]. [SUBJECT] B [verb] [ATTRIBUTE_2]. [SUBJECT] C [verb] [ATTRIBUTE_3]. [SUBJECT] D [verb] [ATTRIBUTE_4]. [SUBJECT] A and [SUBJECT] B are [INTERACTION_1] with each other. [SUBJECT] C and [SUBJECT] D are [INTERACTION_2] with each other.

Use appropriate verbs (is/has/wears) based on the attribute type

For emotions: use ""is"" (e.g., ""is crying"")

For physical items/bags: use ""has [item] in hand""

For hair: use ""has [color/style] hair""

For eyewear/gloves/jewelry: use ""wears""

For tattoos: use ""has tattoos on [location]""

Keep it SHORT and DIRECT

Create SEVEN questions:

question_count: ""Are there four [SUBJECT]s?""

question_attr_1 through question_attr_4: ""Is there a [SUBJECT] [attribute description]?""

question_interaction_1: ""Is the [SUBJECT] [with attribute 1] [INTERACTION_1] with the [SUBJECT] [with attribute 2]?""

question_interaction_2: ""Is the [SUBJECT] [with attribute 3] [INTERACTION_2] with the [SUBJECT] [with attribute 4]?""

EXAMPLES:

Example 1: Subject: Police Officer Attribute 1: Eyewear: sunglasses Attribute 2: Hair Color: blonde Attribute 3: Technology: laptop Attribute 4: Negative: crying

Interaction 1: Shaking hands Interaction 2: Having conversations

OUTPUT: Prompt: Four Police Officers. Police Officer A wears sunglasses. Police Officer B has blonde hair. Police Officer C has laptop in hand. Police Officer D is crying. Police Officer A and Police Officer B are shaking hands with each other. Police Officer C and Police Officer D are having conversations with each other.

question_count: Are there four Police Officers? question_attr_1: Is there a Police Officer wearing sunglasses? question_attr_2: Is there a Police Officer with blonde hair? question_attr_3: Is there a Police Officer with laptop in hand? question_attr_4: Is there a Police Officer is crying? question_interaction_1: Is the Police Officer wearing sunglasses shaking hands with the Police Officer with blonde hair? question_interaction_2: Is the Police Officer with laptop in hand having conversations with the Police Officer is crying?

Example 2: Subject: Nurse Attribute 1: Bags: purse Attribute 2: Hair Style: curly Attribute 3: Tattoos: arm Attribute 4: Jewelry: necklace

Interaction 1: Whispering a secret into the other's ear Interaction 2: Waving to each other

OUTPUT: Prompt: Four Nurses. Nurse A has purse in hand. Nurse B has curly hair. Nurse C has tattoos on arm. Nurse D wears necklace. Nurse A and Nurse B are whispering a secret into the other's ear with each other. Nurse C and Nurse D are waving to each other.

question_count: Are there four Nurses? question_attr_1: Is there a Nurse with purse in hand? question_attr_2: Is there a Nurse with curly hair? question_attr_3: Is there a Nurse with tattoos on arm? question_attr_4: Is there a Nurse wearing necklace? question_interaction_1: Is the Nurse with purse in hand whispering a secret into the other's ear with the Nurse with curly hair? question_interaction_2: Is the Nurse with tattoos on arm waving to each other with the Nurse wearing necklace?

Now generate the output for the given sample data above. Return ONLY in this format:

Prompt: [your prompt here]

question_count: [question here] question_attr_1: [question here] question_attr_2: [question here] question_attr_3: [question here] question_attr_4: [question here] question_interaction_1: [question here] question_interaction_2: [question here]",Chef,"[('Gloves', 'latex gloves.'), ('Jewelry', 'anklet.'), ('Neutral/Other', 'Surprised'), ('Eyewear', 'glasses')]","['Helping someone up after they have fallen', 'One person shouting while the other looks away']",Are there four Chefs?,Is there a Chef wearing latex gloves?,Is there a Chef wearing an anklet?,Is there a Chef is surprised?,Is there a Chef wearing glasses?,Is the Chef wearing latex gloves helping someone up after they have fallen with the Chef wearing an anklet?,Is the Chef is surprised one person shouting while the other looks away with the Chef wearing glasses?,
46,"Four Bouncers. Bouncer A wears latex gloves. Bouncer B wears glasses. Bouncer C is thoughtful. Bouncer D has Backpack in hand. Bouncer A and Bouncer B are arguing face-to-face, with expressive hand gestures with each other. Bouncer C and Bouncer D are one person placing a comforting hand on the other's shoulder or back with each other.","You are creating image generation prompts and questions for a dataset.

Given the sample data below, you need to generate:

A SHORT image generation prompt

Seven questions about the image

SAMPLE DATA: Subject: Bouncer Attribute 1: Gloves: latex gloves. Attribute 2: Eyewear: glasses Attribute 3: Neutral/Other: thoughtful Attribute 4: Bags: Backpack Interaction 1: Arguing face-to-face, with expressive hand gestures Interaction 2: One person placing a comforting hand on the other's shoulder or back

INSTRUCTIONS:

Create a SHORT image generation prompt following this format:

Four [SUBJECT]s. [SUBJECT] A [verb] [ATTRIBUTE_1]. [SUBJECT] B [verb] [ATTRIBUTE_2]. [SUBJECT] C [verb] [ATTRIBUTE_3]. [SUBJECT] D [verb] [ATTRIBUTE_4]. [SUBJECT] A and [SUBJECT] B are [INTERACTION_1] with each other. [SUBJECT] C and [SUBJECT] D are [INTERACTION_2] with each other.

Use appropriate verbs (is/has/wears) based on the attribute type

For emotions: use ""is"" (e.g., ""is crying"")

For physical items/bags: use ""has [item] in hand""

For hair: use ""has [color/style] hair""

For eyewear/gloves/jewelry: use ""wears""

For tattoos: use ""has tattoos on [location]""

Keep it SHORT and DIRECT

Create SEVEN questions:

question_count: ""Are there four [SUBJECT]s?""

question_attr_1 through question_attr_4: ""Is there a [SUBJECT] [attribute description]?""

question_interaction_1: ""Is the [SUBJECT] [with attribute 1] [INTERACTION_1] with the [SUBJECT] [with attribute 2]?""

question_interaction_2: ""Is the [SUBJECT] [with attribute 3] [INTERACTION_2] with the [SUBJECT] [with attribute 4]?""

EXAMPLES:

Example 1: Subject: Police Officer Attribute 1: Eyewear: sunglasses Attribute 2: Hair Color: blonde Attribute 3: Technology: laptop Attribute 4: Negative: crying

Interaction 1: Shaking hands Interaction 2: Having conversations

OUTPUT: Prompt: Four Police Officers. Police Officer A wears sunglasses. Police Officer B has blonde hair. Police Officer C has laptop in hand. Police Officer D is crying. Police Officer A and Police Officer B are shaking hands with each other. Police Officer C and Police Officer D are having conversations with each other.

question_count: Are there four Police Officers? question_attr_1: Is there a Police Officer wearing sunglasses? question_attr_2: Is there a Police Officer with blonde hair? question_attr_3: Is there a Police Officer with laptop in hand? question_attr_4: Is there a Police Officer is crying? question_interaction_1: Is the Police Officer wearing sunglasses shaking hands with the Police Officer with blonde hair? question_interaction_2: Is the Police Officer with laptop in hand having conversations with the Police Officer is crying?

Example 2: Subject: Nurse Attribute 1: Bags: purse Attribute 2: Hair Style: curly Attribute 3: Tattoos: arm Attribute 4: Jewelry: necklace

Interaction 1: Whispering a secret into the other's ear Interaction 2: Waving to each other

OUTPUT: Prompt: Four Nurses. Nurse A has purse in hand. Nurse B has curly hair. Nurse C has tattoos on arm. Nurse D wears necklace. Nurse A and Nurse B are whispering a secret into the other's ear with each other. Nurse C and Nurse D are waving to each other.

question_count: Are there four Nurses? question_attr_1: Is there a Nurse with purse in hand? question_attr_2: Is there a Nurse with curly hair? question_attr_3: Is there a Nurse with tattoos on arm? question_attr_4: Is there a Nurse wearing necklace? question_interaction_1: Is the Nurse with purse in hand whispering a secret into the other's ear with the Nurse with curly hair? question_interaction_2: Is the Nurse with tattoos on arm waving to each other with the Nurse wearing necklace?

Now generate the output for the given sample data above. Return ONLY in this format:

Prompt: [your prompt here]

question_count: [question here] question_attr_1: [question here] question_attr_2: [question here] question_attr_3: [question here] question_attr_4: [question here] question_interaction_1: [question here] question_interaction_2: [question here]",Bouncer,"[('Gloves', 'latex gloves.'), ('Eyewear', 'glasses'), ('Neutral/Other', 'thoughtful'), ('Bags', 'Backpack')]","['Arguing face-to-face, with expressive hand gestures', ""One person placing a comforting hand on the other's shoulder or back""]",Are there four Bouncers?,Is there a Bouncer wearing latex gloves?,Is there a Bouncer wearing glasses?,Is there a Bouncer is thoughtful?,Is there a Bouncer with Backpack in hand?,"Is the Bouncer wearing latex gloves arguing face-to-face, with expressive hand gestures with the Bouncer wearing glasses?",Is the Bouncer is thoughtful one person placing a comforting hand on the other's shoulder or back with the Bouncer with Backpack in hand?,
48,Four Flight Attendants. Flight Attendant A wears Winter gloves. Flight Attendant B has Coffee cup in hand. Flight Attendant C has laptop in hand. Flight Attendant D wears glasses. Flight Attendant A and Flight Attendant B are one person shouting while the other looks away with each other. Flight Attendant C and Flight Attendant D are one person pointing an accusatory finger at the other with each other.,"You are creating image generation prompts and questions for a dataset.

Given the sample data below, you need to generate:

A SHORT image generation prompt

Seven questions about the image

SAMPLE DATA: Subject: Flight Attendant Attribute 1: Gloves: Winter gloves Attribute 2: Food/Drink: Coffee cup Attribute 3: Technology: laptop Attribute 4: Eyewear: glasses Interaction 1: One person shouting while the other looks away Interaction 2: One person pointing an accusatory finger at the other

INSTRUCTIONS:

Create a SHORT image generation prompt following this format:

Four [SUBJECT]s. [SUBJECT] A [verb] [ATTRIBUTE_1]. [SUBJECT] B [verb] [ATTRIBUTE_2]. [SUBJECT] C [verb] [ATTRIBUTE_3]. [SUBJECT] D [verb] [ATTRIBUTE_4]. [SUBJECT] A and [SUBJECT] B are [INTERACTION_1] with each other. [SUBJECT] C and [SUBJECT] D are [INTERACTION_2] with each other.

Use appropriate verbs (is/has/wears) based on the attribute type

For emotions: use ""is"" (e.g., ""is crying"")

For physical items/bags: use ""has [item] in hand""

For hair: use ""has [color/style] hair""

For eyewear/gloves/jewelry: use ""wears""

For tattoos: use ""has tattoos on [location]""

Keep it SHORT and DIRECT

Create SEVEN questions:

question_count: ""Are there four [SUBJECT]s?""

question_attr_1 through question_attr_4: ""Is there a [SUBJECT] [attribute description]?""

question_interaction_1: ""Is the [SUBJECT] [with attribute 1] [INTERACTION_1] with the [SUBJECT] [with attribute 2]?""

question_interaction_2: ""Is the [SUBJECT] [with attribute 3] [INTERACTION_2] with the [SUBJECT] [with attribute 4]?""

EXAMPLES:

Example 1: Subject: Police Officer Attribute 1: Eyewear: sunglasses Attribute 2: Hair Color: blonde Attribute 3: Technology: laptop Attribute 4: Negative: crying

Interaction 1: Shaking hands Interaction 2: Having conversations

OUTPUT: Prompt: Four Police Officers. Police Officer A wears sunglasses. Police Officer B has blonde hair. Police Officer C has laptop in hand. Police Officer D is crying. Police Officer A and Police Officer B are shaking hands with each other. Police Officer C and Police Officer D are having conversations with each other.

question_count: Are there four Police Officers? question_attr_1: Is there a Police Officer wearing sunglasses? question_attr_2: Is there a Police Officer with blonde hair? question_attr_3: Is there a Police Officer with laptop in hand? question_attr_4: Is there a Police Officer is crying? question_interaction_1: Is the Police Officer wearing sunglasses shaking hands with the Police Officer with blonde hair? question_interaction_2: Is the Police Officer with laptop in hand having conversations with the Police Officer is crying?

Example 2: Subject: Nurse Attribute 1: Bags: purse Attribute 2: Hair Style: curly Attribute 3: Tattoos: arm Attribute 4: Jewelry: necklace

Interaction 1: Whispering a secret into the other's ear Interaction 2: Waving to each other

OUTPUT: Prompt: Four Nurses. Nurse A has purse in hand. Nurse B has curly hair. Nurse C has tattoos on arm. Nurse D wears necklace. Nurse A and Nurse B are whispering a secret into the other's ear with each other. Nurse C and Nurse D are waving to each other.

question_count: Are there four Nurses? question_attr_1: Is there a Nurse with purse in hand? question_attr_2: Is there a Nurse with curly hair? question_attr_3: Is there a Nurse with tattoos on arm? question_attr_4: Is there a Nurse wearing necklace? question_interaction_1: Is the Nurse with purse in hand whispering a secret into the other's ear with the Nurse with curly hair? question_interaction_2: Is the Nurse with tattoos on arm waving to each other with the Nurse wearing necklace?

Now generate the output for the given sample data above. Return ONLY in this format:

Prompt: [your prompt here]

question_count: [question here] question_attr_1: [question here] question_attr_2: [question here] question_attr_3: [question here] question_attr_4: [question here] question_interaction_1: [question here] question_interaction_2: [question here]",Flight Attendant,"[('Gloves', 'Winter gloves'), ('Food/Drink', 'Coffee cup'), ('Technology', 'laptop'), ('Eyewear', 'glasses')]","['One person shouting while the other looks away', 'One person pointing an accusatory finger at the other']",Are there four Flight Attendants?,Is there a Flight Attendant wearing Winter gloves?,Is there a Flight Attendant with Coffee cup in hand?,Is there a Flight Attendant with laptop in hand?,Is there a Flight Attendant wearing glasses?,Is the Flight Attendant wearing Winter gloves one person shouting while the other looks away with the Flight Attendant with Coffee cup in hand?,Is the Flight Attendant with laptop in hand one person pointing an accusatory finger at the other with the Flight Attendant wearing glasses?,
49,Four Paramedics. Paramedic A wears leather gloves. Paramedic B wears piercings on ears. Paramedic C is tired. Paramedic D has water bottle in hand. Paramedic A and Paramedic B are having conversations with each other. Paramedic C and Paramedic D are pouring the other a cup of tea or coffee with each other.,"You are creating image generation prompts and questions for a dataset.

Given the sample data below, you need to generate:

A SHORT image generation prompt

Seven questions about the image

SAMPLE DATA: Subject: Paramedic Attribute 1: Gloves: leather gloves Attribute 2: Piercings: Ears Attribute 3: Neutral/Other: tired Attribute 4: Food/Drink: water bottle Interaction 1: Having conversations Interaction 2: Pouring the other a cup of tea or coffee

INSTRUCTIONS:

Create a SHORT image generation prompt following this format:

Four [SUBJECT]s. [SUBJECT] A [verb] [ATTRIBUTE_1]. [SUBJECT] B [verb] [ATTRIBUTE_2]. [SUBJECT] C [verb] [ATTRIBUTE_3]. [SUBJECT] D [verb] [ATTRIBUTE_4]. [SUBJECT] A and [SUBJECT] B are [INTERACTION_1] with each other. [SUBJECT] C and [SUBJECT] D are [INTERACTION_2] with each other.

Use appropriate verbs (is/has/wears) based on the attribute type

For emotions: use ""is"" (e.g., ""is crying"")

For physical items/bags: use ""has [item] in hand""

For hair: use ""has [color/style] hair""

For eyewear/gloves/jewelry: use ""wears""

For tattoos: use ""has tattoos on [location]""

Keep it SHORT and DIRECT

Create SEVEN questions:

question_count: ""Are there four [SUBJECT]s?""

question_attr_1 through question_attr_4: ""Is there a [SUBJECT] [attribute description]?""

question_interaction_1: ""Is the [SUBJECT] [with attribute 1] [INTERACTION_1] with the [SUBJECT] [with attribute 2]?""

question_interaction_2: ""Is the [SUBJECT] [with attribute 3] [INTERACTION_2] with the [SUBJECT] [with attribute 4]?""

EXAMPLES:

Example 1: Subject: Police Officer Attribute 1: Eyewear: sunglasses Attribute 2: Hair Color: blonde Attribute 3: Technology: laptop Attribute 4: Negative: crying

Interaction 1: Shaking hands Interaction 2: Having conversations

OUTPUT: Prompt: Four Police Officers. Police Officer A wears sunglasses. Police Officer B has blonde hair. Police Officer C has laptop in hand. Police Officer D is crying. Police Officer A and Police Officer B are shaking hands with each other. Police Officer C and Police Officer D are having conversations with each other.

question_count: Are there four Police Officers? question_attr_1: Is there a Police Officer wearing sunglasses? question_attr_2: Is there a Police Officer with blonde hair? question_attr_3: Is there a Police Officer with laptop in hand? question_attr_4: Is there a Police Officer is crying? question_interaction_1: Is the Police Officer wearing sunglasses shaking hands with the Police Officer with blonde hair? question_interaction_2: Is the Police Officer with laptop in hand having conversations with the Police Officer is crying?

Example 2: Subject: Nurse Attribute 1: Bags: purse Attribute 2: Hair Style: curly Attribute 3: Tattoos: arm Attribute 4: Jewelry: necklace

Interaction 1: Whispering a secret into the other's ear Interaction 2: Waving to each other

OUTPUT: Prompt: Four Nurses. Nurse A has purse in hand. Nurse B has curly hair. Nurse C has tattoos on arm. Nurse D wears necklace. Nurse A and Nurse B are whispering a secret into the other's ear with each other. Nurse C and Nurse D are waving to each other.

question_count: Are there four Nurses? question_attr_1: Is there a Nurse with purse in hand? question_attr_2: Is there a Nurse with curly hair? question_attr_3: Is there a Nurse with tattoos on arm? question_attr_4: Is there a Nurse wearing necklace? question_interaction_1: Is the Nurse with purse in hand whispering a secret into the other's ear with the Nurse with curly hair? question_interaction_2: Is the Nurse with tattoos on arm waving to each other with the Nurse wearing necklace?

Now generate the output for the given sample data above. Return ONLY in this format:

Prompt: [your prompt here]

question_count: [question here] question_attr_1: [question here] question_attr_2: [question here] question_attr_3: [question here] question_attr_4: [question here] question_interaction_1: [question here] question_interaction_2: [question here]",Paramedic,"[('Gloves', 'leather gloves'), ('Piercings', 'Ears'), ('Neutral/Other', 'tired'), ('Food/Drink', 'water bottle')]","['Having conversations', 'Pouring the other a cup of tea or coffee']",Are there four Paramedics?,Is there a Paramedic wearing leather gloves?,Is there a Paramedic wearing piercings on ears?,Is there a Paramedic is tired?,Is there a Paramedic with water bottle in hand?,Is the Paramedic wearing leather gloves having conversations with the Paramedic wearing piercings on ears?,Is the Paramedic is tired pouring the other a cup of tea or coffee with the Paramedic with water bottle in hand?,
51,Four Nurses. Nurse A is disgusted. Nurse B has Smartphone in hand. Nurse C wears glasses. Nurse D has tattoos on neck. Nurse A and Nurse B are one person placing a comforting hand on the other's shoulder or back with each other. Nurse C and Nurse D are one person crossing their arms and glaring while the other tries to talk with each other.,"You are creating image generation prompts and questions for a dataset.

Given the sample data below, you need to generate:

A SHORT image generation prompt

Seven questions about the image

SAMPLE DATA: Subject: Nurse Attribute 1: Negative: disgusted. Attribute 2: Technology: Smartphone Attribute 3: Eyewear: glasses Attribute 4: Tattoos: neck Interaction 1: One person placing a comforting hand on the other's shoulder or back Interaction 2: One person crossing their arms and glaring while the other tries to talk

INSTRUCTIONS:

Create a SHORT image generation prompt following this format:

Four [SUBJECT]s. [SUBJECT] A [verb] [ATTRIBUTE_1]. [SUBJECT] B [verb] [ATTRIBUTE_2]. [SUBJECT] C [verb] [ATTRIBUTE_3]. [SUBJECT] D [verb] [ATTRIBUTE_4]. [SUBJECT] A and [SUBJECT] B are [INTERACTION_1] with each other. [SUBJECT] C and [SUBJECT] D are [INTERACTION_2] with each other.

Use appropriate verbs (is/has/wears) based on the attribute type

For emotions: use ""is"" (e.g., ""is crying"")

For physical items/bags: use ""has [item] in hand""

For hair: use ""has [color/style] hair""

For eyewear/gloves/jewelry: use ""wears""

For tattoos: use ""has tattoos on [location]""

Keep it SHORT and DIRECT

Create SEVEN questions:

question_count: ""Are there four [SUBJECT]s?""

question_attr_1 through question_attr_4: ""Is there a [SUBJECT] [attribute description]?""

question_interaction_1: ""Is the [SUBJECT] [with attribute 1] [INTERACTION_1] with the [SUBJECT] [with attribute 2]?""

question_interaction_2: ""Is the [SUBJECT] [with attribute 3] [INTERACTION_2] with the [SUBJECT] [with attribute 4]?""

EXAMPLES:

Example 1: Subject: Police Officer Attribute 1: Eyewear: sunglasses Attribute 2: Hair Color: blonde Attribute 3: Technology: laptop Attribute 4: Negative: crying

Interaction 1: Shaking hands Interaction 2: Having conversations

OUTPUT: Prompt: Four Police Officers. Police Officer A wears sunglasses. Police Officer B has blonde hair. Police Officer C has laptop in hand. Police Officer D is crying. Police Officer A and Police Officer B are shaking hands with each other. Police Officer C and Police Officer D are having conversations with each other.

question_count: Are there four Police Officers? question_attr_1: Is there a Police Officer wearing sunglasses? question_attr_2: Is there a Police Officer with blonde hair? question_attr_3: Is there a Police Officer with laptop in hand? question_attr_4: Is there a Police Officer is crying? question_interaction_1: Is the Police Officer wearing sunglasses shaking hands with the Police Officer with blonde hair? question_interaction_2: Is the Police Officer with laptop in hand having conversations with the Police Officer is crying?

Example 2: Subject: Nurse Attribute 1: Bags: purse Attribute 2: Hair Style: curly Attribute 3: Tattoos: arm Attribute 4: Jewelry: necklace

Interaction 1: Whispering a secret into the other's ear Interaction 2: Waving to each other

OUTPUT: Prompt: Four Nurses. Nurse A has purse in hand. Nurse B has curly hair. Nurse C has tattoos on arm. Nurse D wears necklace. Nurse A and Nurse B are whispering a secret into the other's ear with each other. Nurse C and Nurse D are waving to each other.

question_count: Are there four Nurses? question_attr_1: Is there a Nurse with purse in hand? question_attr_2: Is there a Nurse with curly hair? question_attr_3: Is there a Nurse with tattoos on arm? question_attr_4: Is there a Nurse wearing necklace? question_interaction_1: Is the Nurse with purse in hand whispering a secret into the other's ear with the Nurse with curly hair? question_interaction_2: Is the Nurse with tattoos on arm waving to each other with the Nurse wearing necklace?

Now generate the output for the given sample data above. Return ONLY in this format:

Prompt: [your prompt here]

question_count: [question here] question_attr_1: [question here] question_attr_2: [question here] question_attr_3: [question here] question_attr_4: [question here] question_interaction_1: [question here] question_interaction_2: [question here]",Nurse,"[('Negative', 'disgusted.'), ('Technology', 'Smartphone'), ('Eyewear', 'glasses'), ('Tattoos', 'neck')]","[""One person placing a comforting hand on the other's shoulder or back"", 'One person crossing their arms and glaring while the other tries to talk']",Are there four Nurses?,Is there a Nurse is disgusted?,Is there a Nurse with Smartphone in hand?,Is there a Nurse wearing glasses?,Is there a Nurse with tattoos on neck?,Is the Nurse is disgusted one person placing a comforting hand on the other's shoulder or back with the Nurse with Smartphone in hand?,Is the Nurse wearing glasses one person crossing their arms and glaring while the other tries to talk with the Nurse with tattoos on neck?,
52,Four Pharmacists. Pharmacist A has green eyes. Pharmacist B wears earrings. Pharmacist C has tattoos on ankle. Pharmacist D has laptop in hand. Pharmacist A and Pharmacist B are giving a fist bump to each other. Pharmacist C and Pharmacist D are exchanging business cards with each other.,"You are creating image generation prompts and questions for a dataset.

Given the sample data below, you need to generate:

A SHORT image generation prompt

Seven questions about the image

SAMPLE DATA: Subject: Pharmacist Attribute 1: Eyes: green Attribute 2: Jewelry: earrings Attribute 3: Tattoos: ankle Attribute 4: Technology: laptop Interaction 1: A fist bump Interaction 2: Exchanging business cards

INSTRUCTIONS:

Create a SHORT image generation prompt following this format:

Four [SUBJECT]s. [SUBJECT] A [verb] [ATTRIBUTE_1]. [SUBJECT] B [verb] [ATTRIBUTE_2]. [SUBJECT] C [verb] [ATTRIBUTE_3]. [SUBJECT] D [verb] [ATTRIBUTE_4]. [SUBJECT] A and [SUBJECT] B are [INTERACTION_1] with each other. [SUBJECT] C and [SUBJECT] D are [INTERACTION_2] with each other.

Use appropriate verbs (is/has/wears) based on the attribute type

For emotions: use ""is"" (e.g., ""is crying"")

For physical items/bags: use ""has [item] in hand""

For hair: use ""has [color/style] hair""

For eyewear/gloves/jewelry: use ""wears""

For tattoos: use ""has tattoos on [location]""

Keep it SHORT and DIRECT

Create SEVEN questions:

question_count: ""Are there four [SUBJECT]s?""

question_attr_1 through question_attr_4: ""Is there a [SUBJECT] [attribute description]?""

question_interaction_1: ""Is the [SUBJECT] [with attribute 1] [INTERACTION_1] with the [SUBJECT] [with attribute 2]?""

question_interaction_2: ""Is the [SUBJECT] [with attribute 3] [INTERACTION_2] with the [SUBJECT] [with attribute 4]?""

EXAMPLES:

Example 1: Subject: Police Officer Attribute 1: Eyewear: sunglasses Attribute 2: Hair Color: blonde Attribute 3: Technology: laptop Attribute 4: Negative: crying

Interaction 1: Shaking hands Interaction 2: Having conversations

OUTPUT: Prompt: Four Police Officers. Police Officer A wears sunglasses. Police Officer B has blonde hair. Police Officer C has laptop in hand. Police Officer D is crying. Police Officer A and Police Officer B are shaking hands with each other. Police Officer C and Police Officer D are having conversations with each other.

question_count: Are there four Police Officers? question_attr_1: Is there a Police Officer wearing sunglasses? question_attr_2: Is there a Police Officer with blonde hair? question_attr_3: Is there a Police Officer with laptop in hand? question_attr_4: Is there a Police Officer is crying? question_interaction_1: Is the Police Officer wearing sunglasses shaking hands with the Police Officer with blonde hair? question_interaction_2: Is the Police Officer with laptop in hand having conversations with the Police Officer is crying?

Example 2: Subject: Nurse Attribute 1: Bags: purse Attribute 2: Hair Style: curly Attribute 3: Tattoos: arm Attribute 4: Jewelry: necklace

Interaction 1: Whispering a secret into the other's ear Interaction 2: Waving to each other

OUTPUT: Prompt: Four Nurses. Nurse A has purse in hand. Nurse B has curly hair. Nurse C has tattoos on arm. Nurse D wears necklace. Nurse A and Nurse B are whispering a secret into the other's ear with each other. Nurse C and Nurse D are waving to each other.

question_count: Are there four Nurses? question_attr_1: Is there a Nurse with purse in hand? question_attr_2: Is there a Nurse with curly hair? question_attr_3: Is there a Nurse with tattoos on arm? question_attr_4: Is there a Nurse wearing necklace? question_interaction_1: Is the Nurse with purse in hand whispering a secret into the other's ear with the Nurse with curly hair? question_interaction_2: Is the Nurse with tattoos on arm waving to each other with the Nurse wearing necklace?

Now generate the output for the given sample data above. Return ONLY in this format:

Prompt: [your prompt here]

question_count: [question here] question_attr_1: [question here] question_attr_2: [question here] question_attr_3: [question here] question_attr_4: [question here] question_interaction_1: [question here] question_interaction_2: [question here]",Pharmacist,"[('Eyes', 'green'), ('Jewelry', 'earrings'), ('Tattoos', 'ankle'), ('Technology', 'laptop')]","['A fist bump', 'Exchanging business cards']",Are there four Pharmacists?,Is there a Pharmacist with green eyes?,Is there a Pharmacist wearing earrings?,Is there a Pharmacist with tattoos on ankle?,Is there a Pharmacist with laptop in hand?,Is the Pharmacist with green eyes giving a fist bump with the Pharmacist wearing earrings?,Is the Pharmacist with tattoos on ankle exchanging business cards with the Pharmacist with laptop in hand?,
55,Four Correctional Officers. Correctional Officer A is bored. Correctional Officer B has tattoos on ankle. Correctional Officer C has soda can in hand. Correctional Officer D is joyful. Correctional Officer A and Correctional Officer B are pouring the other a cup of tea or coffee with each other. Correctional Officer C and Correctional Officer D are having conversations with each other.,"You are creating image generation prompts and questions for a dataset.

Given the sample data below, you need to generate:

A SHORT image generation prompt

Seven questions about the image

SAMPLE DATA: Subject: Correctional Officer Attribute 1: Neutral/Other: bored Attribute 2: Tattoos: ankle Attribute 3: Food/Drink: soda can Attribute 4: Positive: joyful Interaction 1: Pouring the other a cup of tea or coffee Interaction 2: Having conversations

INSTRUCTIONS:

Create a SHORT image generation prompt following this format:

Four [SUBJECT]s. [SUBJECT] A [verb] [ATTRIBUTE_1]. [SUBJECT] B [verb] [ATTRIBUTE_2]. [SUBJECT] C [verb] [ATTRIBUTE_3]. [SUBJECT] D [verb] [ATTRIBUTE_4]. [SUBJECT] A and [SUBJECT] B are [INTERACTION_1] with each other. [SUBJECT] C and [SUBJECT] D are [INTERACTION_2] with each other.

Use appropriate verbs (is/has/wears) based on the attribute type

For emotions: use ""is"" (e.g., ""is crying"")

For physical items/bags: use ""has [item] in hand""

For hair: use ""has [color/style] hair""

For eyewear/gloves/jewelry: use ""wears""

For tattoos: use ""has tattoos on [location]""

Keep it SHORT and DIRECT

Create SEVEN questions:

question_count: ""Are there four [SUBJECT]s?""

question_attr_1 through question_attr_4: ""Is there a [SUBJECT] [attribute description]?""

question_interaction_1: ""Is the [SUBJECT] [with attribute 1] [INTERACTION_1] with the [SUBJECT] [with attribute 2]?""

question_interaction_2: ""Is the [SUBJECT] [with attribute 3] [INTERACTION_2] with the [SUBJECT] [with attribute 4]?""

EXAMPLES:

Example 1: Subject: Police Officer Attribute 1: Eyewear: sunglasses Attribute 2: Hair Color: blonde Attribute 3: Technology: laptop Attribute 4: Negative: crying

Interaction 1: Shaking hands Interaction 2: Having conversations

OUTPUT: Prompt: Four Police Officers. Police Officer A wears sunglasses. Police Officer B has blonde hair. Police Officer C has laptop in hand. Police Officer D is crying. Police Officer A and Police Officer B are shaking hands with each other. Police Officer C and Police Officer D are having conversations with each other.

question_count: Are there four Police Officers? question_attr_1: Is there a Police Officer wearing sunglasses? question_attr_2: Is there a Police Officer with blonde hair? question_attr_3: Is there a Police Officer with laptop in hand? question_attr_4: Is there a Police Officer is crying? question_interaction_1: Is the Police Officer wearing sunglasses shaking hands with the Police Officer with blonde hair? question_interaction_2: Is the Police Officer with laptop in hand having conversations with the Police Officer is crying?

Example 2: Subject: Nurse Attribute 1: Bags: purse Attribute 2: Hair Style: curly Attribute 3: Tattoos: arm Attribute 4: Jewelry: necklace

Interaction 1: Whispering a secret into the other's ear Interaction 2: Waving to each other

OUTPUT: Prompt: Four Nurses. Nurse A has purse in hand. Nurse B has curly hair. Nurse C has tattoos on arm. Nurse D wears necklace. Nurse A and Nurse B are whispering a secret into the other's ear with each other. Nurse C and Nurse D are waving to each other.

question_count: Are there four Nurses? question_attr_1: Is there a Nurse with purse in hand? question_attr_2: Is there a Nurse with curly hair? question_attr_3: Is there a Nurse with tattoos on arm? question_attr_4: Is there a Nurse wearing necklace? question_interaction_1: Is the Nurse with purse in hand whispering a secret into the other's ear with the Nurse with curly hair? question_interaction_2: Is the Nurse with tattoos on arm waving to each other with the Nurse wearing necklace?

Now generate the output for the given sample data above. Return ONLY in this format:

Prompt: [your prompt here]

question_count: [question here] question_attr_1: [question here] question_attr_2: [question here] question_attr_3: [question here] question_attr_4: [question here] question_interaction_1: [question here] question_interaction_2: [question here]",Correctional Officer,"[('Neutral/Other', 'bored'), ('Tattoos', 'ankle'), ('Food/Drink', 'soda can'), ('Positive', 'joyful')]","['Pouring the other a cup of tea or coffee', 'Having conversations']",Are there four Correctional Officers?,Is there a Correctional Officer is bored?,Is there a Correctional Officer with tattoos on ankle?,Is there a Correctional Officer with soda can in hand?,Is there a Correctional Officer is joyful?,Is the Correctional Officer is bored pouring the other a cup of tea or coffee with the Correctional Officer with tattoos on ankle?,Is the Correctional Officer with soda can in hand having conversations with the Correctional Officer is joyful?,
58,Four Plumbers. Plumber A is tired. Plumber B wears leather gloves. Plumber C has camera in hand. Plumber D has coffee cup in hand. Plumber A and Plumber B are bowing to each other. Plumber C and Plumber D are shaking hands with each other.,"You are creating image generation prompts and questions for a dataset.

Given the sample data below, you need to generate:

A SHORT image generation prompt

Seven questions about the image

SAMPLE DATA: Subject: Plumber Attribute 1: Neutral/Other: tired Attribute 2: Gloves: leather gloves Attribute 3: Technology: camera. Attribute 4: Food/Drink: Coffee cup Interaction 1: One person Bowing to other Interaction 2: Shaking hands

INSTRUCTIONS:

Create a SHORT image generation prompt following this format:

Four [SUBJECT]s. [SUBJECT] A [verb] [ATTRIBUTE_1]. [SUBJECT] B [verb] [ATTRIBUTE_2]. [SUBJECT] C [verb] [ATTRIBUTE_3]. [SUBJECT] D [verb] [ATTRIBUTE_4]. [SUBJECT] A and [SUBJECT] B are [INTERACTION_1] with each other. [SUBJECT] C and [SUBJECT] D are [INTERACTION_2] with each other.

Use appropriate verbs (is/has/wears) based on the attribute type

For emotions: use ""is"" (e.g., ""is crying"")

For physical items/bags: use ""has [item] in hand""

For hair: use ""has [color/style] hair""

For eyewear/gloves/jewelry: use ""wears""

For tattoos: use ""has tattoos on [location]""

Keep it SHORT and DIRECT

Create SEVEN questions:

question_count: ""Are there four [SUBJECT]s?""

question_attr_1 through question_attr_4: ""Is there a [SUBJECT] [attribute description]?""

question_interaction_1: ""Is the [SUBJECT] [with attribute 1] [INTERACTION_1] with the [SUBJECT] [with attribute 2]?""

question_interaction_2: ""Is the [SUBJECT] [with attribute 3] [INTERACTION_2] with the [SUBJECT] [with attribute 4]?""

EXAMPLES:

Example 1: Subject: Police Officer Attribute 1: Eyewear: sunglasses Attribute 2: Hair Color: blonde Attribute 3: Technology: laptop Attribute 4: Negative: crying

Interaction 1: Shaking hands Interaction 2: Having conversations

OUTPUT: Prompt: Four Police Officers. Police Officer A wears sunglasses. Police Officer B has blonde hair. Police Officer C has laptop in hand. Police Officer D is crying. Police Officer A and Police Officer B are shaking hands with each other. Police Officer C and Police Officer D are having conversations with each other.

question_count: Are there four Police Officers? question_attr_1: Is there a Police Officer wearing sunglasses? question_attr_2: Is there a Police Officer with blonde hair? question_attr_3: Is there a Police Officer with laptop in hand? question_attr_4: Is there a Police Officer is crying? question_interaction_1: Is the Police Officer wearing sunglasses shaking hands with the Police Officer with blonde hair? question_interaction_2: Is the Police Officer with laptop in hand having conversations with the Police Officer is crying?

Example 2: Subject: Nurse Attribute 1: Bags: purse Attribute 2: Hair Style: curly Attribute 3: Tattoos: arm Attribute 4: Jewelry: necklace

Interaction 1: Whispering a secret into the other's ear Interaction 2: Waving to each other

OUTPUT: Prompt: Four Nurses. Nurse A has purse in hand. Nurse B has curly hair. Nurse C has tattoos on arm. Nurse D wears necklace. Nurse A and Nurse B are whispering a secret into the other's ear with each other. Nurse C and Nurse D are waving to each other.

question_count: Are there four Nurses? question_attr_1: Is there a Nurse with purse in hand? question_attr_2: Is there a Nurse with curly hair? question_attr_3: Is there a Nurse with tattoos on arm? question_attr_4: Is there a Nurse wearing necklace? question_interaction_1: Is the Nurse with purse in hand whispering a secret into the other's ear with the Nurse with curly hair? question_interaction_2: Is the Nurse with tattoos on arm waving to each other with the Nurse wearing necklace?

Now generate the output for the given sample data above. Return ONLY in this format:

Prompt: [your prompt here]

question_count: [question here] question_attr_1: [question here] question_attr_2: [question here] question_attr_3: [question here] question_attr_4: [question here] question_interaction_1: [question here] question_interaction_2: [question here]",Plumber,"[('Neutral/Other', 'tired'), ('Gloves', 'leather gloves'), ('Technology', 'camera.'), ('Food/Drink', 'Coffee cup')]","['One person Bowing to other', 'Shaking hands']",Are there four Plumbers?,Is there a Plumber is tired?,Is there a Plumber wearing leather gloves?,Is there a Plumber with camera in hand?,Is there a Plumber with coffee cup in hand?,Is the Plumber is tired bowing to each other with the Plumber wearing leather gloves?,Is the Plumber with camera in hand shaking hands with the Plumber with coffee cup in hand?,
62,Four Construction Workers. Construction Worker A has a mustache. Construction Worker B is confused. Construction Worker C wears latex gloves. Construction Worker D has a suitcase in hand. Construction Worker A and Construction Worker B are one person crossing their arms and glaring while the other tries to talk with each other. Construction Worker C and Construction Worker D are shaking hands with each other.,"You are creating image generation prompts and questions for a dataset.

Given the sample data below, you need to generate:

A SHORT image generation prompt

Seven questions about the image

SAMPLE DATA: Subject: Construction Worker (often includes high-visibility safety gear) Attribute 1: Facial Hair: mustache Attribute 2: Negative: confused Attribute 3: Gloves: latex gloves. Attribute 4: Bags: suitcase Interaction 1: One person crossing their arms and glaring while the other tries to talk Interaction 2: Shaking hands

INSTRUCTIONS:

Create a SHORT image generation prompt following this format:

Four [SUBJECT]s. [SUBJECT] A [verb] [ATTRIBUTE_1]. [SUBJECT] B [verb] [ATTRIBUTE_2]. [SUBJECT] C [verb] [ATTRIBUTE_3]. [SUBJECT] D [verb] [ATTRIBUTE_4]. [SUBJECT] A and [SUBJECT] B are [INTERACTION_1] with each other. [SUBJECT] C and [SUBJECT] D are [INTERACTION_2] with each other.

Use appropriate verbs (is/has/wears) based on the attribute type

For emotions: use ""is"" (e.g., ""is crying"")

For physical items/bags: use ""has [item] in hand""

For hair: use ""has [color/style] hair""

For eyewear/gloves/jewelry: use ""wears""

For tattoos: use ""has tattoos on [location]""

Keep it SHORT and DIRECT

Create SEVEN questions:

question_count: ""Are there four [SUBJECT]s?""

question_attr_1 through question_attr_4: ""Is there a [SUBJECT] [attribute description]?""

question_interaction_1: ""Is the [SUBJECT] [with attribute 1] [INTERACTION_1] with the [SUBJECT] [with attribute 2]?""

question_interaction_2: ""Is the [SUBJECT] [with attribute 3] [INTERACTION_2] with the [SUBJECT] [with attribute 4]?""

EXAMPLES:

Example 1: Subject: Police Officer Attribute 1: Eyewear: sunglasses Attribute 2: Hair Color: blonde Attribute 3: Technology: laptop Attribute 4: Negative: crying

Interaction 1: Shaking hands Interaction 2: Having conversations

OUTPUT: Prompt: Four Police Officers. Police Officer A wears sunglasses. Police Officer B has blonde hair. Police Officer C has laptop in hand. Police Officer D is crying. Police Officer A and Police Officer B are shaking hands with each other. Police Officer C and Police Officer D are having conversations with each other.

question_count: Are there four Police Officers? question_attr_1: Is there a Police Officer wearing sunglasses? question_attr_2: Is there a Police Officer with blonde hair? question_attr_3: Is there a Police Officer with laptop in hand? question_attr_4: Is there a Police Officer is crying? question_interaction_1: Is the Police Officer wearing sunglasses shaking hands with the Police Officer with blonde hair? question_interaction_2: Is the Police Officer with laptop in hand having conversations with the Police Officer is crying?

Example 2: Subject: Nurse Attribute 1: Bags: purse Attribute 2: Hair Style: curly Attribute 3: Tattoos: arm Attribute 4: Jewelry: necklace

Interaction 1: Whispering a secret into the other's ear Interaction 2: Waving to each other

OUTPUT: Prompt: Four Nurses. Nurse A has purse in hand. Nurse B has curly hair. Nurse C has tattoos on arm. Nurse D wears necklace. Nurse A and Nurse B are whispering a secret into the other's ear with each other. Nurse C and Nurse D are waving to each other.

question_count: Are there four Nurses? question_attr_1: Is there a Nurse with purse in hand? question_attr_2: Is there a Nurse with curly hair? question_attr_3: Is there a Nurse with tattoos on arm? question_attr_4: Is there a Nurse wearing necklace? question_interaction_1: Is the Nurse with purse in hand whispering a secret into the other's ear with the Nurse with curly hair? question_interaction_2: Is the Nurse with tattoos on arm waving to each other with the Nurse wearing necklace?

Now generate the output for the given sample data above. Return ONLY in this format:

Prompt: [your prompt here]

question_count: [question here] question_attr_1: [question here] question_attr_2: [question here] question_attr_3: [question here] question_attr_4: [question here] question_interaction_1: [question here] question_interaction_2: [question here]",Construction Worker (often includes high-visibility safety gear),"[('Facial Hair', 'mustache'), ('Negative', 'confused'), ('Gloves', 'latex gloves.'), ('Bags', 'suitcase')]","['One person crossing their arms and glaring while the other tries to talk', 'Shaking hands']",Are there four Construction Workers?,Is there a Construction Worker with a mustache?,Is there a Construction Worker is confused?,Is there a Construction Worker wearing latex gloves?,Is there a Construction Worker with a suitcase in hand?,Is the Construction Worker with a mustache one person crossing their arms and glaring while the other tries to talk with the Construction Worker is confused?,Is the Construction Worker wearing latex gloves shaking hands with the Construction Worker with a suitcase in hand?,
63,Four Chefs. Chef A has tattoos on leg. Chef B is crying. Chef C has bun hair. Chef D is serious. Chef A and Chef B are exchanging business cards with each other. Chef C and Chef D are one person shouting while the other looks away with each other.,"You are creating image generation prompts and questions for a dataset.

Given the sample data below, you need to generate:

A SHORT image generation prompt

Seven questions about the image

SAMPLE DATA: Subject: Chef Attribute 1: Tattoos: leg Attribute 2: Negative: crying Attribute 3: Hair Style: bun Attribute 4: Neutral/Other: serious. Interaction 1: Exchanging business cards Interaction 2: One person shouting while the other looks away

INSTRUCTIONS:

Create a SHORT image generation prompt following this format:

Four [SUBJECT]s. [SUBJECT] A [verb] [ATTRIBUTE_1]. [SUBJECT] B [verb] [ATTRIBUTE_2]. [SUBJECT] C [verb] [ATTRIBUTE_3]. [SUBJECT] D [verb] [ATTRIBUTE_4]. [SUBJECT] A and [SUBJECT] B are [INTERACTION_1] with each other. [SUBJECT] C and [SUBJECT] D are [INTERACTION_2] with each other.

Use appropriate verbs (is/has/wears) based on the attribute type

For emotions: use ""is"" (e.g., ""is crying"")

For physical items/bags: use ""has [item] in hand""

For hair: use ""has [color/style] hair""

For eyewear/gloves/jewelry: use ""wears""

For tattoos: use ""has tattoos on [location]""

Keep it SHORT and DIRECT

Create SEVEN questions:

question_count: ""Are there four [SUBJECT]s?""

question_attr_1 through question_attr_4: ""Is there a [SUBJECT] [attribute description]?""

question_interaction_1: ""Is the [SUBJECT] [with attribute 1] [INTERACTION_1] with the [SUBJECT] [with attribute 2]?""

question_interaction_2: ""Is the [SUBJECT] [with attribute 3] [INTERACTION_2] with the [SUBJECT] [with attribute 4]?""

EXAMPLES:

Example 1: Subject: Police Officer Attribute 1: Eyewear: sunglasses Attribute 2: Hair Color: blonde Attribute 3: Technology: laptop Attribute 4: Negative: crying

Interaction 1: Shaking hands Interaction 2: Having conversations

OUTPUT: Prompt: Four Police Officers. Police Officer A wears sunglasses. Police Officer B has blonde hair. Police Officer C has laptop in hand. Police Officer D is crying. Police Officer A and Police Officer B are shaking hands with each other. Police Officer C and Police Officer D are having conversations with each other.

question_count: Are there four Police Officers? question_attr_1: Is there a Police Officer wearing sunglasses? question_attr_2: Is there a Police Officer with blonde hair? question_attr_3: Is there a Police Officer with laptop in hand? question_attr_4: Is there a Police Officer is crying? question_interaction_1: Is the Police Officer wearing sunglasses shaking hands with the Police Officer with blonde hair? question_interaction_2: Is the Police Officer with laptop in hand having conversations with the Police Officer is crying?

Example 2: Subject: Nurse Attribute 1: Bags: purse Attribute 2: Hair Style: curly Attribute 3: Tattoos: arm Attribute 4: Jewelry: necklace

Interaction 1: Whispering a secret into the other's ear Interaction 2: Waving to each other

OUTPUT: Prompt: Four Nurses. Nurse A has purse in hand. Nurse B has curly hair. Nurse C has tattoos on arm. Nurse D wears necklace. Nurse A and Nurse B are whispering a secret into the other's ear with each other. Nurse C and Nurse D are waving to each other.

question_count: Are there four Nurses? question_attr_1: Is there a Nurse with purse in hand? question_attr_2: Is there a Nurse with curly hair? question_attr_3: Is there a Nurse with tattoos on arm? question_attr_4: Is there a Nurse wearing necklace? question_interaction_1: Is the Nurse with purse in hand whispering a secret into the other's ear with the Nurse with curly hair? question_interaction_2: Is the Nurse with tattoos on arm waving to each other with the Nurse wearing necklace?

Now generate the output for the given sample data above. Return ONLY in this format:

Prompt: [your prompt here]

question_count: [question here] question_attr_1: [question here] question_attr_2: [question here] question_attr_3: [question here] question_attr_4: [question here] question_interaction_1: [question here] question_interaction_2: [question here]",Chef,"[('Tattoos', 'leg'), ('Negative', 'crying'), ('Hair Style', 'bun'), ('Neutral/Other', 'serious.')]","['Exchanging business cards', 'One person shouting while the other looks away']",Are there four Chefs?,Is there a Chef with tattoos on leg?,Is there a Chef is crying?,Is there a Chef with bun hair?,Is there a Chef is serious?,Is the Chef with tattoos on leg exchanging business cards with the Chef is crying?,Is the Chef with bun hair one person shouting while the other looks away with the Chef is serious?,
66,"Four Electricians. Electrician A has camera in hand. Electrician B has hazel eyes. Electrician C has suitcase in hand. Electrician D is scared. Electrician A and Electrician B are turning their back on the other while they are speaking with each other. Electrician C and Electrician D are arguing face-to-face, with expressive hand gestures with each other.","You are creating image generation prompts and questions for a dataset.

Given the sample data below, you need to generate:

A SHORT image generation prompt

Seven questions about the image

SAMPLE DATA: Subject: Electrician Attribute 1: Technology: camera. Attribute 2: Eyes: hazel Attribute 3: Bags: suitcase Attribute 4: Negative: scared Interaction 1: One person turning their back on the other while they are speaking Interaction 2: Arguing face-to-face, with expressive hand gestures

INSTRUCTIONS:

Create a SHORT image generation prompt following this format:

Four [SUBJECT]s. [SUBJECT] A [verb] [ATTRIBUTE_1]. [SUBJECT] B [verb] [ATTRIBUTE_2]. [SUBJECT] C [verb] [ATTRIBUTE_3]. [SUBJECT] D [verb] [ATTRIBUTE_4]. [SUBJECT] A and [SUBJECT] B are [INTERACTION_1] with each other. [SUBJECT] C and [SUBJECT] D are [INTERACTION_2] with each other.

Use appropriate verbs (is/has/wears) based on the attribute type

For emotions: use ""is"" (e.g., ""is crying"")

For physical items/bags: use ""has [item] in hand""

For hair: use ""has [color/style] hair""

For eyewear/gloves/jewelry: use ""wears""

For tattoos: use ""has tattoos on [location]""

Keep it SHORT and DIRECT

Create SEVEN questions:

question_count: ""Are there four [SUBJECT]s?""

question_attr_1 through question_attr_4: ""Is there a [SUBJECT] [attribute description]?""

question_interaction_1: ""Is the [SUBJECT] [with attribute 1] [INTERACTION_1] with the [SUBJECT] [with attribute 2]?""

question_interaction_2: ""Is the [SUBJECT] [with attribute 3] [INTERACTION_2] with the [SUBJECT] [with attribute 4]?""

EXAMPLES:

Example 1: Subject: Police Officer Attribute 1: Eyewear: sunglasses Attribute 2: Hair Color: blonde Attribute 3: Technology: laptop Attribute 4: Negative: crying

Interaction 1: Shaking hands Interaction 2: Having conversations

OUTPUT: Prompt: Four Police Officers. Police Officer A wears sunglasses. Police Officer B has blonde hair. Police Officer C has laptop in hand. Police Officer D is crying. Police Officer A and Police Officer B are shaking hands with each other. Police Officer C and Police Officer D are having conversations with each other.

question_count: Are there four Police Officers? question_attr_1: Is there a Police Officer wearing sunglasses? question_attr_2: Is there a Police Officer with blonde hair? question_attr_3: Is there a Police Officer with laptop in hand? question_attr_4: Is there a Police Officer is crying? question_interaction_1: Is the Police Officer wearing sunglasses shaking hands with the Police Officer with blonde hair? question_interaction_2: Is the Police Officer with laptop in hand having conversations with the Police Officer is crying?

Example 2: Subject: Nurse Attribute 1: Bags: purse Attribute 2: Hair Style: curly Attribute 3: Tattoos: arm Attribute 4: Jewelry: necklace

Interaction 1: Whispering a secret into the other's ear Interaction 2: Waving to each other

OUTPUT: Prompt: Four Nurses. Nurse A has purse in hand. Nurse B has curly hair. Nurse C has tattoos on arm. Nurse D wears necklace. Nurse A and Nurse B are whispering a secret into the other's ear with each other. Nurse C and Nurse D are waving to each other.

question_count: Are there four Nurses? question_attr_1: Is there a Nurse with purse in hand? question_attr_2: Is there a Nurse with curly hair? question_attr_3: Is there a Nurse with tattoos on arm? question_attr_4: Is there a Nurse wearing necklace? question_interaction_1: Is the Nurse with purse in hand whispering a secret into the other's ear with the Nurse with curly hair? question_interaction_2: Is the Nurse with tattoos on arm waving to each other with the Nurse wearing necklace?

Now generate the output for the given sample data above. Return ONLY in this format:

Prompt: [your prompt here]

question_count: [question here] question_attr_1: [question here] question_attr_2: [question here] question_attr_3: [question here] question_attr_4: [question here] question_interaction_1: [question here] question_interaction_2: [question here]",Electrician,"[('Technology', 'camera.'), ('Eyes', 'hazel'), ('Bags', 'suitcase'), ('Negative', 'scared')]","['One person turning their back on the other while they are speaking', 'Arguing face-to-face, with expressive hand gestures']",Are there four Electricians?,Is there an Electrician with camera in hand?,Is there an Electrician with hazel eyes?,Is there an Electrician with suitcase in hand?,Is there an Electrician is scared?,Is the Electrician with camera in hand turning their back on the other while they are speaking with the Electrician with hazel eyes?,"Is the Electrician with suitcase in hand arguing face-to-face, with expressive hand gestures with the Electrician is scared?",
67,"Four Plumbers. Plumber A wears headphones. Plumber B is content. Plumber C has ponytail hair. Plumber D has goatee. Plumber A and Plumber B are pointing an accusatory finger at each other. Plumber C and Plumber D are assembling something, reading instructions together with each other.","You are creating image generation prompts and questions for a dataset.

Given the sample data below, you need to generate:

A SHORT image generation prompt

Seven questions about the image

SAMPLE DATA: Subject: Plumber Attribute 1: Technology: headphones Attribute 2: Positive: content Attribute 3: Hair Style: ponytail Attribute 4: Facial Hair: goatee Interaction 1: One person pointing an accusatory finger at the other Interaction 2: Assembling something, reading instructions together

INSTRUCTIONS:

Create a SHORT image generation prompt following this format:

Four [SUBJECT]s. [SUBJECT] A [verb] [ATTRIBUTE_1]. [SUBJECT] B [verb] [ATTRIBUTE_2]. [SUBJECT] C [verb] [ATTRIBUTE_3]. [SUBJECT] D [verb] [ATTRIBUTE_4]. [SUBJECT] A and [SUBJECT] B are [INTERACTION_1] with each other. [SUBJECT] C and [SUBJECT] D are [INTERACTION_2] with each other.

Use appropriate verbs (is/has/wears) based on the attribute type

For emotions: use ""is"" (e.g., ""is crying"")

For physical items/bags: use ""has [item] in hand""

For hair: use ""has [color/style] hair""

For eyewear/gloves/jewelry: use ""wears""

For tattoos: use ""has tattoos on [location]""

Keep it SHORT and DIRECT

Create SEVEN questions:

question_count: ""Are there four [SUBJECT]s?""

question_attr_1 through question_attr_4: ""Is there a [SUBJECT] [attribute description]?""

question_interaction_1: ""Is the [SUBJECT] [with attribute 1] [INTERACTION_1] with the [SUBJECT] [with attribute 2]?""

question_interaction_2: ""Is the [SUBJECT] [with attribute 3] [INTERACTION_2] with the [SUBJECT] [with attribute 4]?""

EXAMPLES:

Example 1: Subject: Police Officer Attribute 1: Eyewear: sunglasses Attribute 2: Hair Color: blonde Attribute 3: Technology: laptop Attribute 4: Negative: crying

Interaction 1: Shaking hands Interaction 2: Having conversations

OUTPUT: Prompt: Four Police Officers. Police Officer A wears sunglasses. Police Officer B has blonde hair. Police Officer C has laptop in hand. Police Officer D is crying. Police Officer A and Police Officer B are shaking hands with each other. Police Officer C and Police Officer D are having conversations with each other.

question_count: Are there four Police Officers? question_attr_1: Is there a Police Officer wearing sunglasses? question_attr_2: Is there a Police Officer with blonde hair? question_attr_3: Is there a Police Officer with laptop in hand? question_attr_4: Is there a Police Officer is crying? question_interaction_1: Is the Police Officer wearing sunglasses shaking hands with the Police Officer with blonde hair? question_interaction_2: Is the Police Officer with laptop in hand having conversations with the Police Officer is crying?

Example 2: Subject: Nurse Attribute 1: Bags: purse Attribute 2: Hair Style: curly Attribute 3: Tattoos: arm Attribute 4: Jewelry: necklace

Interaction 1: Whispering a secret into the other's ear Interaction 2: Waving to each other

OUTPUT: Prompt: Four Nurses. Nurse A has purse in hand. Nurse B has curly hair. Nurse C has tattoos on arm. Nurse D wears necklace. Nurse A and Nurse B are whispering a secret into the other's ear with each other. Nurse C and Nurse D are waving to each other.

question_count: Are there four Nurses? question_attr_1: Is there a Nurse with purse in hand? question_attr_2: Is there a Nurse with curly hair? question_attr_3: Is there a Nurse with tattoos on arm? question_attr_4: Is there a Nurse wearing necklace? question_interaction_1: Is the Nurse with purse in hand whispering a secret into the other's ear with the Nurse with curly hair? question_interaction_2: Is the Nurse with tattoos on arm waving to each other with the Nurse wearing necklace?

Now generate the output for the given sample data above. Return ONLY in this format:

Prompt: [your prompt here]

question_count: [question here] question_attr_1: [question here] question_attr_2: [question here] question_attr_3: [question here] question_attr_4: [question here] question_interaction_1: [question here] question_interaction_2: [question here]",Plumber,"[('Technology', 'headphones'), ('Positive', 'content'), ('Hair Style', 'ponytail'), ('Facial Hair', 'goatee')]","['One person pointing an accusatory finger at the other', 'Assembling something, reading instructions together']",Are there four Plumbers?,Is there a Plumber wearing headphones?,Is there a Plumber is content?,Is there a Plumber with ponytail hair?,Is there a Plumber with goatee?,Is the Plumber wearing headphones pointing an accusatory finger at each other with the Plumber is content?,"Is the Plumber with ponytail hair assembling something, reading instructions together with the Plumber with goatee?",
68,Four Lifeguards. Lifeguard A has coffee cup in hand. Lifeguard B has red hair. Lifeguard C has tattoos on arm. Lifeguard D has straight hair. Lifeguard A and Lifeguard B are whispering a secret into the other's ear with each other. Lifeguard C and Lifeguard D are one person crossing their arms and glaring while the other tries to talk with each other.,"You are creating image generation prompts and questions for a dataset.

Given the sample data below, you need to generate:

A SHORT image generation prompt

Seven questions about the image

SAMPLE DATA: Subject: Lifeguard Attribute 1: Food/Drink: Coffee cup Attribute 2: Hair Color: red Attribute 3: Tattoos: arm Attribute 4: Hair Style: straight Interaction 1: Whispering a secret into the other's ear Interaction 2: One person crossing their arms and glaring while the other tries to talk

INSTRUCTIONS:

Create a SHORT image generation prompt following this format:

Four [SUBJECT]s. [SUBJECT] A [verb] [ATTRIBUTE_1]. [SUBJECT] B [verb] [ATTRIBUTE_2]. [SUBJECT] C [verb] [ATTRIBUTE_3]. [SUBJECT] D [verb] [ATTRIBUTE_4]. [SUBJECT] A and [SUBJECT] B are [INTERACTION_1] with each other. [SUBJECT] C and [SUBJECT] D are [INTERACTION_2] with each other.

Use appropriate verbs (is/has/wears) based on the attribute type

For emotions: use ""is"" (e.g., ""is crying"")

For physical items/bags: use ""has [item] in hand""

For hair: use ""has [color/style] hair""

For eyewear/gloves/jewelry: use ""wears""

For tattoos: use ""has tattoos on [location]""

Keep it SHORT and DIRECT

Create SEVEN questions:

question_count: ""Are there four [SUBJECT]s?""

question_attr_1 through question_attr_4: ""Is there a [SUBJECT] [attribute description]?""

question_interaction_1: ""Is the [SUBJECT] [with attribute 1] [INTERACTION_1] with the [SUBJECT] [with attribute 2]?""

question_interaction_2: ""Is the [SUBJECT] [with attribute 3] [INTERACTION_2] with the [SUBJECT] [with attribute 4]?""

EXAMPLES:

Example 1: Subject: Police Officer Attribute 1: Eyewear: sunglasses Attribute 2: Hair Color: blonde Attribute 3: Technology: laptop Attribute 4: Negative: crying

Interaction 1: Shaking hands Interaction 2: Having conversations

OUTPUT: Prompt: Four Police Officers. Police Officer A wears sunglasses. Police Officer B has blonde hair. Police Officer C has laptop in hand. Police Officer D is crying. Police Officer A and Police Officer B are shaking hands with each other. Police Officer C and Police Officer D are having conversations with each other.

question_count: Are there four Police Officers? question_attr_1: Is there a Police Officer wearing sunglasses? question_attr_2: Is there a Police Officer with blonde hair? question_attr_3: Is there a Police Officer with laptop in hand? question_attr_4: Is there a Police Officer is crying? question_interaction_1: Is the Police Officer wearing sunglasses shaking hands with the Police Officer with blonde hair? question_interaction_2: Is the Police Officer with laptop in hand having conversations with the Police Officer is crying?

Example 2: Subject: Nurse Attribute 1: Bags: purse Attribute 2: Hair Style: curly Attribute 3: Tattoos: arm Attribute 4: Jewelry: necklace

Interaction 1: Whispering a secret into the other's ear Interaction 2: Waving to each other

OUTPUT: Prompt: Four Nurses. Nurse A has purse in hand. Nurse B has curly hair. Nurse C has tattoos on arm. Nurse D wears necklace. Nurse A and Nurse B are whispering a secret into the other's ear with each other. Nurse C and Nurse D are waving to each other.

question_count: Are there four Nurses? question_attr_1: Is there a Nurse with purse in hand? question_attr_2: Is there a Nurse with curly hair? question_attr_3: Is there a Nurse with tattoos on arm? question_attr_4: Is there a Nurse wearing necklace? question_interaction_1: Is the Nurse with purse in hand whispering a secret into the other's ear with the Nurse with curly hair? question_interaction_2: Is the Nurse with tattoos on arm waving to each other with the Nurse wearing necklace?

Now generate the output for the given sample data above. Return ONLY in this format:

Prompt: [your prompt here]

question_count: [question here] question_attr_1: [question here] question_attr_2: [question here] question_attr_3: [question here] question_attr_4: [question here] question_interaction_1: [question here] question_interaction_2: [question here]",Lifeguard,"[('Food/Drink', 'Coffee cup'), ('Hair Color', 'red'), ('Tattoos', 'arm'), ('Hair Style', 'straight')]","[""Whispering a secret into the other's ear"", 'One person crossing their arms and glaring while the other tries to talk']",Are there four Lifeguards?,Is there a Lifeguard with coffee cup in hand?,Is there a Lifeguard with red hair?,Is there a Lifeguard with tattoos on arm?,Is there a Lifeguard with straight hair?,Is the Lifeguard with coffee cup in hand whispering a secret into the other's ear with the Lifeguard with red hair?,Is the Lifeguard with tattoos on arm one person crossing their arms and glaring while the other tries to talk with the Lifeguard with straight hair?,
69,Four Sailors. Sailor A wears earrings. Sailor B has dreadlocks hair. Sailor C has tattoos on leg. Sailor D wears leather gloves. Sailor A and Sailor B are shaking hands with each other. Sailor C and Sailor D are one person shouting while the other looks away with each other.,"You are creating image generation prompts and questions for a dataset.

Given the sample data below, you need to generate:

A SHORT image generation prompt

Seven questions about the image

SAMPLE DATA: Subject: Sailor (Navy) Attribute 1: Jewelry: earrings Attribute 2: Hair Style: dreadlocks Attribute 3: Tattoos: leg Attribute 4: Gloves: leather gloves Interaction 1: Shaking hands Interaction 2: One person shouting while the other looks away

INSTRUCTIONS:

Create a SHORT image generation prompt following this format:

Four [SUBJECT]s. [SUBJECT] A [verb] [ATTRIBUTE_1]. [SUBJECT] B [verb] [ATTRIBUTE_2]. [SUBJECT] C [verb] [ATTRIBUTE_3]. [SUBJECT] D [verb] [ATTRIBUTE_4]. [SUBJECT] A and [SUBJECT] B are [INTERACTION_1] with each other. [SUBJECT] C and [SUBJECT] D are [INTERACTION_2] with each other.

Use appropriate verbs (is/has/wears) based on the attribute type

For emotions: use ""is"" (e.g., ""is crying"")

For physical items/bags: use ""has [item] in hand""

For hair: use ""has [color/style] hair""

For eyewear/gloves/jewelry: use ""wears""

For tattoos: use ""has tattoos on [location]""

Keep it SHORT and DIRECT

Create SEVEN questions:

question_count: ""Are there four [SUBJECT]s?""

question_attr_1 through question_attr_4: ""Is there a [SUBJECT] [attribute description]?""

question_interaction_1: ""Is the [SUBJECT] [with attribute 1] [INTERACTION_1] with the [SUBJECT] [with attribute 2]?""

question_interaction_2: ""Is the [SUBJECT] [with attribute 3] [INTERACTION_2] with the [SUBJECT] [with attribute 4]?""

EXAMPLES:

Example 1: Subject: Police Officer Attribute 1: Eyewear: sunglasses Attribute 2: Hair Color: blonde Attribute 3: Technology: laptop Attribute 4: Negative: crying

Interaction 1: Shaking hands Interaction 2: Having conversations

OUTPUT: Prompt: Four Police Officers. Police Officer A wears sunglasses. Police Officer B has blonde hair. Police Officer C has laptop in hand. Police Officer D is crying. Police Officer A and Police Officer B are shaking hands with each other. Police Officer C and Police Officer D are having conversations with each other.

question_count: Are there four Police Officers? question_attr_1: Is there a Police Officer wearing sunglasses? question_attr_2: Is there a Police Officer with blonde hair? question_attr_3: Is there a Police Officer with laptop in hand? question_attr_4: Is there a Police Officer is crying? question_interaction_1: Is the Police Officer wearing sunglasses shaking hands with the Police Officer with blonde hair? question_interaction_2: Is the Police Officer with laptop in hand having conversations with the Police Officer is crying?

Example 2: Subject: Nurse Attribute 1: Bags: purse Attribute 2: Hair Style: curly Attribute 3: Tattoos: arm Attribute 4: Jewelry: necklace

Interaction 1: Whispering a secret into the other's ear Interaction 2: Waving to each other

OUTPUT: Prompt: Four Nurses. Nurse A has purse in hand. Nurse B has curly hair. Nurse C has tattoos on arm. Nurse D wears necklace. Nurse A and Nurse B are whispering a secret into the other's ear with each other. Nurse C and Nurse D are waving to each other.

question_count: Are there four Nurses? question_attr_1: Is there a Nurse with purse in hand? question_attr_2: Is there a Nurse with curly hair? question_attr_3: Is there a Nurse with tattoos on arm? question_attr_4: Is there a Nurse wearing necklace? question_interaction_1: Is the Nurse with purse in hand whispering a secret into the other's ear with the Nurse with curly hair? question_interaction_2: Is the Nurse with tattoos on arm waving to each other with the Nurse wearing necklace?

Now generate the output for the given sample data above. Return ONLY in this format:

Prompt: [your prompt here]

question_count: [question here] question_attr_1: [question here] question_attr_2: [question here] question_attr_3: [question here] question_attr_4: [question here] question_interaction_1: [question here] question_interaction_2: [question here]",Sailor (Navy),"[('Jewelry', 'earrings'), ('Hair Style', 'dreadlocks'), ('Tattoos', 'leg'), ('Gloves', 'leather gloves')]","['Shaking hands', 'One person shouting while the other looks away']",Are there four Sailors?,Is there a Sailor wearing earrings?,Is there a Sailor with dreadlocks hair?,Is there a Sailor with tattoos on leg?,Is there a Sailor wearing leather gloves?,Is the Sailor wearing earrings shaking hands with the Sailor with dreadlocks hair?,Is the Sailor with tattoos on leg one person shouting while the other looks away with the Sailor wearing leather gloves?,
70,Four Pharmacists. Pharmacist A is confused. Pharmacist B has bun hair. Pharmacist C has water bottle in hand. Pharmacist D is thoughtful. Pharmacist A and Pharmacist B are pointing an accusatory finger at each other. Pharmacist C and Pharmacist D are shaking hands with each other.,"You are creating image generation prompts and questions for a dataset.

Given the sample data below, you need to generate:

A SHORT image generation prompt

Seven questions about the image

SAMPLE DATA: Subject: Pharmacist Attribute 1: Negative: confused Attribute 2: Hair Style: bun Attribute 3: Food/Drink: water bottle Attribute 4: Neutral/Other: thoughtful Interaction 1: One person pointing an accusatory finger at the other Interaction 2: Shaking hands

INSTRUCTIONS:

Create a SHORT image generation prompt following this format:

Four [SUBJECT]s. [SUBJECT] A [verb] [ATTRIBUTE_1]. [SUBJECT] B [verb] [ATTRIBUTE_2]. [SUBJECT] C [verb] [ATTRIBUTE_3]. [SUBJECT] D [verb] [ATTRIBUTE_4]. [SUBJECT] A and [SUBJECT] B are [INTERACTION_1] with each other. [SUBJECT] C and [SUBJECT] D are [INTERACTION_2] with each other.

Use appropriate verbs (is/has/wears) based on the attribute type

For emotions: use ""is"" (e.g., ""is crying"")

For physical items/bags: use ""has [item] in hand""

For hair: use ""has [color/style] hair""

For eyewear/gloves/jewelry: use ""wears""

For tattoos: use ""has tattoos on [location]""

Keep it SHORT and DIRECT

Create SEVEN questions:

question_count: ""Are there four [SUBJECT]s?""

question_attr_1 through question_attr_4: ""Is there a [SUBJECT] [attribute description]?""

question_interaction_1: ""Is the [SUBJECT] [with attribute 1] [INTERACTION_1] with the [SUBJECT] [with attribute 2]?""

question_interaction_2: ""Is the [SUBJECT] [with attribute 3] [INTERACTION_2] with the [SUBJECT] [with attribute 4]?""

EXAMPLES:

Example 1: Subject: Police Officer Attribute 1: Eyewear: sunglasses Attribute 2: Hair Color: blonde Attribute 3: Technology: laptop Attribute 4: Negative: crying

Interaction 1: Shaking hands Interaction 2: Having conversations

OUTPUT: Prompt: Four Police Officers. Police Officer A wears sunglasses. Police Officer B has blonde hair. Police Officer C has laptop in hand. Police Officer D is crying. Police Officer A and Police Officer B are shaking hands with each other. Police Officer C and Police Officer D are having conversations with each other.

question_count: Are there four Police Officers? question_attr_1: Is there a Police Officer wearing sunglasses? question_attr_2: Is there a Police Officer with blonde hair? question_attr_3: Is there a Police Officer with laptop in hand? question_attr_4: Is there a Police Officer is crying? question_interaction_1: Is the Police Officer wearing sunglasses shaking hands with the Police Officer with blonde hair? question_interaction_2: Is the Police Officer with laptop in hand having conversations with the Police Officer is crying?

Example 2: Subject: Nurse Attribute 1: Bags: purse Attribute 2: Hair Style: curly Attribute 3: Tattoos: arm Attribute 4: Jewelry: necklace

Interaction 1: Whispering a secret into the other's ear Interaction 2: Waving to each other

OUTPUT: Prompt: Four Nurses. Nurse A has purse in hand. Nurse B has curly hair. Nurse C has tattoos on arm. Nurse D wears necklace. Nurse A and Nurse B are whispering a secret into the other's ear with each other. Nurse C and Nurse D are waving to each other.

question_count: Are there four Nurses? question_attr_1: Is there a Nurse with purse in hand? question_attr_2: Is there a Nurse with curly hair? question_attr_3: Is there a Nurse with tattoos on arm? question_attr_4: Is there a Nurse wearing necklace? question_interaction_1: Is the Nurse with purse in hand whispering a secret into the other's ear with the Nurse with curly hair? question_interaction_2: Is the Nurse with tattoos on arm waving to each other with the Nurse wearing necklace?

Now generate the output for the given sample data above. Return ONLY in this format:

Prompt: [your prompt here]

question_count: [question here] question_attr_1: [question here] question_attr_2: [question here] question_attr_3: [question here] question_attr_4: [question here] question_interaction_1: [question here] question_interaction_2: [question here]",Pharmacist,"[('Negative', 'confused'), ('Hair Style', 'bun'), ('Food/Drink', 'water bottle'), ('Neutral/Other', 'thoughtful')]","['One person pointing an accusatory finger at the other', 'Shaking hands']",Are there four Pharmacists?,Is there a Pharmacist is confused?,Is there a Pharmacist with bun hair?,Is there a Pharmacist with water bottle in hand?,Is there a Pharmacist is thoughtful?,Is the Pharmacist is confused pointing an accusatory finger at the Pharmacist with bun hair?,Is the Pharmacist with water bottle in hand shaking hands with the Pharmacist is thoughtful?,
73,Four Plumbers. Plumber A wears glasses. Plumber B has beard. Plumber C is happy. Plumber D is confused. Plumber A and Plumber B are exchanging business cards with each other. Plumber C and Plumber D are shaking hands with each other.,"You are creating image generation prompts and questions for a dataset.

Given the sample data below, you need to generate:

A SHORT image generation prompt

Seven questions about the image

SAMPLE DATA: Subject: Plumber Attribute 1: Eyewear: glasses Attribute 2: Facial Hair: Beard Attribute 3: Positive: Happy Attribute 4: Negative: confused Interaction 1: Exchanging business cards Interaction 2: Shaking hands

INSTRUCTIONS:

Create a SHORT image generation prompt following this format:

Four [SUBJECT]s. [SUBJECT] A [verb] [ATTRIBUTE_1]. [SUBJECT] B [verb] [ATTRIBUTE_2]. [SUBJECT] C [verb] [ATTRIBUTE_3]. [SUBJECT] D [verb] [ATTRIBUTE_4]. [SUBJECT] A and [SUBJECT] B are [INTERACTION_1] with each other. [SUBJECT] C and [SUBJECT] D are [INTERACTION_2] with each other.

Use appropriate verbs (is/has/wears) based on the attribute type

For emotions: use ""is"" (e.g., ""is crying"")

For physical items/bags: use ""has [item] in hand""

For hair: use ""has [color/style] hair""

For eyewear/gloves/jewelry: use ""wears""

For tattoos: use ""has tattoos on [location]""

Keep it SHORT and DIRECT

Create SEVEN questions:

question_count: ""Are there four [SUBJECT]s?""

question_attr_1 through question_attr_4: ""Is there a [SUBJECT] [attribute description]?""

question_interaction_1: ""Is the [SUBJECT] [with attribute 1] [INTERACTION_1] with the [SUBJECT] [with attribute 2]?""

question_interaction_2: ""Is the [SUBJECT] [with attribute 3] [INTERACTION_2] with the [SUBJECT] [with attribute 4]?""

EXAMPLES:

Example 1: Subject: Police Officer Attribute 1: Eyewear: sunglasses Attribute 2: Hair Color: blonde Attribute 3: Technology: laptop Attribute 4: Negative: crying

Interaction 1: Shaking hands Interaction 2: Having conversations

OUTPUT: Prompt: Four Police Officers. Police Officer A wears sunglasses. Police Officer B has blonde hair. Police Officer C has laptop in hand. Police Officer D is crying. Police Officer A and Police Officer B are shaking hands with each other. Police Officer C and Police Officer D are having conversations with each other.

question_count: Are there four Police Officers? question_attr_1: Is there a Police Officer wearing sunglasses? question_attr_2: Is there a Police Officer with blonde hair? question_attr_3: Is there a Police Officer with laptop in hand? question_attr_4: Is there a Police Officer is crying? question_interaction_1: Is the Police Officer wearing sunglasses shaking hands with the Police Officer with blonde hair? question_interaction_2: Is the Police Officer with laptop in hand having conversations with the Police Officer is crying?

Example 2: Subject: Nurse Attribute 1: Bags: purse Attribute 2: Hair Style: curly Attribute 3: Tattoos: arm Attribute 4: Jewelry: necklace

Interaction 1: Whispering a secret into the other's ear Interaction 2: Waving to each other

OUTPUT: Prompt: Four Nurses. Nurse A has purse in hand. Nurse B has curly hair. Nurse C has tattoos on arm. Nurse D wears necklace. Nurse A and Nurse B are whispering a secret into the other's ear with each other. Nurse C and Nurse D are waving to each other.

question_count: Are there four Nurses? question_attr_1: Is there a Nurse with purse in hand? question_attr_2: Is there a Nurse with curly hair? question_attr_3: Is there a Nurse with tattoos on arm? question_attr_4: Is there a Nurse wearing necklace? question_interaction_1: Is the Nurse with purse in hand whispering a secret into the other's ear with the Nurse with curly hair? question_interaction_2: Is the Nurse with tattoos on arm waving to each other with the Nurse wearing necklace?

Now generate the output for the given sample data above. Return ONLY in this format:

Prompt: [your prompt here]

question_count: [question here] question_attr_1: [question here] question_attr_2: [question here] question_attr_3: [question here] question_attr_4: [question here] question_interaction_1: [question here] question_interaction_2: [question here]",Plumber,"[('Eyewear', 'glasses'), ('Facial Hair', 'Beard'), ('Positive', 'Happy'), ('Negative', 'confused')]","['Exchanging business cards', 'Shaking hands']",Are there four Plumbers?,Is there a Plumber wearing glasses?,Is there a Plumber with beard?,Is there a Plumber is happy?,Is there a Plumber is confused?,Is the Plumber wearing glasses exchanging business cards with the Plumber with beard?,Is the Plumber is happy shaking hands with the Plumber is confused?,
78,Four Bartenders. Bartender A wears earrings. Bartender B wears a lip piercing. Bartender C is clean-shaven. Bartender D is laughing. Bartender A and Bartender B are pouring the other a cup of tea or coffee with each other. Bartender C and Bartender D are one person crossing their arms and glaring while the other tries to talk with each other.,"You are creating image generation prompts and questions for a dataset.

Given the sample data below, you need to generate:

A SHORT image generation prompt

Seven questions about the image

SAMPLE DATA: Subject: Bartender Attribute 1: Jewelry: earrings Attribute 2: Piercings: lip Attribute 3: Facial Hair: clean-shaven Attribute 4: Positive: laughing Interaction 1: Pouring the other a cup of tea or coffee Interaction 2: One person crossing their arms and glaring while the other tries to talk

INSTRUCTIONS:

Create a SHORT image generation prompt following this format:

Four [SUBJECT]s. [SUBJECT] A [verb] [ATTRIBUTE_1]. [SUBJECT] B [verb] [ATTRIBUTE_2]. [SUBJECT] C [verb] [ATTRIBUTE_3]. [SUBJECT] D [verb] [ATTRIBUTE_4]. [SUBJECT] A and [SUBJECT] B are [INTERACTION_1] with each other. [SUBJECT] C and [SUBJECT] D are [INTERACTION_2] with each other.

Use appropriate verbs (is/has/wears) based on the attribute type

For emotions: use ""is"" (e.g., ""is crying"")

For physical items/bags: use ""has [item] in hand""

For hair: use ""has [color/style] hair""

For eyewear/gloves/jewelry: use ""wears""

For tattoos: use ""has tattoos on [location]""

Keep it SHORT and DIRECT

Create SEVEN questions:

question_count: ""Are there four [SUBJECT]s?""

question_attr_1 through question_attr_4: ""Is there a [SUBJECT] [attribute description]?""

question_interaction_1: ""Is the [SUBJECT] [with attribute 1] [INTERACTION_1] with the [SUBJECT] [with attribute 2]?""

question_interaction_2: ""Is the [SUBJECT] [with attribute 3] [INTERACTION_2] with the [SUBJECT] [with attribute 4]?""

EXAMPLES:

Example 1: Subject: Police Officer Attribute 1: Eyewear: sunglasses Attribute 2: Hair Color: blonde Attribute 3: Technology: laptop Attribute 4: Negative: crying

Interaction 1: Shaking hands Interaction 2: Having conversations

OUTPUT: Prompt: Four Police Officers. Police Officer A wears sunglasses. Police Officer B has blonde hair. Police Officer C has laptop in hand. Police Officer D is crying. Police Officer A and Police Officer B are shaking hands with each other. Police Officer C and Police Officer D are having conversations with each other.

question_count: Are there four Police Officers? question_attr_1: Is there a Police Officer wearing sunglasses? question_attr_2: Is there a Police Officer with blonde hair? question_attr_3: Is there a Police Officer with laptop in hand? question_attr_4: Is there a Police Officer is crying? question_interaction_1: Is the Police Officer wearing sunglasses shaking hands with the Police Officer with blonde hair? question_interaction_2: Is the Police Officer with laptop in hand having conversations with the Police Officer is crying?

Example 2: Subject: Nurse Attribute 1: Bags: purse Attribute 2: Hair Style: curly Attribute 3: Tattoos: arm Attribute 4: Jewelry: necklace

Interaction 1: Whispering a secret into the other's ear Interaction 2: Waving to each other

OUTPUT: Prompt: Four Nurses. Nurse A has purse in hand. Nurse B has curly hair. Nurse C has tattoos on arm. Nurse D wears necklace. Nurse A and Nurse B are whispering a secret into the other's ear with each other. Nurse C and Nurse D are waving to each other.

question_count: Are there four Nurses? question_attr_1: Is there a Nurse with purse in hand? question_attr_2: Is there a Nurse with curly hair? question_attr_3: Is there a Nurse with tattoos on arm? question_attr_4: Is there a Nurse wearing necklace? question_interaction_1: Is the Nurse with purse in hand whispering a secret into the other's ear with the Nurse with curly hair? question_interaction_2: Is the Nurse with tattoos on arm waving to each other with the Nurse wearing necklace?

Now generate the output for the given sample data above. Return ONLY in this format:

Prompt: [your prompt here]

question_count: [question here] question_attr_1: [question here] question_attr_2: [question here] question_attr_3: [question here] question_attr_4: [question here] question_interaction_1: [question here] question_interaction_2: [question here]",Bartender,"[('Jewelry', 'earrings'), ('Piercings', 'lip'), ('Facial Hair', 'clean-shaven'), ('Positive', 'laughing')]","['Pouring the other a cup of tea or coffee', 'One person crossing their arms and glaring while the other tries to talk']",Are there four Bartenders?,Is there a Bartender wearing earrings?,Is there a Bartender wearing a lip piercing?,Is there a Bartender is clean-shaven?,Is there a Bartender is laughing?,Is the Bartender wearing earrings pouring the other a cup of tea or coffee with the Bartender wearing a lip piercing?,Is the Bartender is clean-shaven one person crossing their arms and glaring while the other tries to talk with the Bartender is laughing?,
79,"Four Security Guards. Security Guard A has apple in hand. Security Guard B wears Necklace. Security Guard C is disgusted. Security Guard D is serene. Security Guard A and Security Guard B are having conversations with each other. Security Guard C and Security Guard D are arguing face-to-face, with expressive hand gestures with each other.","You are creating image generation prompts and questions for a dataset.

Given the sample data below, you need to generate:

A SHORT image generation prompt

Seven questions about the image

SAMPLE DATA: Subject: Security Guard Attribute 1: Food/Drink: apple Attribute 2: Jewelry: Necklace Attribute 3: Negative: disgusted. Attribute 4: Positive: serene Interaction 1: Having conversations Interaction 2: Arguing face-to-face, with expressive hand gestures

INSTRUCTIONS:

Create a SHORT image generation prompt following this format:

Four [SUBJECT]s. [SUBJECT] A [verb] [ATTRIBUTE_1]. [SUBJECT] B [verb] [ATTRIBUTE_2]. [SUBJECT] C [verb] [ATTRIBUTE_3]. [SUBJECT] D [verb] [ATTRIBUTE_4]. [SUBJECT] A and [SUBJECT] B are [INTERACTION_1] with each other. [SUBJECT] C and [SUBJECT] D are [INTERACTION_2] with each other.

Use appropriate verbs (is/has/wears) based on the attribute type

For emotions: use ""is"" (e.g., ""is crying"")

For physical items/bags: use ""has [item] in hand""

For hair: use ""has [color/style] hair""

For eyewear/gloves/jewelry: use ""wears""

For tattoos: use ""has tattoos on [location]""

Keep it SHORT and DIRECT

Create SEVEN questions:

question_count: ""Are there four [SUBJECT]s?""

question_attr_1 through question_attr_4: ""Is there a [SUBJECT] [attribute description]?""

question_interaction_1: ""Is the [SUBJECT] [with attribute 1] [INTERACTION_1] with the [SUBJECT] [with attribute 2]?""

question_interaction_2: ""Is the [SUBJECT] [with attribute 3] [INTERACTION_2] with the [SUBJECT] [with attribute 4]?""

EXAMPLES:

Example 1: Subject: Police Officer Attribute 1: Eyewear: sunglasses Attribute 2: Hair Color: blonde Attribute 3: Technology: laptop Attribute 4: Negative: crying

Interaction 1: Shaking hands Interaction 2: Having conversations

OUTPUT: Prompt: Four Police Officers. Police Officer A wears sunglasses. Police Officer B has blonde hair. Police Officer C has laptop in hand. Police Officer D is crying. Police Officer A and Police Officer B are shaking hands with each other. Police Officer C and Police Officer D are having conversations with each other.

question_count: Are there four Police Officers? question_attr_1: Is there a Police Officer wearing sunglasses? question_attr_2: Is there a Police Officer with blonde hair? question_attr_3: Is there a Police Officer with laptop in hand? question_attr_4: Is there a Police Officer is crying? question_interaction_1: Is the Police Officer wearing sunglasses shaking hands with the Police Officer with blonde hair? question_interaction_2: Is the Police Officer with laptop in hand having conversations with the Police Officer is crying?

Example 2: Subject: Nurse Attribute 1: Bags: purse Attribute 2: Hair Style: curly Attribute 3: Tattoos: arm Attribute 4: Jewelry: necklace

Interaction 1: Whispering a secret into the other's ear Interaction 2: Waving to each other

OUTPUT: Prompt: Four Nurses. Nurse A has purse in hand. Nurse B has curly hair. Nurse C has tattoos on arm. Nurse D wears necklace. Nurse A and Nurse B are whispering a secret into the other's ear with each other. Nurse C and Nurse D are waving to each other.

question_count: Are there four Nurses? question_attr_1: Is there a Nurse with purse in hand? question_attr_2: Is there a Nurse with curly hair? question_attr_3: Is there a Nurse with tattoos on arm? question_attr_4: Is there a Nurse wearing necklace? question_interaction_1: Is the Nurse with purse in hand whispering a secret into the other's ear with the Nurse with curly hair? question_interaction_2: Is the Nurse with tattoos on arm waving to each other with the Nurse wearing necklace?

Now generate the output for the given sample data above. Return ONLY in this format:

Prompt: [your prompt here]

question_count: [question here] question_attr_1: [question here] question_attr_2: [question here] question_attr_3: [question here] question_attr_4: [question here] question_interaction_1: [question here] question_interaction_2: [question here]",Security Guard,"[('Food/Drink', 'apple'), ('Jewelry', 'Necklace'), ('Negative', 'disgusted.'), ('Positive', 'serene')]","['Having conversations', 'Arguing face-to-face, with expressive hand gestures']",Are there four Security Guards?,Is there a Security Guard with apple in hand?,Is there a Security Guard wearing Necklace?,Is there a Security Guard is disgusted?,Is there a Security Guard is serene?,Is the Security Guard with apple in hand having conversations with the Security Guard wearing Necklace?,"Is the Security Guard is disgusted arguing face-to-face, with expressive hand gestures with the Security Guard is serene?",
80,Four Soldiers. Soldier A wears glasses. Soldier B is clean-shaven. Soldier C has brown hair. Soldier D wears latex gloves. Soldier A and Soldier B are turning their back on the other while they are speaking with each other. Soldier C and Soldier D are looking at the same phone or tablet screen with each other.,"You are creating image generation prompts and questions for a dataset.

Given the sample data below, you need to generate:

A SHORT image generation prompt

Seven questions about the image

SAMPLE DATA: Subject: Soldier (Army) Attribute 1: Eyewear: glasses Attribute 2: Facial Hair: clean-shaven Attribute 3: Hair Color: brown Attribute 4: Gloves: latex gloves. Interaction 1: One person turning their back on the other while they are speaking Interaction 2: Looking at the same phone or tablet screen

INSTRUCTIONS:

Create a SHORT image generation prompt following this format:

Four [SUBJECT]s. [SUBJECT] A [verb] [ATTRIBUTE_1]. [SUBJECT] B [verb] [ATTRIBUTE_2]. [SUBJECT] C [verb] [ATTRIBUTE_3]. [SUBJECT] D [verb] [ATTRIBUTE_4]. [SUBJECT] A and [SUBJECT] B are [INTERACTION_1] with each other. [SUBJECT] C and [SUBJECT] D are [INTERACTION_2] with each other.

Use appropriate verbs (is/has/wears) based on the attribute type

For emotions: use ""is"" (e.g., ""is crying"")

For physical items/bags: use ""has [item] in hand""

For hair: use ""has [color/style] hair""

For eyewear/gloves/jewelry: use ""wears""

For tattoos: use ""has tattoos on [location]""

Keep it SHORT and DIRECT

Create SEVEN questions:

question_count: ""Are there four [SUBJECT]s?""

question_attr_1 through question_attr_4: ""Is there a [SUBJECT] [attribute description]?""

question_interaction_1: ""Is the [SUBJECT] [with attribute 1] [INTERACTION_1] with the [SUBJECT] [with attribute 2]?""

question_interaction_2: ""Is the [SUBJECT] [with attribute 3] [INTERACTION_2] with the [SUBJECT] [with attribute 4]?""

EXAMPLES:

Example 1: Subject: Police Officer Attribute 1: Eyewear: sunglasses Attribute 2: Hair Color: blonde Attribute 3: Technology: laptop Attribute 4: Negative: crying

Interaction 1: Shaking hands Interaction 2: Having conversations

OUTPUT: Prompt: Four Police Officers. Police Officer A wears sunglasses. Police Officer B has blonde hair. Police Officer C has laptop in hand. Police Officer D is crying. Police Officer A and Police Officer B are shaking hands with each other. Police Officer C and Police Officer D are having conversations with each other.

question_count: Are there four Police Officers? question_attr_1: Is there a Police Officer wearing sunglasses? question_attr_2: Is there a Police Officer with blonde hair? question_attr_3: Is there a Police Officer with laptop in hand? question_attr_4: Is there a Police Officer is crying? question_interaction_1: Is the Police Officer wearing sunglasses shaking hands with the Police Officer with blonde hair? question_interaction_2: Is the Police Officer with laptop in hand having conversations with the Police Officer is crying?

Example 2: Subject: Nurse Attribute 1: Bags: purse Attribute 2: Hair Style: curly Attribute 3: Tattoos: arm Attribute 4: Jewelry: necklace

Interaction 1: Whispering a secret into the other's ear Interaction 2: Waving to each other

OUTPUT: Prompt: Four Nurses. Nurse A has purse in hand. Nurse B has curly hair. Nurse C has tattoos on arm. Nurse D wears necklace. Nurse A and Nurse B are whispering a secret into the other's ear with each other. Nurse C and Nurse D are waving to each other.

question_count: Are there four Nurses? question_attr_1: Is there a Nurse with purse in hand? question_attr_2: Is there a Nurse with curly hair? question_attr_3: Is there a Nurse with tattoos on arm? question_attr_4: Is there a Nurse wearing necklace? question_interaction_1: Is the Nurse with purse in hand whispering a secret into the other's ear with the Nurse with curly hair? question_interaction_2: Is the Nurse with tattoos on arm waving to each other with the Nurse wearing necklace?

Now generate the output for the given sample data above. Return ONLY in this format:

Prompt: [your prompt here]

question_count: [question here] question_attr_1: [question here] question_attr_2: [question here] question_attr_3: [question here] question_attr_4: [question here] question_interaction_1: [question here] question_interaction_2: [question here]",Soldier (Army),"[('Eyewear', 'glasses'), ('Facial Hair', 'clean-shaven'), ('Hair Color', 'brown'), ('Gloves', 'latex gloves.')]","['One person turning their back on the other while they are speaking', 'Looking at the same phone or tablet screen']",Are there four Soldiers?,Is there a Soldier wearing glasses?,Is there a Soldier is clean-shaven?,Is there a Soldier with brown hair?,Is there a Soldier wearing latex gloves?,Is the Soldier wearing glasses turning their back on the other while they are speaking with the Soldier is clean-shaven?,Is the Soldier with brown hair looking at the same phone or tablet screen with the Soldier wearing latex gloves?,
82,Four Firefighters. Firefighter A has tattoos on ankle. Firefighter B wears earrings. Firefighter C has a lip piercing. Firefighter D wears latex gloves. Firefighter A and Firefighter B are shaking hands with each other. Firefighter C and Firefighter D are taking a pulse with each other.,"You are creating image generation prompts and questions for a dataset.

Given the sample data below, you need to generate:

A SHORT image generation prompt

Seven questions about the image

SAMPLE DATA: Subject: Firefighter Attribute 1: Tattoos: ankle Attribute 2: Jewelry: earrings Attribute 3: Piercings: lip Attribute 4: Gloves: latex gloves. Interaction 1: Shaking hands Interaction 2: Taking a Pulse

INSTRUCTIONS:

Create a SHORT image generation prompt following this format:

Four [SUBJECT]s. [SUBJECT] A [verb] [ATTRIBUTE_1]. [SUBJECT] B [verb] [ATTRIBUTE_2]. [SUBJECT] C [verb] [ATTRIBUTE_3]. [SUBJECT] D [verb] [ATTRIBUTE_4]. [SUBJECT] A and [SUBJECT] B are [INTERACTION_1] with each other. [SUBJECT] C and [SUBJECT] D are [INTERACTION_2] with each other.

Use appropriate verbs (is/has/wears) based on the attribute type

For emotions: use ""is"" (e.g., ""is crying"")

For physical items/bags: use ""has [item] in hand""

For hair: use ""has [color/style] hair""

For eyewear/gloves/jewelry: use ""wears""

For tattoos: use ""has tattoos on [location]""

Keep it SHORT and DIRECT

Create SEVEN questions:

question_count: ""Are there four [SUBJECT]s?""

question_attr_1 through question_attr_4: ""Is there a [SUBJECT] [attribute description]?""

question_interaction_1: ""Is the [SUBJECT] [with attribute 1] [INTERACTION_1] with the [SUBJECT] [with attribute 2]?""

question_interaction_2: ""Is the [SUBJECT] [with attribute 3] [INTERACTION_2] with the [SUBJECT] [with attribute 4]?""

EXAMPLES:

Example 1: Subject: Police Officer Attribute 1: Eyewear: sunglasses Attribute 2: Hair Color: blonde Attribute 3: Technology: laptop Attribute 4: Negative: crying

Interaction 1: Shaking hands Interaction 2: Having conversations

OUTPUT: Prompt: Four Police Officers. Police Officer A wears sunglasses. Police Officer B has blonde hair. Police Officer C has laptop in hand. Police Officer D is crying. Police Officer A and Police Officer B are shaking hands with each other. Police Officer C and Police Officer D are having conversations with each other.

question_count: Are there four Police Officers? question_attr_1: Is there a Police Officer wearing sunglasses? question_attr_2: Is there a Police Officer with blonde hair? question_attr_3: Is there a Police Officer with laptop in hand? question_attr_4: Is there a Police Officer is crying? question_interaction_1: Is the Police Officer wearing sunglasses shaking hands with the Police Officer with blonde hair? question_interaction_2: Is the Police Officer with laptop in hand having conversations with the Police Officer is crying?

Example 2: Subject: Nurse Attribute 1: Bags: purse Attribute 2: Hair Style: curly Attribute 3: Tattoos: arm Attribute 4: Jewelry: necklace

Interaction 1: Whispering a secret into the other's ear Interaction 2: Waving to each other

OUTPUT: Prompt: Four Nurses. Nurse A has purse in hand. Nurse B has curly hair. Nurse C has tattoos on arm. Nurse D wears necklace. Nurse A and Nurse B are whispering a secret into the other's ear with each other. Nurse C and Nurse D are waving to each other.

question_count: Are there four Nurses? question_attr_1: Is there a Nurse with purse in hand? question_attr_2: Is there a Nurse with curly hair? question_attr_3: Is there a Nurse with tattoos on arm? question_attr_4: Is there a Nurse wearing necklace? question_interaction_1: Is the Nurse with purse in hand whispering a secret into the other's ear with the Nurse with curly hair? question_interaction_2: Is the Nurse with tattoos on arm waving to each other with the Nurse wearing necklace?

Now generate the output for the given sample data above. Return ONLY in this format:

Prompt: [your prompt here]

question_count: [question here] question_attr_1: [question here] question_attr_2: [question here] question_attr_3: [question here] question_attr_4: [question here] question_interaction_1: [question here] question_interaction_2: [question here]",Firefighter,"[('Tattoos', 'ankle'), ('Jewelry', 'earrings'), ('Piercings', 'lip'), ('Gloves', 'latex gloves.')]","['Shaking hands', 'Taking a Pulse']",Are there four Firefighters?,Is there a Firefighter with tattoos on ankle?,Is there a Firefighter wearing earrings?,Is there a Firefighter with a lip piercing?,Is there a Firefighter wearing latex gloves?,Is the Firefighter with tattoos on ankle shaking hands with the Firefighter wearing earrings?,Is the Firefighter with a lip piercing taking a pulse with the Firefighter wearing latex gloves?,
86,Four Doctors. Doctor A has tattoos on leg. Doctor B is confused. Doctor C has Smartphone in hand. Doctor D wears latex gloves. Doctor A and Doctor B are shaking hands with each other. Doctor C and Doctor D are placing a comforting hand on the other's shoulder or back with each other.,"You are creating image generation prompts and questions for a dataset.

Given the sample data below, you need to generate:

A SHORT image generation prompt

Seven questions about the image

SAMPLE DATA: Subject: Doctor Attribute 1: Tattoos: leg Attribute 2: Negative: confused Attribute 3: Technology: Smartphone Attribute 4: Gloves: latex gloves. Interaction 1: Shaking hands Interaction 2: One person placing a comforting hand on the other's shoulder or back

INSTRUCTIONS:

Create a SHORT image generation prompt following this format:

Four [SUBJECT]s. [SUBJECT] A [verb] [ATTRIBUTE_1]. [SUBJECT] B [verb] [ATTRIBUTE_2]. [SUBJECT] C [verb] [ATTRIBUTE_3]. [SUBJECT] D [verb] [ATTRIBUTE_4]. [SUBJECT] A and [SUBJECT] B are [INTERACTION_1] with each other. [SUBJECT] C and [SUBJECT] D are [INTERACTION_2] with each other.

Use appropriate verbs (is/has/wears) based on the attribute type

For emotions: use ""is"" (e.g., ""is crying"")

For physical items/bags: use ""has [item] in hand""

For hair: use ""has [color/style] hair""

For eyewear/gloves/jewelry: use ""wears""

For tattoos: use ""has tattoos on [location]""

Keep it SHORT and DIRECT

Create SEVEN questions:

question_count: ""Are there four [SUBJECT]s?""

question_attr_1 through question_attr_4: ""Is there a [SUBJECT] [attribute description]?""

question_interaction_1: ""Is the [SUBJECT] [with attribute 1] [INTERACTION_1] with the [SUBJECT] [with attribute 2]?""

question_interaction_2: ""Is the [SUBJECT] [with attribute 3] [INTERACTION_2] with the [SUBJECT] [with attribute 4]?""

EXAMPLES:

Example 1: Subject: Police Officer Attribute 1: Eyewear: sunglasses Attribute 2: Hair Color: blonde Attribute 3: Technology: laptop Attribute 4: Negative: crying

Interaction 1: Shaking hands Interaction 2: Having conversations

OUTPUT: Prompt: Four Police Officers. Police Officer A wears sunglasses. Police Officer B has blonde hair. Police Officer C has laptop in hand. Police Officer D is crying. Police Officer A and Police Officer B are shaking hands with each other. Police Officer C and Police Officer D are having conversations with each other.

question_count: Are there four Police Officers? question_attr_1: Is there a Police Officer wearing sunglasses? question_attr_2: Is there a Police Officer with blonde hair? question_attr_3: Is there a Police Officer with laptop in hand? question_attr_4: Is there a Police Officer is crying? question_interaction_1: Is the Police Officer wearing sunglasses shaking hands with the Police Officer with blonde hair? question_interaction_2: Is the Police Officer with laptop in hand having conversations with the Police Officer is crying?

Example 2: Subject: Nurse Attribute 1: Bags: purse Attribute 2: Hair Style: curly Attribute 3: Tattoos: arm Attribute 4: Jewelry: necklace

Interaction 1: Whispering a secret into the other's ear Interaction 2: Waving to each other

OUTPUT: Prompt: Four Nurses. Nurse A has purse in hand. Nurse B has curly hair. Nurse C has tattoos on arm. Nurse D wears necklace. Nurse A and Nurse B are whispering a secret into the other's ear with each other. Nurse C and Nurse D are waving to each other.

question_count: Are there four Nurses? question_attr_1: Is there a Nurse with purse in hand? question_attr_2: Is there a Nurse with curly hair? question_attr_3: Is there a Nurse with tattoos on arm? question_attr_4: Is there a Nurse wearing necklace? question_interaction_1: Is the Nurse with purse in hand whispering a secret into the other's ear with the Nurse with curly hair? question_interaction_2: Is the Nurse with tattoos on arm waving to each other with the Nurse wearing necklace?

Now generate the output for the given sample data above. Return ONLY in this format:

Prompt: [your prompt here]

question_count: [question here] question_attr_1: [question here] question_attr_2: [question here] question_attr_3: [question here] question_attr_4: [question here] question_interaction_1: [question here] question_interaction_2: [question here]",Doctor,"[('Tattoos', 'leg'), ('Negative', 'confused'), ('Technology', 'Smartphone'), ('Gloves', 'latex gloves.')]","['Shaking hands', ""One person placing a comforting hand on the other's shoulder or back""]",Are there four Doctors?,Is there a Doctor with tattoos on leg?,Is there a Doctor is confused?,Is there a Doctor with Smartphone in hand?,Is there a Doctor wearing latex gloves?,Is the Doctor with tattoos on leg shaking hands with the Doctor is confused?,Is the Doctor with Smartphone in hand placing a comforting hand on the other's shoulder or back with the Doctor wearing latex gloves?,
87,Four Doctors. Doctor A has blue eyes. Doctor B has stubble. Doctor C wears latex gloves. Doctor D is crying. Doctor A and Doctor B are exchanging business cards with each other. Doctor C and Doctor D are waving to each other.,"You are creating image generation prompts and questions for a dataset.

Given the sample data below, you need to generate:

A SHORT image generation prompt

Seven questions about the image

SAMPLE DATA: Subject: Doctor Attribute 1: Eyes: Blue Attribute 2: Facial Hair: stubble Attribute 3: Gloves: latex gloves. Attribute 4: Negative: crying Interaction 1: Exchanging business cards Interaction 2: Waving to each other

INSTRUCTIONS:

Create a SHORT image generation prompt following this format:

Four [SUBJECT]s. [SUBJECT] A [verb] [ATTRIBUTE_1]. [SUBJECT] B [verb] [ATTRIBUTE_2]. [SUBJECT] C [verb] [ATTRIBUTE_3]. [SUBJECT] D [verb] [ATTRIBUTE_4]. [SUBJECT] A and [SUBJECT] B are [INTERACTION_1] with each other. [SUBJECT] C and [SUBJECT] D are [INTERACTION_2] with each other.

Use appropriate verbs (is/has/wears) based on the attribute type

For emotions: use ""is"" (e.g., ""is crying"")

For physical items/bags: use ""has [item] in hand""

For hair: use ""has [color/style] hair""

For eyewear/gloves/jewelry: use ""wears""

For tattoos: use ""has tattoos on [location]""

Keep it SHORT and DIRECT

Create SEVEN questions:

question_count: ""Are there four [SUBJECT]s?""

question_attr_1 through question_attr_4: ""Is there a [SUBJECT] [attribute description]?""

question_interaction_1: ""Is the [SUBJECT] [with attribute 1] [INTERACTION_1] with the [SUBJECT] [with attribute 2]?""

question_interaction_2: ""Is the [SUBJECT] [with attribute 3] [INTERACTION_2] with the [SUBJECT] [with attribute 4]?""

EXAMPLES:

Example 1: Subject: Police Officer Attribute 1: Eyewear: sunglasses Attribute 2: Hair Color: blonde Attribute 3: Technology: laptop Attribute 4: Negative: crying

Interaction 1: Shaking hands Interaction 2: Having conversations

OUTPUT: Prompt: Four Police Officers. Police Officer A wears sunglasses. Police Officer B has blonde hair. Police Officer C has laptop in hand. Police Officer D is crying. Police Officer A and Police Officer B are shaking hands with each other. Police Officer C and Police Officer D are having conversations with each other.

question_count: Are there four Police Officers? question_attr_1: Is there a Police Officer wearing sunglasses? question_attr_2: Is there a Police Officer with blonde hair? question_attr_3: Is there a Police Officer with laptop in hand? question_attr_4: Is there a Police Officer is crying? question_interaction_1: Is the Police Officer wearing sunglasses shaking hands with the Police Officer with blonde hair? question_interaction_2: Is the Police Officer with laptop in hand having conversations with the Police Officer is crying?

Example 2: Subject: Nurse Attribute 1: Bags: purse Attribute 2: Hair Style: curly Attribute 3: Tattoos: arm Attribute 4: Jewelry: necklace

Interaction 1: Whispering a secret into the other's ear Interaction 2: Waving to each other

OUTPUT: Prompt: Four Nurses. Nurse A has purse in hand. Nurse B has curly hair. Nurse C has tattoos on arm. Nurse D wears necklace. Nurse A and Nurse B are whispering a secret into the other's ear with each other. Nurse C and Nurse D are waving to each other.

question_count: Are there four Nurses? question_attr_1: Is there a Nurse with purse in hand? question_attr_2: Is there a Nurse with curly hair? question_attr_3: Is there a Nurse with tattoos on arm? question_attr_4: Is there a Nurse wearing necklace? question_interaction_1: Is the Nurse with purse in hand whispering a secret into the other's ear with the Nurse with curly hair? question_interaction_2: Is the Nurse with tattoos on arm waving to each other with the Nurse wearing necklace?

Now generate the output for the given sample data above. Return ONLY in this format:

Prompt: [your prompt here]

question_count: [question here] question_attr_1: [question here] question_attr_2: [question here] question_attr_3: [question here] question_attr_4: [question here] question_interaction_1: [question here] question_interaction_2: [question here]",Doctor,"[('Eyes', 'Blue'), ('Facial Hair', 'stubble'), ('Gloves', 'latex gloves.'), ('Negative', 'crying')]","['Exchanging business cards', 'Waving to each other']",Are there four Doctors?,Is there a Doctor with blue eyes?,Is there a Doctor with stubble?,Is there a Doctor wearing latex gloves?,Is there a Doctor is crying?,Is the Doctor with blue eyes exchanging business cards with the Doctor with stubble?,Is the Doctor wearing latex gloves waving to each other with the Doctor is crying?,
97,Four Surgeons. Surgeon A wears leather gloves. Surgeon B has tablet in hand. Surgeon C wears glasses. Surgeon D has bun hair. Surgeon A and Surgeon B are shouting while the other looks away with each other. Surgeon C and Surgeon D are turning their back on the other while they are speaking with each other.,"You are creating image generation prompts and questions for a dataset.

Given the sample data below, you need to generate:

A SHORT image generation prompt

Seven questions about the image

SAMPLE DATA: Subject: Surgeon Attribute 1: Gloves: leather gloves Attribute 2: Technology: tablet Attribute 3: Eyewear: glasses Attribute 4: Hair Style: bun Interaction 1: One person shouting while the other looks away Interaction 2: One person turning their back on the other while they are speaking

INSTRUCTIONS:

Create a SHORT image generation prompt following this format:

Four [SUBJECT]s. [SUBJECT] A [verb] [ATTRIBUTE_1]. [SUBJECT] B [verb] [ATTRIBUTE_2]. [SUBJECT] C [verb] [ATTRIBUTE_3]. [SUBJECT] D [verb] [ATTRIBUTE_4]. [SUBJECT] A and [SUBJECT] B are [INTERACTION_1] with each other. [SUBJECT] C and [SUBJECT] D are [INTERACTION_2] with each other.

Use appropriate verbs (is/has/wears) based on the attribute type

For emotions: use ""is"" (e.g., ""is crying"")

For physical items/bags: use ""has [item] in hand""

For hair: use ""has [color/style] hair""

For eyewear/gloves/jewelry: use ""wears""

For tattoos: use ""has tattoos on [location]""

Keep it SHORT and DIRECT

Create SEVEN questions:

question_count: ""Are there four [SUBJECT]s?""

question_attr_1 through question_attr_4: ""Is there a [SUBJECT] [attribute description]?""

question_interaction_1: ""Is the [SUBJECT] [with attribute 1] [INTERACTION_1] with the [SUBJECT] [with attribute 2]?""

question_interaction_2: ""Is the [SUBJECT] [with attribute 3] [INTERACTION_2] with the [SUBJECT] [with attribute 4]?""

EXAMPLES:

Example 1: Subject: Police Officer Attribute 1: Eyewear: sunglasses Attribute 2: Hair Color: blonde Attribute 3: Technology: laptop Attribute 4: Negative: crying

Interaction 1: Shaking hands Interaction 2: Having conversations

OUTPUT: Prompt: Four Police Officers. Police Officer A wears sunglasses. Police Officer B has blonde hair. Police Officer C has laptop in hand. Police Officer D is crying. Police Officer A and Police Officer B are shaking hands with each other. Police Officer C and Police Officer D are having conversations with each other.

question_count: Are there four Police Officers? question_attr_1: Is there a Police Officer wearing sunglasses? question_attr_2: Is there a Police Officer with blonde hair? question_attr_3: Is there a Police Officer with laptop in hand? question_attr_4: Is there a Police Officer is crying? question_interaction_1: Is the Police Officer wearing sunglasses shaking hands with the Police Officer with blonde hair? question_interaction_2: Is the Police Officer with laptop in hand having conversations with the Police Officer is crying?

Example 2: Subject: Nurse Attribute 1: Bags: purse Attribute 2: Hair Style: curly Attribute 3: Tattoos: arm Attribute 4: Jewelry: necklace

Interaction 1: Whispering a secret into the other's ear Interaction 2: Waving to each other

OUTPUT: Prompt: Four Nurses. Nurse A has purse in hand. Nurse B has curly hair. Nurse C has tattoos on arm. Nurse D wears necklace. Nurse A and Nurse B are whispering a secret into the other's ear with each other. Nurse C and Nurse D are waving to each other.

question_count: Are there four Nurses? question_attr_1: Is there a Nurse with purse in hand? question_attr_2: Is there a Nurse with curly hair? question_attr_3: Is there a Nurse with tattoos on arm? question_attr_4: Is there a Nurse wearing necklace? question_interaction_1: Is the Nurse with purse in hand whispering a secret into the other's ear with the Nurse with curly hair? question_interaction_2: Is the Nurse with tattoos on arm waving to each other with the Nurse wearing necklace?

Now generate the output for the given sample data above. Return ONLY in this format:

Prompt: [your prompt here]

question_count: [question here] question_attr_1: [question here] question_attr_2: [question here] question_attr_3: [question here] question_attr_4: [question here] question_interaction_1: [question here] question_interaction_2: [question here]",Surgeon,"[('Gloves', 'leather gloves'), ('Technology', 'tablet'), ('Eyewear', 'glasses'), ('Hair Style', 'bun')]","['One person shouting while the other looks away', 'One person turning their back on the other while they are speaking']",Are there four Surgeons?,Is there a Surgeon wearing leather gloves?,Is there a Surgeon with tablet in hand?,Is there a Surgeon wearing glasses?,Is there a Surgeon with bun hair?,Is the Surgeon wearing leather gloves shouting while the other looks away with the Surgeon with tablet in hand?,Is the Surgeon wearing glasses turning their back on the other while they are speaking with the Surgeon with bun hair?,
100,Four Pharmacists. Pharmacist A has blonde hair. Pharmacist B wears latex gloves. Pharmacist C is joyful. Pharmacist D is confused. Pharmacist A and Pharmacist B are taking a pulse with each other. Pharmacist C and Pharmacist D are one person placing a comforting hand on the other's shoulder or back with each other.,"You are creating image generation prompts and questions for a dataset.

Given the sample data below, you need to generate:

A SHORT image generation prompt

Seven questions about the image

SAMPLE DATA: Subject: Pharmacist Attribute 1: Hair Color: blonde Attribute 2: Gloves: latex gloves. Attribute 3: Positive: joyful Attribute 4: Negative: confused Interaction 1: Taking a Pulse Interaction 2: One person placing a comforting hand on the other's shoulder or back

INSTRUCTIONS:

Create a SHORT image generation prompt following this format:

Four [SUBJECT]s. [SUBJECT] A [verb] [ATTRIBUTE_1]. [SUBJECT] B [verb] [ATTRIBUTE_2]. [SUBJECT] C [verb] [ATTRIBUTE_3]. [SUBJECT] D [verb] [ATTRIBUTE_4]. [SUBJECT] A and [SUBJECT] B are [INTERACTION_1] with each other. [SUBJECT] C and [SUBJECT] D are [INTERACTION_2] with each other.

Use appropriate verbs (is/has/wears) based on the attribute type

For emotions: use ""is"" (e.g., ""is crying"")

For physical items/bags: use ""has [item] in hand""

For hair: use ""has [color/style] hair""

For eyewear/gloves/jewelry: use ""wears""

For tattoos: use ""has tattoos on [location]""

Keep it SHORT and DIRECT

Create SEVEN questions:

question_count: ""Are there four [SUBJECT]s?""

question_attr_1 through question_attr_4: ""Is there a [SUBJECT] [attribute description]?""

question_interaction_1: ""Is the [SUBJECT] [with attribute 1] [INTERACTION_1] with the [SUBJECT] [with attribute 2]?""

question_interaction_2: ""Is the [SUBJECT] [with attribute 3] [INTERACTION_2] with the [SUBJECT] [with attribute 4]?""

EXAMPLES:

Example 1: Subject: Police Officer Attribute 1: Eyewear: sunglasses Attribute 2: Hair Color: blonde Attribute 3: Technology: laptop Attribute 4: Negative: crying

Interaction 1: Shaking hands Interaction 2: Having conversations

OUTPUT: Prompt: Four Police Officers. Police Officer A wears sunglasses. Police Officer B has blonde hair. Police Officer C has laptop in hand. Police Officer D is crying. Police Officer A and Police Officer B are shaking hands with each other. Police Officer C and Police Officer D are having conversations with each other.

question_count: Are there four Police Officers? question_attr_1: Is there a Police Officer wearing sunglasses? question_attr_2: Is there a Police Officer with blonde hair? question_attr_3: Is there a Police Officer with laptop in hand? question_attr_4: Is there a Police Officer is crying? question_interaction_1: Is the Police Officer wearing sunglasses shaking hands with the Police Officer with blonde hair? question_interaction_2: Is the Police Officer with laptop in hand having conversations with the Police Officer is crying?

Example 2: Subject: Nurse Attribute 1: Bags: purse Attribute 2: Hair Style: curly Attribute 3: Tattoos: arm Attribute 4: Jewelry: necklace

Interaction 1: Whispering a secret into the other's ear Interaction 2: Waving to each other

OUTPUT: Prompt: Four Nurses. Nurse A has purse in hand. Nurse B has curly hair. Nurse C has tattoos on arm. Nurse D wears necklace. Nurse A and Nurse B are whispering a secret into the other's ear with each other. Nurse C and Nurse D are waving to each other.

question_count: Are there four Nurses? question_attr_1: Is there a Nurse with purse in hand? question_attr_2: Is there a Nurse with curly hair? question_attr_3: Is there a Nurse with tattoos on arm? question_attr_4: Is there a Nurse wearing necklace? question_interaction_1: Is the Nurse with purse in hand whispering a secret into the other's ear with the Nurse with curly hair? question_interaction_2: Is the Nurse with tattoos on arm waving to each other with the Nurse wearing necklace?

Now generate the output for the given sample data above. Return ONLY in this format:

Prompt: [your prompt here]

question_count: [question here] question_attr_1: [question here] question_attr_2: [question here] question_attr_3: [question here] question_attr_4: [question here] question_interaction_1: [question here] question_interaction_2: [question here]",Pharmacist,"[('Hair Color', 'blonde'), ('Gloves', 'latex gloves.'), ('Positive', 'joyful'), ('Negative', 'confused')]","['Taking a Pulse', ""One person placing a comforting hand on the other's shoulder or back""]",Are there four Pharmacists?,Is there a Pharmacist with blonde hair?,Is there a Pharmacist wearing latex gloves?,Is there a Pharmacist is joyful?,Is there a Pharmacist is confused?,Is the Pharmacist with blonde hair taking a pulse with the Pharmacist wearing latex gloves?,Is the Pharmacist is joyful one person placing a comforting hand on the other's shoulder or back with the Pharmacist is confused?,
101,Four State Park Rangers. State Park Ranger A has hazel eyes. State Park Ranger B has tattoos on ankle. State Park Ranger C wears sunglasses. State Park Ranger D is angry. State Park Ranger A and State Park Ranger B are helping someone up after they have fallen with each other. State Park Ranger C and State Park Ranger D are whispering a secret into the other's ear with each other.,"You are creating image generation prompts and questions for a dataset.

Given the sample data below, you need to generate:

A SHORT image generation prompt

Seven questions about the image

SAMPLE DATA: Subject: State Park Ranger Attribute 1: Eyes: hazel Attribute 2: Tattoos: ankle Attribute 3: Eyewear: sunglasses Attribute 4: Negative: angry Interaction 1: Helping someone up after they have fallen Interaction 2: Whispering a secret into the other's ear

INSTRUCTIONS:

Create a SHORT image generation prompt following this format:

Four [SUBJECT]s. [SUBJECT] A [verb] [ATTRIBUTE_1]. [SUBJECT] B [verb] [ATTRIBUTE_2]. [SUBJECT] C [verb] [ATTRIBUTE_3]. [SUBJECT] D [verb] [ATTRIBUTE_4]. [SUBJECT] A and [SUBJECT] B are [INTERACTION_1] with each other. [SUBJECT] C and [SUBJECT] D are [INTERACTION_2] with each other.

Use appropriate verbs (is/has/wears) based on the attribute type

For emotions: use ""is"" (e.g., ""is crying"")

For physical items/bags: use ""has [item] in hand""

For hair: use ""has [color/style] hair""

For eyewear/gloves/jewelry: use ""wears""

For tattoos: use ""has tattoos on [location]""

Keep it SHORT and DIRECT

Create SEVEN questions:

question_count: ""Are there four [SUBJECT]s?""

question_attr_1 through question_attr_4: ""Is there a [SUBJECT] [attribute description]?""

question_interaction_1: ""Is the [SUBJECT] [with attribute 1] [INTERACTION_1] with the [SUBJECT] [with attribute 2]?""

question_interaction_2: ""Is the [SUBJECT] [with attribute 3] [INTERACTION_2] with the [SUBJECT] [with attribute 4]?""

EXAMPLES:

Example 1: Subject: Police Officer Attribute 1: Eyewear: sunglasses Attribute 2: Hair Color: blonde Attribute 3: Technology: laptop Attribute 4: Negative: crying

Interaction 1: Shaking hands Interaction 2: Having conversations

OUTPUT: Prompt: Four Police Officers. Police Officer A wears sunglasses. Police Officer B has blonde hair. Police Officer C has laptop in hand. Police Officer D is crying. Police Officer A and Police Officer B are shaking hands with each other. Police Officer C and Police Officer D are having conversations with each other.

question_count: Are there four Police Officers? question_attr_1: Is there a Police Officer wearing sunglasses? question_attr_2: Is there a Police Officer with blonde hair? question_attr_3: Is there a Police Officer with laptop in hand? question_attr_4: Is there a Police Officer is crying? question_interaction_1: Is the Police Officer wearing sunglasses shaking hands with the Police Officer with blonde hair? question_interaction_2: Is the Police Officer with laptop in hand having conversations with the Police Officer is crying?

Example 2: Subject: Nurse Attribute 1: Bags: purse Attribute 2: Hair Style: curly Attribute 3: Tattoos: arm Attribute 4: Jewelry: necklace

Interaction 1: Whispering a secret into the other's ear Interaction 2: Waving to each other

OUTPUT: Prompt: Four Nurses. Nurse A has purse in hand. Nurse B has curly hair. Nurse C has tattoos on arm. Nurse D wears necklace. Nurse A and Nurse B are whispering a secret into the other's ear with each other. Nurse C and Nurse D are waving to each other.

question_count: Are there four Nurses? question_attr_1: Is there a Nurse with purse in hand? question_attr_2: Is there a Nurse with curly hair? question_attr_3: Is there a Nurse with tattoos on arm? question_attr_4: Is there a Nurse wearing necklace? question_interaction_1: Is the Nurse with purse in hand whispering a secret into the other's ear with the Nurse with curly hair? question_interaction_2: Is the Nurse with tattoos on arm waving to each other with the Nurse wearing necklace?

Now generate the output for the given sample data above. Return ONLY in this format:

Prompt: [your prompt here]

question_count: [question here] question_attr_1: [question here] question_attr_2: [question here] question_attr_3: [question here] question_attr_4: [question here] question_interaction_1: [question here] question_interaction_2: [question here]",State Park Ranger,"[('Eyes', 'hazel'), ('Tattoos', 'ankle'), ('Eyewear', 'sunglasses'), ('Negative', 'angry')]","['Helping someone up after they have fallen', ""Whispering a secret into the other's ear""]",Are there four State Park Rangers?,Is there a State Park Ranger with hazel eyes?,Is there a State Park Ranger with tattoos on ankle?,Is there a State Park Ranger wearing sunglasses?,Is there a State Park Ranger is angry?,Is the State Park Ranger with hazel eyes helping someone up after they have fallen with the State Park Ranger with tattoos on ankle?,Is the State Park Ranger wearing sunglasses whispering a secret into the other's ear with the State Park Ranger is angry?,
102,Four Casino Dealers. Casino Dealer A is sad. Casino Dealer B has coffee cup in hand. Casino Dealer C has hazel eyes. Casino Dealer D wears headphones. Casino Dealer A and Casino Dealer B are giving a fist bump with each other. Casino Dealer C and Casino Dealer D are whispering a secret into the other's ear with each other.,"You are creating image generation prompts and questions for a dataset.

Given the sample data below, you need to generate:

A SHORT image generation prompt

Seven questions about the image

SAMPLE DATA: Subject: Casino Dealer Attribute 1: Negative: Sad Attribute 2: Food/Drink: Coffee cup Attribute 3: Eyes: hazel Attribute 4: Technology: headphones Interaction 1: A fist bump Interaction 2: Whispering a secret into the other's ear

INSTRUCTIONS:

Create a SHORT image generation prompt following this format:

Four [SUBJECT]s. [SUBJECT] A [verb] [ATTRIBUTE_1]. [SUBJECT] B [verb] [ATTRIBUTE_2]. [SUBJECT] C [verb] [ATTRIBUTE_3]. [SUBJECT] D [verb] [ATTRIBUTE_4]. [SUBJECT] A and [SUBJECT] B are [INTERACTION_1] with each other. [SUBJECT] C and [SUBJECT] D are [INTERACTION_2] with each other.

Use appropriate verbs (is/has/wears) based on the attribute type

For emotions: use ""is"" (e.g., ""is crying"")

For physical items/bags: use ""has [item] in hand""

For hair: use ""has [color/style] hair""

For eyewear/gloves/jewelry: use ""wears""

For tattoos: use ""has tattoos on [location]""

Keep it SHORT and DIRECT

Create SEVEN questions:

question_count: ""Are there four [SUBJECT]s?""

question_attr_1 through question_attr_4: ""Is there a [SUBJECT] [attribute description]?""

question_interaction_1: ""Is the [SUBJECT] [with attribute 1] [INTERACTION_1] with the [SUBJECT] [with attribute 2]?""

question_interaction_2: ""Is the [SUBJECT] [with attribute 3] [INTERACTION_2] with the [SUBJECT] [with attribute 4]?""

EXAMPLES:

Example 1: Subject: Police Officer Attribute 1: Eyewear: sunglasses Attribute 2: Hair Color: blonde Attribute 3: Technology: laptop Attribute 4: Negative: crying

Interaction 1: Shaking hands Interaction 2: Having conversations

OUTPUT: Prompt: Four Police Officers. Police Officer A wears sunglasses. Police Officer B has blonde hair. Police Officer C has laptop in hand. Police Officer D is crying. Police Officer A and Police Officer B are shaking hands with each other. Police Officer C and Police Officer D are having conversations with each other.

question_count: Are there four Police Officers? question_attr_1: Is there a Police Officer wearing sunglasses? question_attr_2: Is there a Police Officer with blonde hair? question_attr_3: Is there a Police Officer with laptop in hand? question_attr_4: Is there a Police Officer is crying? question_interaction_1: Is the Police Officer wearing sunglasses shaking hands with the Police Officer with blonde hair? question_interaction_2: Is the Police Officer with laptop in hand having conversations with the Police Officer is crying?

Example 2: Subject: Nurse Attribute 1: Bags: purse Attribute 2: Hair Style: curly Attribute 3: Tattoos: arm Attribute 4: Jewelry: necklace

Interaction 1: Whispering a secret into the other's ear Interaction 2: Waving to each other

OUTPUT: Prompt: Four Nurses. Nurse A has purse in hand. Nurse B has curly hair. Nurse C has tattoos on arm. Nurse D wears necklace. Nurse A and Nurse B are whispering a secret into the other's ear with each other. Nurse C and Nurse D are waving to each other.

question_count: Are there four Nurses? question_attr_1: Is there a Nurse with purse in hand? question_attr_2: Is there a Nurse with curly hair? question_attr_3: Is there a Nurse with tattoos on arm? question_attr_4: Is there a Nurse wearing necklace? question_interaction_1: Is the Nurse with purse in hand whispering a secret into the other's ear with the Nurse with curly hair? question_interaction_2: Is the Nurse with tattoos on arm waving to each other with the Nurse wearing necklace?

Now generate the output for the given sample data above. Return ONLY in this format:

Prompt: [your prompt here]

question_count: [question here] question_attr_1: [question here] question_attr_2: [question here] question_attr_3: [question here] question_attr_4: [question here] question_interaction_1: [question here] question_interaction_2: [question here]",Casino Dealer,"[('Negative', 'Sad'), ('Food/Drink', 'Coffee cup'), ('Eyes', 'hazel'), ('Technology', 'headphones')]","['A fist bump', ""Whispering a secret into the other's ear""]",Are there four Casino Dealers?,Is there a Casino Dealer is sad?,Is there a Casino Dealer with coffee cup in hand?,Is there a Casino Dealer with hazel eyes?,Is there a Casino Dealer wearing headphones?,Is the Casino Dealer is sad giving a fist bump with the Casino Dealer with coffee cup in hand?,Is the Casino Dealer with hazel eyes whispering a secret into the other's ear with the Casino Dealer wearing headphones?,
104,"Four Bartenders. Bartender A wears lip piercings. Bartender B wears latex gloves. Bartender C is determined. Bartender D is disgusted. Bartender A and Bartender B are helping someone up after they have fallen with each other. Bartender C and Bartender D are arguing face-to-face, with expressive hand gestures with each other.","You are creating image generation prompts and questions for a dataset.

Given the sample data below, you need to generate:

A SHORT image generation prompt

Seven questions about the image

SAMPLE DATA: Subject: Bartender Attribute 1: Piercings: lip Attribute 2: Gloves: latex gloves. Attribute 3: Neutral/Other: determined Attribute 4: Negative: disgusted. Interaction 1: Helping someone up after they have fallen Interaction 2: Arguing face-to-face, with expressive hand gestures

INSTRUCTIONS:

Create a SHORT image generation prompt following this format:

Four [SUBJECT]s. [SUBJECT] A [verb] [ATTRIBUTE_1]. [SUBJECT] B [verb] [ATTRIBUTE_2]. [SUBJECT] C [verb] [ATTRIBUTE_3]. [SUBJECT] D [verb] [ATTRIBUTE_4]. [SUBJECT] A and [SUBJECT] B are [INTERACTION_1] with each other. [SUBJECT] C and [SUBJECT] D are [INTERACTION_2] with each other.

Use appropriate verbs (is/has/wears) based on the attribute type

For emotions: use ""is"" (e.g., ""is crying"")

For physical items/bags: use ""has [item] in hand""

For hair: use ""has [color/style] hair""

For eyewear/gloves/jewelry: use ""wears""

For tattoos: use ""has tattoos on [location]""

Keep it SHORT and DIRECT

Create SEVEN questions:

question_count: ""Are there four [SUBJECT]s?""

question_attr_1 through question_attr_4: ""Is there a [SUBJECT] [attribute description]?""

question_interaction_1: ""Is the [SUBJECT] [with attribute 1] [INTERACTION_1] with the [SUBJECT] [with attribute 2]?""

question_interaction_2: ""Is the [SUBJECT] [with attribute 3] [INTERACTION_2] with the [SUBJECT] [with attribute 4]?""

EXAMPLES:

Example 1: Subject: Police Officer Attribute 1: Eyewear: sunglasses Attribute 2: Hair Color: blonde Attribute 3: Technology: laptop Attribute 4: Negative: crying

Interaction 1: Shaking hands Interaction 2: Having conversations

OUTPUT: Prompt: Four Police Officers. Police Officer A wears sunglasses. Police Officer B has blonde hair. Police Officer C has laptop in hand. Police Officer D is crying. Police Officer A and Police Officer B are shaking hands with each other. Police Officer C and Police Officer D are having conversations with each other.

question_count: Are there four Police Officers? question_attr_1: Is there a Police Officer wearing sunglasses? question_attr_2: Is there a Police Officer with blonde hair? question_attr_3: Is there a Police Officer with laptop in hand? question_attr_4: Is there a Police Officer is crying? question_interaction_1: Is the Police Officer wearing sunglasses shaking hands with the Police Officer with blonde hair? question_interaction_2: Is the Police Officer with laptop in hand having conversations with the Police Officer is crying?

Example 2: Subject: Nurse Attribute 1: Bags: purse Attribute 2: Hair Style: curly Attribute 3: Tattoos: arm Attribute 4: Jewelry: necklace

Interaction 1: Whispering a secret into the other's ear Interaction 2: Waving to each other

OUTPUT: Prompt: Four Nurses. Nurse A has purse in hand. Nurse B has curly hair. Nurse C has tattoos on arm. Nurse D wears necklace. Nurse A and Nurse B are whispering a secret into the other's ear with each other. Nurse C and Nurse D are waving to each other.

question_count: Are there four Nurses? question_attr_1: Is there a Nurse with purse in hand? question_attr_2: Is there a Nurse with curly hair? question_attr_3: Is there a Nurse with tattoos on arm? question_attr_4: Is there a Nurse wearing necklace? question_interaction_1: Is the Nurse with purse in hand whispering a secret into the other's ear with the Nurse with curly hair? question_interaction_2: Is the Nurse with tattoos on arm waving to each other with the Nurse wearing necklace?

Now generate the output for the given sample data above. Return ONLY in this format:

Prompt: [your prompt here]

question_count: [question here] question_attr_1: [question here] question_attr_2: [question here] question_attr_3: [question here] question_attr_4: [question here] question_interaction_1: [question here] question_interaction_2: [question here]",Bartender,"[('Piercings', 'lip'), ('Gloves', 'latex gloves.'), ('Neutral/Other', 'determined'), ('Negative', 'disgusted.')]","['Helping someone up after they have fallen', 'Arguing face-to-face, with expressive hand gestures']",Are there four Bartenders?,Is there a Bartender wearing lip piercings?,Is there a Bartender wearing latex gloves?,Is there a Bartender is determined?,Is there a Bartender is disgusted?,Is the Bartender wearing lip piercings helping someone up after they have fallen with the Bartender wearing latex gloves?,"Is the Bartender is determined arguing face-to-face, with expressive hand gestures with the Bartender is disgusted?",
105,Four Firefighters. Firefighter A has straight hair. Firefighter B has Smartphone in hand. Firefighter C has tattoos on ankle. Firefighter D is excited. Firefighter A and Firefighter B are pouring the other a cup of tea or coffee with each other. Firefighter C and Firefighter D are one person turning their back on the other while they are speaking with each other.,"You are creating image generation prompts and questions for a dataset.

Given the sample data below, you need to generate:

A SHORT image generation prompt

Seven questions about the image

SAMPLE DATA: Subject: Firefighter Attribute 1: Hair Style: straight Attribute 2: Technology: Smartphone Attribute 3: Tattoos: ankle Attribute 4: Positive: excited Interaction 1: Pouring the other a cup of tea or coffee Interaction 2: One person turning their back on the other while they are speaking

INSTRUCTIONS:

Create a SHORT image generation prompt following this format:

Four [SUBJECT]s. [SUBJECT] A [verb] [ATTRIBUTE_1]. [SUBJECT] B [verb] [ATTRIBUTE_2]. [SUBJECT] C [verb] [ATTRIBUTE_3]. [SUBJECT] D [verb] [ATTRIBUTE_4]. [SUBJECT] A and [SUBJECT] B are [INTERACTION_1] with each other. [SUBJECT] C and [SUBJECT] D are [INTERACTION_2] with each other.

Use appropriate verbs (is/has/wears) based on the attribute type

For emotions: use ""is"" (e.g., ""is crying"")

For physical items/bags: use ""has [item] in hand""

For hair: use ""has [color/style] hair""

For eyewear/gloves/jewelry: use ""wears""

For tattoos: use ""has tattoos on [location]""

Keep it SHORT and DIRECT

Create SEVEN questions:

question_count: ""Are there four [SUBJECT]s?""

question_attr_1 through question_attr_4: ""Is there a [SUBJECT] [attribute description]?""

question_interaction_1: ""Is the [SUBJECT] [with attribute 1] [INTERACTION_1] with the [SUBJECT] [with attribute 2]?""

question_interaction_2: ""Is the [SUBJECT] [with attribute 3] [INTERACTION_2] with the [SUBJECT] [with attribute 4]?""

EXAMPLES:

Example 1: Subject: Police Officer Attribute 1: Eyewear: sunglasses Attribute 2: Hair Color: blonde Attribute 3: Technology: laptop Attribute 4: Negative: crying

Interaction 1: Shaking hands Interaction 2: Having conversations

OUTPUT: Prompt: Four Police Officers. Police Officer A wears sunglasses. Police Officer B has blonde hair. Police Officer C has laptop in hand. Police Officer D is crying. Police Officer A and Police Officer B are shaking hands with each other. Police Officer C and Police Officer D are having conversations with each other.

question_count: Are there four Police Officers? question_attr_1: Is there a Police Officer wearing sunglasses? question_attr_2: Is there a Police Officer with blonde hair? question_attr_3: Is there a Police Officer with laptop in hand? question_attr_4: Is there a Police Officer is crying? question_interaction_1: Is the Police Officer wearing sunglasses shaking hands with the Police Officer with blonde hair? question_interaction_2: Is the Police Officer with laptop in hand having conversations with the Police Officer is crying?

Example 2: Subject: Nurse Attribute 1: Bags: purse Attribute 2: Hair Style: curly Attribute 3: Tattoos: arm Attribute 4: Jewelry: necklace

Interaction 1: Whispering a secret into the other's ear Interaction 2: Waving to each other

OUTPUT: Prompt: Four Nurses. Nurse A has purse in hand. Nurse B has curly hair. Nurse C has tattoos on arm. Nurse D wears necklace. Nurse A and Nurse B are whispering a secret into the other's ear with each other. Nurse C and Nurse D are waving to each other.

question_count: Are there four Nurses? question_attr_1: Is there a Nurse with purse in hand? question_attr_2: Is there a Nurse with curly hair? question_attr_3: Is there a Nurse with tattoos on arm? question_attr_4: Is there a Nurse wearing necklace? question_interaction_1: Is the Nurse with purse in hand whispering a secret into the other's ear with the Nurse with curly hair? question_interaction_2: Is the Nurse with tattoos on arm waving to each other with the Nurse wearing necklace?

Now generate the output for the given sample data above. Return ONLY in this format:

Prompt: [your prompt here]

question_count: [question here] question_attr_1: [question here] question_attr_2: [question here] question_attr_3: [question here] question_attr_4: [question here] question_interaction_1: [question here] question_interaction_2: [question here]",Firefighter,"[('Hair Style', 'straight'), ('Technology', 'Smartphone'), ('Tattoos', 'ankle'), ('Positive', 'excited')]","['Pouring the other a cup of tea or coffee', 'One person turning their back on the other while they are speaking']",Are there four Firefighters?,Is there a Firefighter with straight hair?,Is there a Firefighter with Smartphone in hand?,Is there a Firefighter with tattoos on ankle?,Is there a Firefighter is excited?,Is the Firefighter with straight hair pouring the other a cup of tea or coffee with the Firefighter with Smartphone in hand?,Is the Firefighter with tattoos on ankle one person turning their back on the other while they are speaking with the Firefighter is excited?,
106,Four Marines. Marine A has fades hair. Marine B has water bottle in hand. Marine C has beard. Marine D wears sunglasses. Marine A and Marine B are doing a fist bump with each other. Marine C and Marine D are placing a comforting hand on the other's shoulder or back with each other.,"You are creating image generation prompts and questions for a dataset.

Given the sample data below, you need to generate:

A SHORT image generation prompt

Seven questions about the image

SAMPLE DATA: Subject: Marine (Marine Corps) Attribute 1: Hair Style: fades Attribute 2: Food/Drink: water bottle Attribute 3: Facial Hair: Beard Attribute 4: Eyewear: sunglasses Interaction 1: A fist bump Interaction 2: One person placing a comforting hand on the other's shoulder or back

INSTRUCTIONS:

Create a SHORT image generation prompt following this format:

Four [SUBJECT]s. [SUBJECT] A [verb] [ATTRIBUTE_1]. [SUBJECT] B [verb] [ATTRIBUTE_2]. [SUBJECT] C [verb] [ATTRIBUTE_3]. [SUBJECT] D [verb] [ATTRIBUTE_4]. [SUBJECT] A and [SUBJECT] B are [INTERACTION_1] with each other. [SUBJECT] C and [SUBJECT] D are [INTERACTION_2] with each other.

Use appropriate verbs (is/has/wears) based on the attribute type

For emotions: use ""is"" (e.g., ""is crying"")

For physical items/bags: use ""has [item] in hand""

For hair: use ""has [color/style] hair""

For eyewear/gloves/jewelry: use ""wears""

For tattoos: use ""has tattoos on [location]""

Keep it SHORT and DIRECT

Create SEVEN questions:

question_count: ""Are there four [SUBJECT]s?""

question_attr_1 through question_attr_4: ""Is there a [SUBJECT] [attribute description]?""

question_interaction_1: ""Is the [SUBJECT] [with attribute 1] [INTERACTION_1] with the [SUBJECT] [with attribute 2]?""

question_interaction_2: ""Is the [SUBJECT] [with attribute 3] [INTERACTION_2] with the [SUBJECT] [with attribute 4]?""

EXAMPLES:

Example 1: Subject: Police Officer Attribute 1: Eyewear: sunglasses Attribute 2: Hair Color: blonde Attribute 3: Technology: laptop Attribute 4: Negative: crying

Interaction 1: Shaking hands Interaction 2: Having conversations

OUTPUT: Prompt: Four Police Officers. Police Officer A wears sunglasses. Police Officer B has blonde hair. Police Officer C has laptop in hand. Police Officer D is crying. Police Officer A and Police Officer B are shaking hands with each other. Police Officer C and Police Officer D are having conversations with each other.

question_count: Are there four Police Officers? question_attr_1: Is there a Police Officer wearing sunglasses? question_attr_2: Is there a Police Officer with blonde hair? question_attr_3: Is there a Police Officer with laptop in hand? question_attr_4: Is there a Police Officer is crying? question_interaction_1: Is the Police Officer wearing sunglasses shaking hands with the Police Officer with blonde hair? question_interaction_2: Is the Police Officer with laptop in hand having conversations with the Police Officer is crying?

Example 2: Subject: Nurse Attribute 1: Bags: purse Attribute 2: Hair Style: curly Attribute 3: Tattoos: arm Attribute 4: Jewelry: necklace

Interaction 1: Whispering a secret into the other's ear Interaction 2: Waving to each other

OUTPUT: Prompt: Four Nurses. Nurse A has purse in hand. Nurse B has curly hair. Nurse C has tattoos on arm. Nurse D wears necklace. Nurse A and Nurse B are whispering a secret into the other's ear with each other. Nurse C and Nurse D are waving to each other.

question_count: Are there four Nurses? question_attr_1: Is there a Nurse with purse in hand? question_attr_2: Is there a Nurse with curly hair? question_attr_3: Is there a Nurse with tattoos on arm? question_attr_4: Is there a Nurse wearing necklace? question_interaction_1: Is the Nurse with purse in hand whispering a secret into the other's ear with the Nurse with curly hair? question_interaction_2: Is the Nurse with tattoos on arm waving to each other with the Nurse wearing necklace?

Now generate the output for the given sample data above. Return ONLY in this format:

Prompt: [your prompt here]

question_count: [question here] question_attr_1: [question here] question_attr_2: [question here] question_attr_3: [question here] question_attr_4: [question here] question_interaction_1: [question here] question_interaction_2: [question here]",Marine (Marine Corps),"[('Hair Style', 'fades'), ('Food/Drink', 'water bottle'), ('Facial Hair', 'Beard'), ('Eyewear', 'sunglasses')]","['A fist bump', ""One person placing a comforting hand on the other's shoulder or back""]",Are there four Marines?,Is there a Marine with fades hair?,Is there a Marine with water bottle in hand?,Is there a Marine with beard?,Is there a Marine wearing sunglasses?,Is the Marine with fades hair doing a fist bump with the Marine with water bottle in hand?,Is the Marine with beard placing a comforting hand on the other's shoulder or back with the Marine wearing sunglasses?,
107,Four Bartenders. Bartender A has coffee cup in hand. Bartender B has curly hair. Bartender C wears rings. Bartender D has tattoos on neck. Bartender A and Bartender B are shaking hands with each other. Bartender C and Bartender D are bowing to each other.,"You are creating image generation prompts and questions for a dataset.

Given the sample data below, you need to generate:

A SHORT image generation prompt

Seven questions about the image

SAMPLE DATA: Subject: Bartender Attribute 1: Food/Drink: Coffee cup Attribute 2: Hair Style: curly Attribute 3: Jewelry: rings Attribute 4: Tattoos: neck Interaction 1: Shaking hands Interaction 2: One person Bowing to other

INSTRUCTIONS:

Create a SHORT image generation prompt following this format:

Four [SUBJECT]s. [SUBJECT] A [verb] [ATTRIBUTE_1]. [SUBJECT] B [verb] [ATTRIBUTE_2]. [SUBJECT] C [verb] [ATTRIBUTE_3]. [SUBJECT] D [verb] [ATTRIBUTE_4]. [SUBJECT] A and [SUBJECT] B are [INTERACTION_1] with each other. [SUBJECT] C and [SUBJECT] D are [INTERACTION_2] with each other.

Use appropriate verbs (is/has/wears) based on the attribute type

For emotions: use ""is"" (e.g., ""is crying"")

For physical items/bags: use ""has [item] in hand""

For hair: use ""has [color/style] hair""

For eyewear/gloves/jewelry: use ""wears""

For tattoos: use ""has tattoos on [location]""

Keep it SHORT and DIRECT

Create SEVEN questions:

question_count: ""Are there four [SUBJECT]s?""

question_attr_1 through question_attr_4: ""Is there a [SUBJECT] [attribute description]?""

question_interaction_1: ""Is the [SUBJECT] [with attribute 1] [INTERACTION_1] with the [SUBJECT] [with attribute 2]?""

question_interaction_2: ""Is the [SUBJECT] [with attribute 3] [INTERACTION_2] with the [SUBJECT] [with attribute 4]?""

EXAMPLES:

Example 1: Subject: Police Officer Attribute 1: Eyewear: sunglasses Attribute 2: Hair Color: blonde Attribute 3: Technology: laptop Attribute 4: Negative: crying

Interaction 1: Shaking hands Interaction 2: Having conversations

OUTPUT: Prompt: Four Police Officers. Police Officer A wears sunglasses. Police Officer B has blonde hair. Police Officer C has laptop in hand. Police Officer D is crying. Police Officer A and Police Officer B are shaking hands with each other. Police Officer C and Police Officer D are having conversations with each other.

question_count: Are there four Police Officers? question_attr_1: Is there a Police Officer wearing sunglasses? question_attr_2: Is there a Police Officer with blonde hair? question_attr_3: Is there a Police Officer with laptop in hand? question_attr_4: Is there a Police Officer is crying? question_interaction_1: Is the Police Officer wearing sunglasses shaking hands with the Police Officer with blonde hair? question_interaction_2: Is the Police Officer with laptop in hand having conversations with the Police Officer is crying?

Example 2: Subject: Nurse Attribute 1: Bags: purse Attribute 2: Hair Style: curly Attribute 3: Tattoos: arm Attribute 4: Jewelry: necklace

Interaction 1: Whispering a secret into the other's ear Interaction 2: Waving to each other

OUTPUT: Prompt: Four Nurses. Nurse A has purse in hand. Nurse B has curly hair. Nurse C has tattoos on arm. Nurse D wears necklace. Nurse A and Nurse B are whispering a secret into the other's ear with each other. Nurse C and Nurse D are waving to each other.

question_count: Are there four Nurses? question_attr_1: Is there a Nurse with purse in hand? question_attr_2: Is there a Nurse with curly hair? question_attr_3: Is there a Nurse with tattoos on arm? question_attr_4: Is there a Nurse wearing necklace? question_interaction_1: Is the Nurse with purse in hand whispering a secret into the other's ear with the Nurse with curly hair? question_interaction_2: Is the Nurse with tattoos on arm waving to each other with the Nurse wearing necklace?

Now generate the output for the given sample data above. Return ONLY in this format:

Prompt: [your prompt here]

question_count: [question here] question_attr_1: [question here] question_attr_2: [question here] question_attr_3: [question here] question_attr_4: [question here] question_interaction_1: [question here] question_interaction_2: [question here]",Bartender,"[('Food/Drink', 'Coffee cup'), ('Hair Style', 'curly'), ('Jewelry', 'rings'), ('Tattoos', 'neck')]","['Shaking hands', 'One person Bowing to other']",Are there four Bartenders?,Is there a Bartender with coffee cup in hand?,Is there a Bartender with curly hair?,Is there a Bartender wearing rings?,Is there a Bartender with tattoos on neck?,Is the Bartender with coffee cup in hand shaking hands with the Bartender with curly hair?,Is the Bartender wearing rings bowing to each other with the Bartender with tattoos on neck?,
108,Four Correctional Officers. Correctional Officer A has green eyes. Correctional Officer B has red hair. Correctional Officer C has tattoos on leg. Correctional Officer D is crying. Correctional Officer A and Correctional Officer B are fist bumping with each other. Correctional Officer C and Correctional Officer D are having conversations with each other.,"You are creating image generation prompts and questions for a dataset.

Given the sample data below, you need to generate:

A SHORT image generation prompt

Seven questions about the image

SAMPLE DATA: Subject: Correctional Officer Attribute 1: Eyes: green Attribute 2: Hair Color: red Attribute 3: Tattoos: leg Attribute 4: Negative: crying Interaction 1: A fist bump Interaction 2: Having conversations

INSTRUCTIONS:

Create a SHORT image generation prompt following this format:

Four [SUBJECT]s. [SUBJECT] A [verb] [ATTRIBUTE_1]. [SUBJECT] B [verb] [ATTRIBUTE_2]. [SUBJECT] C [verb] [ATTRIBUTE_3]. [SUBJECT] D [verb] [ATTRIBUTE_4]. [SUBJECT] A and [SUBJECT] B are [INTERACTION_1] with each other. [SUBJECT] C and [SUBJECT] D are [INTERACTION_2] with each other.

Use appropriate verbs (is/has/wears) based on the attribute type

For emotions: use ""is"" (e.g., ""is crying"")

For physical items/bags: use ""has [item] in hand""

For hair: use ""has [color/style] hair""

For eyewear/gloves/jewelry: use ""wears""

For tattoos: use ""has tattoos on [location]""

Keep it SHORT and DIRECT

Create SEVEN questions:

question_count: ""Are there four [SUBJECT]s?""

question_attr_1 through question_attr_4: ""Is there a [SUBJECT] [attribute description]?""

question_interaction_1: ""Is the [SUBJECT] [with attribute 1] [INTERACTION_1] with the [SUBJECT] [with attribute 2]?""

question_interaction_2: ""Is the [SUBJECT] [with attribute 3] [INTERACTION_2] with the [SUBJECT] [with attribute 4]?""

EXAMPLES:

Example 1: Subject: Police Officer Attribute 1: Eyewear: sunglasses Attribute 2: Hair Color: blonde Attribute 3: Technology: laptop Attribute 4: Negative: crying

Interaction 1: Shaking hands Interaction 2: Having conversations

OUTPUT: Prompt: Four Police Officers. Police Officer A wears sunglasses. Police Officer B has blonde hair. Police Officer C has laptop in hand. Police Officer D is crying. Police Officer A and Police Officer B are shaking hands with each other. Police Officer C and Police Officer D are having conversations with each other.

question_count: Are there four Police Officers? question_attr_1: Is there a Police Officer wearing sunglasses? question_attr_2: Is there a Police Officer with blonde hair? question_attr_3: Is there a Police Officer with laptop in hand? question_attr_4: Is there a Police Officer is crying? question_interaction_1: Is the Police Officer wearing sunglasses shaking hands with the Police Officer with blonde hair? question_interaction_2: Is the Police Officer with laptop in hand having conversations with the Police Officer is crying?

Example 2: Subject: Nurse Attribute 1: Bags: purse Attribute 2: Hair Style: curly Attribute 3: Tattoos: arm Attribute 4: Jewelry: necklace

Interaction 1: Whispering a secret into the other's ear Interaction 2: Waving to each other

OUTPUT: Prompt: Four Nurses. Nurse A has purse in hand. Nurse B has curly hair. Nurse C has tattoos on arm. Nurse D wears necklace. Nurse A and Nurse B are whispering a secret into the other's ear with each other. Nurse C and Nurse D are waving to each other.

question_count: Are there four Nurses? question_attr_1: Is there a Nurse with purse in hand? question_attr_2: Is there a Nurse with curly hair? question_attr_3: Is there a Nurse with tattoos on arm? question_attr_4: Is there a Nurse wearing necklace? question_interaction_1: Is the Nurse with purse in hand whispering a secret into the other's ear with the Nurse with curly hair? question_interaction_2: Is the Nurse with tattoos on arm waving to each other with the Nurse wearing necklace?

Now generate the output for the given sample data above. Return ONLY in this format:

Prompt: [your prompt here]

question_count: [question here] question_attr_1: [question here] question_attr_2: [question here] question_attr_3: [question here] question_attr_4: [question here] question_interaction_1: [question here] question_interaction_2: [question here]",Correctional Officer,"[('Eyes', 'green'), ('Hair Color', 'red'), ('Tattoos', 'leg'), ('Negative', 'crying')]","['A fist bump', 'Having conversations']",Are there four Correctional Officers?,Is there a Correctional Officer with green eyes?,Is there a Correctional Officer with red hair?,Is there a Correctional Officer with tattoos on leg?,Is there a Correctional Officer is crying?,Is the Correctional Officer with green eyes fist bumping with the Correctional Officer with red hair?,Is the Correctional Officer with tattoos on leg having conversations with the Correctional Officer is crying?,
110,"Four Security Guards. Security Guard A is disgusted. Security Guard B wears necklace. Security Guard C wears glasses. Security Guard D has tattoos on ankle. Security Guard A and Security Guard B are arguing face-to-face, with expressive hand gestures with each other. Security Guard C and Security Guard D are high-five with each other.","You are creating image generation prompts and questions for a dataset.

Given the sample data below, you need to generate:

A SHORT image generation prompt

Seven questions about the image

SAMPLE DATA: Subject: Security Guard Attribute 1: Negative: disgusted. Attribute 2: Jewelry: Necklace Attribute 3: Eyewear: glasses Attribute 4: Tattoos: ankle Interaction 1: Arguing face-to-face, with expressive hand gestures Interaction 2: high-five

INSTRUCTIONS:

Create a SHORT image generation prompt following this format:

Four [SUBJECT]s. [SUBJECT] A [verb] [ATTRIBUTE_1]. [SUBJECT] B [verb] [ATTRIBUTE_2]. [SUBJECT] C [verb] [ATTRIBUTE_3]. [SUBJECT] D [verb] [ATTRIBUTE_4]. [SUBJECT] A and [SUBJECT] B are [INTERACTION_1] with each other. [SUBJECT] C and [SUBJECT] D are [INTERACTION_2] with each other.

Use appropriate verbs (is/has/wears) based on the attribute type

For emotions: use ""is"" (e.g., ""is crying"")

For physical items/bags: use ""has [item] in hand""

For hair: use ""has [color/style] hair""

For eyewear/gloves/jewelry: use ""wears""

For tattoos: use ""has tattoos on [location]""

Keep it SHORT and DIRECT

Create SEVEN questions:

question_count: ""Are there four [SUBJECT]s?""

question_attr_1 through question_attr_4: ""Is there a [SUBJECT] [attribute description]?""

question_interaction_1: ""Is the [SUBJECT] [with attribute 1] [INTERACTION_1] with the [SUBJECT] [with attribute 2]?""

question_interaction_2: ""Is the [SUBJECT] [with attribute 3] [INTERACTION_2] with the [SUBJECT] [with attribute 4]?""

EXAMPLES:

Example 1: Subject: Police Officer Attribute 1: Eyewear: sunglasses Attribute 2: Hair Color: blonde Attribute 3: Technology: laptop Attribute 4: Negative: crying

Interaction 1: Shaking hands Interaction 2: Having conversations

OUTPUT: Prompt: Four Police Officers. Police Officer A wears sunglasses. Police Officer B has blonde hair. Police Officer C has laptop in hand. Police Officer D is crying. Police Officer A and Police Officer B are shaking hands with each other. Police Officer C and Police Officer D are having conversations with each other.

question_count: Are there four Police Officers? question_attr_1: Is there a Police Officer wearing sunglasses? question_attr_2: Is there a Police Officer with blonde hair? question_attr_3: Is there a Police Officer with laptop in hand? question_attr_4: Is there a Police Officer is crying? question_interaction_1: Is the Police Officer wearing sunglasses shaking hands with the Police Officer with blonde hair? question_interaction_2: Is the Police Officer with laptop in hand having conversations with the Police Officer is crying?

Example 2: Subject: Nurse Attribute 1: Bags: purse Attribute 2: Hair Style: curly Attribute 3: Tattoos: arm Attribute 4: Jewelry: necklace

Interaction 1: Whispering a secret into the other's ear Interaction 2: Waving to each other

OUTPUT: Prompt: Four Nurses. Nurse A has purse in hand. Nurse B has curly hair. Nurse C has tattoos on arm. Nurse D wears necklace. Nurse A and Nurse B are whispering a secret into the other's ear with each other. Nurse C and Nurse D are waving to each other.

question_count: Are there four Nurses? question_attr_1: Is there a Nurse with purse in hand? question_attr_2: Is there a Nurse with curly hair? question_attr_3: Is there a Nurse with tattoos on arm? question_attr_4: Is there a Nurse wearing necklace? question_interaction_1: Is the Nurse with purse in hand whispering a secret into the other's ear with the Nurse with curly hair? question_interaction_2: Is the Nurse with tattoos on arm waving to each other with the Nurse wearing necklace?

Now generate the output for the given sample data above. Return ONLY in this format:

Prompt: [your prompt here]

question_count: [question here] question_attr_1: [question here] question_attr_2: [question here] question_attr_3: [question here] question_attr_4: [question here] question_interaction_1: [question here] question_interaction_2: [question here]",Security Guard,"[('Negative', 'disgusted.'), ('Jewelry', 'Necklace'), ('Eyewear', 'glasses'), ('Tattoos', 'ankle')]","['Arguing face-to-face, with expressive hand gestures', 'high-five']",Are there four Security Guards?,Is there a Security Guard is disgusted?,Is there a Security Guard wearing necklace?,Is there a Security Guard wearing glasses?,Is there a Security Guard with tattoos on ankle?,"Is the Security Guard is disgusted arguing face-to-face, with expressive hand gestures with the Security Guard wearing necklace?",Is the Security Guard wearing glasses high-five with the Security Guard with tattoos on ankle?,
111,Four Doctors. Doctor A has tattoos on arm. Doctor B has briefcase in hand. Doctor C is surprised. Doctor D has buzz cut hair. Doctor A and Doctor B are whispering a secret into the other's ear with each other. Doctor C and Doctor D are pointing an accusatory finger at the other with each other.,"You are creating image generation prompts and questions for a dataset.

Given the sample data below, you need to generate:

A SHORT image generation prompt

Seven questions about the image

SAMPLE DATA: Subject: Doctor Attribute 1: Tattoos: arm Attribute 2: Bags: briefcase Attribute 3: Neutral/Other: Surprised Attribute 4: Hair Style: buzz cut Interaction 1: Whispering a secret into the other's ear Interaction 2: One person pointing an accusatory finger at the other

INSTRUCTIONS:

Create a SHORT image generation prompt following this format:

Four [SUBJECT]s. [SUBJECT] A [verb] [ATTRIBUTE_1]. [SUBJECT] B [verb] [ATTRIBUTE_2]. [SUBJECT] C [verb] [ATTRIBUTE_3]. [SUBJECT] D [verb] [ATTRIBUTE_4]. [SUBJECT] A and [SUBJECT] B are [INTERACTION_1] with each other. [SUBJECT] C and [SUBJECT] D are [INTERACTION_2] with each other.

Use appropriate verbs (is/has/wears) based on the attribute type

For emotions: use ""is"" (e.g., ""is crying"")

For physical items/bags: use ""has [item] in hand""

For hair: use ""has [color/style] hair""

For eyewear/gloves/jewelry: use ""wears""

For tattoos: use ""has tattoos on [location]""

Keep it SHORT and DIRECT

Create SEVEN questions:

question_count: ""Are there four [SUBJECT]s?""

question_attr_1 through question_attr_4: ""Is there a [SUBJECT] [attribute description]?""

question_interaction_1: ""Is the [SUBJECT] [with attribute 1] [INTERACTION_1] with the [SUBJECT] [with attribute 2]?""

question_interaction_2: ""Is the [SUBJECT] [with attribute 3] [INTERACTION_2] with the [SUBJECT] [with attribute 4]?""

EXAMPLES:

Example 1: Subject: Police Officer Attribute 1: Eyewear: sunglasses Attribute 2: Hair Color: blonde Attribute 3: Technology: laptop Attribute 4: Negative: crying

Interaction 1: Shaking hands Interaction 2: Having conversations

OUTPUT: Prompt: Four Police Officers. Police Officer A wears sunglasses. Police Officer B has blonde hair. Police Officer C has laptop in hand. Police Officer D is crying. Police Officer A and Police Officer B are shaking hands with each other. Police Officer C and Police Officer D are having conversations with each other.

question_count: Are there four Police Officers? question_attr_1: Is there a Police Officer wearing sunglasses? question_attr_2: Is there a Police Officer with blonde hair? question_attr_3: Is there a Police Officer with laptop in hand? question_attr_4: Is there a Police Officer is crying? question_interaction_1: Is the Police Officer wearing sunglasses shaking hands with the Police Officer with blonde hair? question_interaction_2: Is the Police Officer with laptop in hand having conversations with the Police Officer is crying?

Example 2: Subject: Nurse Attribute 1: Bags: purse Attribute 2: Hair Style: curly Attribute 3: Tattoos: arm Attribute 4: Jewelry: necklace

Interaction 1: Whispering a secret into the other's ear Interaction 2: Waving to each other

OUTPUT: Prompt: Four Nurses. Nurse A has purse in hand. Nurse B has curly hair. Nurse C has tattoos on arm. Nurse D wears necklace. Nurse A and Nurse B are whispering a secret into the other's ear with each other. Nurse C and Nurse D are waving to each other.

question_count: Are there four Nurses? question_attr_1: Is there a Nurse with purse in hand? question_attr_2: Is there a Nurse with curly hair? question_attr_3: Is there a Nurse with tattoos on arm? question_attr_4: Is there a Nurse wearing necklace? question_interaction_1: Is the Nurse with purse in hand whispering a secret into the other's ear with the Nurse with curly hair? question_interaction_2: Is the Nurse with tattoos on arm waving to each other with the Nurse wearing necklace?

Now generate the output for the given sample data above. Return ONLY in this format:

Prompt: [your prompt here]

question_count: [question here] question_attr_1: [question here] question_attr_2: [question here] question_attr_3: [question here] question_attr_4: [question here] question_interaction_1: [question here] question_interaction_2: [question here]",Doctor,"[('Tattoos', 'arm'), ('Bags', 'briefcase'), ('Neutral/Other', 'Surprised'), ('Hair Style', 'buzz cut')]","[""Whispering a secret into the other's ear"", 'One person pointing an accusatory finger at the other']",Are there four Doctors?,Is there a Doctor with tattoos on arm?,Is there a Doctor with briefcase in hand?,Is there a Doctor is surprised?,Is there a Doctor with buzz cut hair?,Is the Doctor with tattoos on arm whispering a secret into the other's ear with the Doctor with briefcase in hand?,Is the Doctor is surprised pointing an accusatory finger at the other with the Doctor with buzz cut hair?,
115,Four Flight Attendants. Flight Attendant A wears glasses. Flight Attendant B is thoughtful. Flight Attendant C has black hair. Flight Attendant D has a mustache. Flight Attendant A and Flight Attendant B are bowing to each other. Flight Attendant C and Flight Attendant D are pointing an accusatory finger at each other.,"You are creating image generation prompts and questions for a dataset.

Given the sample data below, you need to generate:

A SHORT image generation prompt

Seven questions about the image

SAMPLE DATA: Subject: Flight Attendant Attribute 1: Eyewear: glasses Attribute 2: Neutral/Other: thoughtful Attribute 3: Hair Color: Black Attribute 4: Facial Hair: mustache Interaction 1: One person Bowing to other Interaction 2: One person pointing an accusatory finger at the other

INSTRUCTIONS:

Create a SHORT image generation prompt following this format:

Four [SUBJECT]s. [SUBJECT] A [verb] [ATTRIBUTE_1]. [SUBJECT] B [verb] [ATTRIBUTE_2]. [SUBJECT] C [verb] [ATTRIBUTE_3]. [SUBJECT] D [verb] [ATTRIBUTE_4]. [SUBJECT] A and [SUBJECT] B are [INTERACTION_1] with each other. [SUBJECT] C and [SUBJECT] D are [INTERACTION_2] with each other.

Use appropriate verbs (is/has/wears) based on the attribute type

For emotions: use ""is"" (e.g., ""is crying"")

For physical items/bags: use ""has [item] in hand""

For hair: use ""has [color/style] hair""

For eyewear/gloves/jewelry: use ""wears""

For tattoos: use ""has tattoos on [location]""

Keep it SHORT and DIRECT

Create SEVEN questions:

question_count: ""Are there four [SUBJECT]s?""

question_attr_1 through question_attr_4: ""Is there a [SUBJECT] [attribute description]?""

question_interaction_1: ""Is the [SUBJECT] [with attribute 1] [INTERACTION_1] with the [SUBJECT] [with attribute 2]?""

question_interaction_2: ""Is the [SUBJECT] [with attribute 3] [INTERACTION_2] with the [SUBJECT] [with attribute 4]?""

EXAMPLES:

Example 1: Subject: Police Officer Attribute 1: Eyewear: sunglasses Attribute 2: Hair Color: blonde Attribute 3: Technology: laptop Attribute 4: Negative: crying

Interaction 1: Shaking hands Interaction 2: Having conversations

OUTPUT: Prompt: Four Police Officers. Police Officer A wears sunglasses. Police Officer B has blonde hair. Police Officer C has laptop in hand. Police Officer D is crying. Police Officer A and Police Officer B are shaking hands with each other. Police Officer C and Police Officer D are having conversations with each other.

question_count: Are there four Police Officers? question_attr_1: Is there a Police Officer wearing sunglasses? question_attr_2: Is there a Police Officer with blonde hair? question_attr_3: Is there a Police Officer with laptop in hand? question_attr_4: Is there a Police Officer is crying? question_interaction_1: Is the Police Officer wearing sunglasses shaking hands with the Police Officer with blonde hair? question_interaction_2: Is the Police Officer with laptop in hand having conversations with the Police Officer is crying?

Example 2: Subject: Nurse Attribute 1: Bags: purse Attribute 2: Hair Style: curly Attribute 3: Tattoos: arm Attribute 4: Jewelry: necklace

Interaction 1: Whispering a secret into the other's ear Interaction 2: Waving to each other

OUTPUT: Prompt: Four Nurses. Nurse A has purse in hand. Nurse B has curly hair. Nurse C has tattoos on arm. Nurse D wears necklace. Nurse A and Nurse B are whispering a secret into the other's ear with each other. Nurse C and Nurse D are waving to each other.

question_count: Are there four Nurses? question_attr_1: Is there a Nurse with purse in hand? question_attr_2: Is there a Nurse with curly hair? question_attr_3: Is there a Nurse with tattoos on arm? question_attr_4: Is there a Nurse wearing necklace? question_interaction_1: Is the Nurse with purse in hand whispering a secret into the other's ear with the Nurse with curly hair? question_interaction_2: Is the Nurse with tattoos on arm waving to each other with the Nurse wearing necklace?

Now generate the output for the given sample data above. Return ONLY in this format:

Prompt: [your prompt here]

question_count: [question here] question_attr_1: [question here] question_attr_2: [question here] question_attr_3: [question here] question_attr_4: [question here] question_interaction_1: [question here] question_interaction_2: [question here]",Flight Attendant,"[('Eyewear', 'glasses'), ('Neutral/Other', 'thoughtful'), ('Hair Color', 'Black'), ('Facial Hair', 'mustache')]","['One person Bowing to other', 'One person pointing an accusatory finger at the other']",Are there four Flight Attendants?,Is there a Flight Attendant wearing glasses?,Is there a Flight Attendant is thoughtful?,Is there a Flight Attendant with black hair?,Is there a Flight Attendant with a mustache?,Is the Flight Attendant wearing glasses bowing to each other with the Flight Attendant is thoughtful?,Is the Flight Attendant with black hair pointing an accusatory finger at each other with the Flight Attendant with a mustache?,
123,"Four Bank Tellers. Bank Teller A is laughing. Bank Teller B is worried. Bank Teller C wears nose piercing. Bank Teller D has brown eyes. Bank Teller A and Bank Teller B are one person crossing their arms and glaring while the other tries to talk with each other. Bank Teller C and Bank Teller D are assembling something, reading instructions together with each other.","You are creating image generation prompts and questions for a dataset.

Given the sample data below, you need to generate:

A SHORT image generation prompt

Seven questions about the image

SAMPLE DATA: Subject: Bank Teller Attribute 1: Positive: laughing Attribute 2: Negative: worried Attribute 3: Piercings: nose Attribute 4: Eyes: brown Interaction 1: One person crossing their arms and glaring while the other tries to talk Interaction 2: Assembling something, reading instructions together

INSTRUCTIONS:

Create a SHORT image generation prompt following this format:

Four [SUBJECT]s. [SUBJECT] A [verb] [ATTRIBUTE_1]. [SUBJECT] B [verb] [ATTRIBUTE_2]. [SUBJECT] C [verb] [ATTRIBUTE_3]. [SUBJECT] D [verb] [ATTRIBUTE_4]. [SUBJECT] A and [SUBJECT] B are [INTERACTION_1] with each other. [SUBJECT] C and [SUBJECT] D are [INTERACTION_2] with each other.

Use appropriate verbs (is/has/wears) based on the attribute type

For emotions: use ""is"" (e.g., ""is crying"")

For physical items/bags: use ""has [item] in hand""

For hair: use ""has [color/style] hair""

For eyewear/gloves/jewelry: use ""wears""

For tattoos: use ""has tattoos on [location]""

Keep it SHORT and DIRECT

Create SEVEN questions:

question_count: ""Are there four [SUBJECT]s?""

question_attr_1 through question_attr_4: ""Is there a [SUBJECT] [attribute description]?""

question_interaction_1: ""Is the [SUBJECT] [with attribute 1] [INTERACTION_1] with the [SUBJECT] [with attribute 2]?""

question_interaction_2: ""Is the [SUBJECT] [with attribute 3] [INTERACTION_2] with the [SUBJECT] [with attribute 4]?""

EXAMPLES:

Example 1: Subject: Police Officer Attribute 1: Eyewear: sunglasses Attribute 2: Hair Color: blonde Attribute 3: Technology: laptop Attribute 4: Negative: crying

Interaction 1: Shaking hands Interaction 2: Having conversations

OUTPUT: Prompt: Four Police Officers. Police Officer A wears sunglasses. Police Officer B has blonde hair. Police Officer C has laptop in hand. Police Officer D is crying. Police Officer A and Police Officer B are shaking hands with each other. Police Officer C and Police Officer D are having conversations with each other.

question_count: Are there four Police Officers? question_attr_1: Is there a Police Officer wearing sunglasses? question_attr_2: Is there a Police Officer with blonde hair? question_attr_3: Is there a Police Officer with laptop in hand? question_attr_4: Is there a Police Officer is crying? question_interaction_1: Is the Police Officer wearing sunglasses shaking hands with the Police Officer with blonde hair? question_interaction_2: Is the Police Officer with laptop in hand having conversations with the Police Officer is crying?

Example 2: Subject: Nurse Attribute 1: Bags: purse Attribute 2: Hair Style: curly Attribute 3: Tattoos: arm Attribute 4: Jewelry: necklace

Interaction 1: Whispering a secret into the other's ear Interaction 2: Waving to each other

OUTPUT: Prompt: Four Nurses. Nurse A has purse in hand. Nurse B has curly hair. Nurse C has tattoos on arm. Nurse D wears necklace. Nurse A and Nurse B are whispering a secret into the other's ear with each other. Nurse C and Nurse D are waving to each other.

question_count: Are there four Nurses? question_attr_1: Is there a Nurse with purse in hand? question_attr_2: Is there a Nurse with curly hair? question_attr_3: Is there a Nurse with tattoos on arm? question_attr_4: Is there a Nurse wearing necklace? question_interaction_1: Is the Nurse with purse in hand whispering a secret into the other's ear with the Nurse with curly hair? question_interaction_2: Is the Nurse with tattoos on arm waving to each other with the Nurse wearing necklace?

Now generate the output for the given sample data above. Return ONLY in this format:

Prompt: [your prompt here]

question_count: [question here] question_attr_1: [question here] question_attr_2: [question here] question_attr_3: [question here] question_attr_4: [question here] question_interaction_1: [question here] question_interaction_2: [question here]",Bank Teller,"[('Positive', 'laughing'), ('Negative', 'worried'), ('Piercings', 'nose'), ('Eyes', 'brown')]","['One person crossing their arms and glaring while the other tries to talk', 'Assembling something, reading instructions together']",Are there four Bank Tellers?,Is there a Bank Teller is laughing?,Is there a Bank Teller is worried?,Is there a Bank Teller wears nose piercing?,Is there a Bank Teller has brown eyes?,Is the Bank Teller is laughing one person crossing their arms and glaring while the other tries to talk with the Bank Teller is worried?,"Is the Bank Teller wears nose piercing assembling something, reading instructions together with the Bank Teller has brown eyes?",
126,Four Pharmacists. Pharmacist A is confused. Pharmacist B is determined. Pharmacist C wears rings. Pharmacist D is happy. Pharmacist A and Pharmacist B are pointing an accusatory finger at the other with each other. Pharmacist C and Pharmacist D are having conversations with each other.,"You are creating image generation prompts and questions for a dataset.

Given the sample data below, you need to generate:

A SHORT image generation prompt

Seven questions about the image

SAMPLE DATA: Subject: Pharmacist Attribute 1: Negative: confused Attribute 2: Neutral/Other: determined Attribute 3: Jewelry: rings Attribute 4: Positive: Happy Interaction 1: One person pointing an accusatory finger at the other Interaction 2: Having conversations

INSTRUCTIONS:

Create a SHORT image generation prompt following this format:

Four [SUBJECT]s. [SUBJECT] A [verb] [ATTRIBUTE_1]. [SUBJECT] B [verb] [ATTRIBUTE_2]. [SUBJECT] C [verb] [ATTRIBUTE_3]. [SUBJECT] D [verb] [ATTRIBUTE_4]. [SUBJECT] A and [SUBJECT] B are [INTERACTION_1] with each other. [SUBJECT] C and [SUBJECT] D are [INTERACTION_2] with each other.

Use appropriate verbs (is/has/wears) based on the attribute type

For emotions: use ""is"" (e.g., ""is crying"")

For physical items/bags: use ""has [item] in hand""

For hair: use ""has [color/style] hair""

For eyewear/gloves/jewelry: use ""wears""

For tattoos: use ""has tattoos on [location]""

Keep it SHORT and DIRECT

Create SEVEN questions:

question_count: ""Are there four [SUBJECT]s?""

question_attr_1 through question_attr_4: ""Is there a [SUBJECT] [attribute description]?""

question_interaction_1: ""Is the [SUBJECT] [with attribute 1] [INTERACTION_1] with the [SUBJECT] [with attribute 2]?""

question_interaction_2: ""Is the [SUBJECT] [with attribute 3] [INTERACTION_2] with the [SUBJECT] [with attribute 4]?""

EXAMPLES:

Example 1: Subject: Police Officer Attribute 1: Eyewear: sunglasses Attribute 2: Hair Color: blonde Attribute 3: Technology: laptop Attribute 4: Negative: crying

Interaction 1: Shaking hands Interaction 2: Having conversations

OUTPUT: Prompt: Four Police Officers. Police Officer A wears sunglasses. Police Officer B has blonde hair. Police Officer C has laptop in hand. Police Officer D is crying. Police Officer A and Police Officer B are shaking hands with each other. Police Officer C and Police Officer D are having conversations with each other.

question_count: Are there four Police Officers? question_attr_1: Is there a Police Officer wearing sunglasses? question_attr_2: Is there a Police Officer with blonde hair? question_attr_3: Is there a Police Officer with laptop in hand? question_attr_4: Is there a Police Officer is crying? question_interaction_1: Is the Police Officer wearing sunglasses shaking hands with the Police Officer with blonde hair? question_interaction_2: Is the Police Officer with laptop in hand having conversations with the Police Officer is crying?

Example 2: Subject: Nurse Attribute 1: Bags: purse Attribute 2: Hair Style: curly Attribute 3: Tattoos: arm Attribute 4: Jewelry: necklace

Interaction 1: Whispering a secret into the other's ear Interaction 2: Waving to each other

OUTPUT: Prompt: Four Nurses. Nurse A has purse in hand. Nurse B has curly hair. Nurse C has tattoos on arm. Nurse D wears necklace. Nurse A and Nurse B are whispering a secret into the other's ear with each other. Nurse C and Nurse D are waving to each other.

question_count: Are there four Nurses? question_attr_1: Is there a Nurse with purse in hand? question_attr_2: Is there a Nurse with curly hair? question_attr_3: Is there a Nurse with tattoos on arm? question_attr_4: Is there a Nurse wearing necklace? question_interaction_1: Is the Nurse with purse in hand whispering a secret into the other's ear with the Nurse with curly hair? question_interaction_2: Is the Nurse with tattoos on arm waving to each other with the Nurse wearing necklace?

Now generate the output for the given sample data above. Return ONLY in this format:

Prompt: [your prompt here]

question_count: [question here] question_attr_1: [question here] question_attr_2: [question here] question_attr_3: [question here] question_attr_4: [question here] question_interaction_1: [question here] question_interaction_2: [question here]",Pharmacist,"[('Negative', 'confused'), ('Neutral/Other', 'determined'), ('Jewelry', 'rings'), ('Positive', 'Happy')]","['One person pointing an accusatory finger at the other', 'Having conversations']",Are there four Pharmacists?,Is there a Pharmacist is confused?,Is there a Pharmacist is determined?,Is there a Pharmacist wearing rings?,Is there a Pharmacist is happy?,Is the Pharmacist is confused pointing an accusatory finger at the other with the Pharmacist is determined?,Is the Pharmacist wearing rings having conversations with the Pharmacist is happy?,
129,Four Casino Dealers. Casino Dealer A has sideburns. Casino Dealer B is worried. Casino Dealer C has Smartphone in hand. Casino Dealer D wears glasses. Casino Dealer A and Casino Dealer B are fist bumping with each other. Casino Dealer C and Casino Dealer D are exchanging business cards with each other.,"You are creating image generation prompts and questions for a dataset.

Given the sample data below, you need to generate:

A SHORT image generation prompt

Seven questions about the image

SAMPLE DATA: Subject: Casino Dealer Attribute 1: Facial Hair: sideburns Attribute 2: Negative: worried Attribute 3: Technology: Smartphone Attribute 4: Eyewear: glasses Interaction 1: A fist bump Interaction 2: Exchanging business cards

INSTRUCTIONS:

Create a SHORT image generation prompt following this format:

Four [SUBJECT]s. [SUBJECT] A [verb] [ATTRIBUTE_1]. [SUBJECT] B [verb] [ATTRIBUTE_2]. [SUBJECT] C [verb] [ATTRIBUTE_3]. [SUBJECT] D [verb] [ATTRIBUTE_4]. [SUBJECT] A and [SUBJECT] B are [INTERACTION_1] with each other. [SUBJECT] C and [SUBJECT] D are [INTERACTION_2] with each other.

Use appropriate verbs (is/has/wears) based on the attribute type

For emotions: use ""is"" (e.g., ""is crying"")

For physical items/bags: use ""has [item] in hand""

For hair: use ""has [color/style] hair""

For eyewear/gloves/jewelry: use ""wears""

For tattoos: use ""has tattoos on [location]""

Keep it SHORT and DIRECT

Create SEVEN questions:

question_count: ""Are there four [SUBJECT]s?""

question_attr_1 through question_attr_4: ""Is there a [SUBJECT] [attribute description]?""

question_interaction_1: ""Is the [SUBJECT] [with attribute 1] [INTERACTION_1] with the [SUBJECT] [with attribute 2]?""

question_interaction_2: ""Is the [SUBJECT] [with attribute 3] [INTERACTION_2] with the [SUBJECT] [with attribute 4]?""

EXAMPLES:

Example 1: Subject: Police Officer Attribute 1: Eyewear: sunglasses Attribute 2: Hair Color: blonde Attribute 3: Technology: laptop Attribute 4: Negative: crying

Interaction 1: Shaking hands Interaction 2: Having conversations

OUTPUT: Prompt: Four Police Officers. Police Officer A wears sunglasses. Police Officer B has blonde hair. Police Officer C has laptop in hand. Police Officer D is crying. Police Officer A and Police Officer B are shaking hands with each other. Police Officer C and Police Officer D are having conversations with each other.

question_count: Are there four Police Officers? question_attr_1: Is there a Police Officer wearing sunglasses? question_attr_2: Is there a Police Officer with blonde hair? question_attr_3: Is there a Police Officer with laptop in hand? question_attr_4: Is there a Police Officer is crying? question_interaction_1: Is the Police Officer wearing sunglasses shaking hands with the Police Officer with blonde hair? question_interaction_2: Is the Police Officer with laptop in hand having conversations with the Police Officer is crying?

Example 2: Subject: Nurse Attribute 1: Bags: purse Attribute 2: Hair Style: curly Attribute 3: Tattoos: arm Attribute 4: Jewelry: necklace

Interaction 1: Whispering a secret into the other's ear Interaction 2: Waving to each other

OUTPUT: Prompt: Four Nurses. Nurse A has purse in hand. Nurse B has curly hair. Nurse C has tattoos on arm. Nurse D wears necklace. Nurse A and Nurse B are whispering a secret into the other's ear with each other. Nurse C and Nurse D are waving to each other.

question_count: Are there four Nurses? question_attr_1: Is there a Nurse with purse in hand? question_attr_2: Is there a Nurse with curly hair? question_attr_3: Is there a Nurse with tattoos on arm? question_attr_4: Is there a Nurse wearing necklace? question_interaction_1: Is the Nurse with purse in hand whispering a secret into the other's ear with the Nurse with curly hair? question_interaction_2: Is the Nurse with tattoos on arm waving to each other with the Nurse wearing necklace?

Now generate the output for the given sample data above. Return ONLY in this format:

Prompt: [your prompt here]

question_count: [question here] question_attr_1: [question here] question_attr_2: [question here] question_attr_3: [question here] question_attr_4: [question here] question_interaction_1: [question here] question_interaction_2: [question here]",Casino Dealer,"[('Facial Hair', 'sideburns'), ('Negative', 'worried'), ('Technology', 'Smartphone'), ('Eyewear', 'glasses')]","['A fist bump', 'Exchanging business cards']",Are there four Casino Dealers?,Is there a Casino Dealer with sideburns?,Is there a Casino Dealer is worried?,Is there a Casino Dealer with Smartphone in hand?,Is there a Casino Dealer wearing glasses?,Is the Casino Dealer with sideburns fist bumping with the Casino Dealer is worried?,Is the Casino Dealer with Smartphone in hand exchanging business cards with the Casino Dealer wearing glasses?,
131,Four Plumbers. Plumber A has red hair. Plumber B wears nose piercings. Plumber C has grocery bag in hand. Plumber D wears Winter gloves. Plumber A and Plumber B are Kneeling Before Someone with each other. Plumber C and Plumber D are One person crossing their arms and glaring while the other tries to talk with each other.,"You are creating image generation prompts and questions for a dataset.

Given the sample data below, you need to generate:

A SHORT image generation prompt

Seven questions about the image

SAMPLE DATA: Subject: Plumber Attribute 1: Hair Color: red Attribute 2: Piercings: nose Attribute 3: Bags: grocery bag. Attribute 4: Gloves: Winter gloves Interaction 1: Kneeling Before Someone Interaction 2: One person crossing their arms and glaring while the other tries to talk

INSTRUCTIONS:

Create a SHORT image generation prompt following this format:

Four [SUBJECT]s. [SUBJECT] A [verb] [ATTRIBUTE_1]. [SUBJECT] B [verb] [ATTRIBUTE_2]. [SUBJECT] C [verb] [ATTRIBUTE_3]. [SUBJECT] D [verb] [ATTRIBUTE_4]. [SUBJECT] A and [SUBJECT] B are [INTERACTION_1] with each other. [SUBJECT] C and [SUBJECT] D are [INTERACTION_2] with each other.

Use appropriate verbs (is/has/wears) based on the attribute type

For emotions: use ""is"" (e.g., ""is crying"")

For physical items/bags: use ""has [item] in hand""

For hair: use ""has [color/style] hair""

For eyewear/gloves/jewelry: use ""wears""

For tattoos: use ""has tattoos on [location]""

Keep it SHORT and DIRECT

Create SEVEN questions:

question_count: ""Are there four [SUBJECT]s?""

question_attr_1 through question_attr_4: ""Is there a [SUBJECT] [attribute description]?""

question_interaction_1: ""Is the [SUBJECT] [with attribute 1] [INTERACTION_1] with the [SUBJECT] [with attribute 2]?""

question_interaction_2: ""Is the [SUBJECT] [with attribute 3] [INTERACTION_2] with the [SUBJECT] [with attribute 4]?""

EXAMPLES:

Example 1: Subject: Police Officer Attribute 1: Eyewear: sunglasses Attribute 2: Hair Color: blonde Attribute 3: Technology: laptop Attribute 4: Negative: crying

Interaction 1: Shaking hands Interaction 2: Having conversations

OUTPUT: Prompt: Four Police Officers. Police Officer A wears sunglasses. Police Officer B has blonde hair. Police Officer C has laptop in hand. Police Officer D is crying. Police Officer A and Police Officer B are shaking hands with each other. Police Officer C and Police Officer D are having conversations with each other.

question_count: Are there four Police Officers? question_attr_1: Is there a Police Officer wearing sunglasses? question_attr_2: Is there a Police Officer with blonde hair? question_attr_3: Is there a Police Officer with laptop in hand? question_attr_4: Is there a Police Officer is crying? question_interaction_1: Is the Police Officer wearing sunglasses shaking hands with the Police Officer with blonde hair? question_interaction_2: Is the Police Officer with laptop in hand having conversations with the Police Officer is crying?

Example 2: Subject: Nurse Attribute 1: Bags: purse Attribute 2: Hair Style: curly Attribute 3: Tattoos: arm Attribute 4: Jewelry: necklace

Interaction 1: Whispering a secret into the other's ear Interaction 2: Waving to each other

OUTPUT: Prompt: Four Nurses. Nurse A has purse in hand. Nurse B has curly hair. Nurse C has tattoos on arm. Nurse D wears necklace. Nurse A and Nurse B are whispering a secret into the other's ear with each other. Nurse C and Nurse D are waving to each other.

question_count: Are there four Nurses? question_attr_1: Is there a Nurse with purse in hand? question_attr_2: Is there a Nurse with curly hair? question_attr_3: Is there a Nurse with tattoos on arm? question_attr_4: Is there a Nurse wearing necklace? question_interaction_1: Is the Nurse with purse in hand whispering a secret into the other's ear with the Nurse with curly hair? question_interaction_2: Is the Nurse with tattoos on arm waving to each other with the Nurse wearing necklace?

Now generate the output for the given sample data above. Return ONLY in this format:

Prompt: [your prompt here]

question_count: [question here] question_attr_1: [question here] question_attr_2: [question here] question_attr_3: [question here] question_attr_4: [question here] question_interaction_1: [question here] question_interaction_2: [question here]",Plumber,"[('Hair Color', 'red'), ('Piercings', 'nose'), ('Bags', 'grocery bag.'), ('Gloves', 'Winter gloves')]","['Kneeling Before Someone', 'One person crossing their arms and glaring while the other tries to talk']",Are there four Plumbers?,Is there a Plumber with red hair?,Is there a Plumber wearing nose piercings?,Is there a Plumber with grocery bag in hand?,Is there a Plumber wearing Winter gloves?,Is the Plumber with red hair Kneeling Before Someone with the Plumber wearing nose piercings?,Is the Plumber with grocery bag in hand One person crossing their arms and glaring while the other tries to talk with the Plumber wearing Winter gloves?,
132,"Four Cruise Ship Crews. Cruise Ship Crew A is proud. Cruise Ship Crew B has sandwich in hand. Cruise Ship Crew C is tired. Cruise Ship Crew D has stubble. Cruise Ship Crew A and Cruise Ship Crew B are assembling something, reading instructions together with each other. Cruise Ship Crew C and Cruise Ship Crew D are waving to each other.","You are creating image generation prompts and questions for a dataset.

Given the sample data below, you need to generate:

A SHORT image generation prompt

Seven questions about the image

SAMPLE DATA: Subject: Cruise Ship Crew Attribute 1: Positive: proud. Attribute 2: Food/Drink: sandwich. Attribute 3: Neutral/Other: tired Attribute 4: Facial Hair: stubble Interaction 1: Assembling something, reading instructions together Interaction 2: Waving to each other

INSTRUCTIONS:

Create a SHORT image generation prompt following this format:

Four [SUBJECT]s. [SUBJECT] A [verb] [ATTRIBUTE_1]. [SUBJECT] B [verb] [ATTRIBUTE_2]. [SUBJECT] C [verb] [ATTRIBUTE_3]. [SUBJECT] D [verb] [ATTRIBUTE_4]. [SUBJECT] A and [SUBJECT] B are [INTERACTION_1] with each other. [SUBJECT] C and [SUBJECT] D are [INTERACTION_2] with each other.

Use appropriate verbs (is/has/wears) based on the attribute type

For emotions: use ""is"" (e.g., ""is crying"")

For physical items/bags: use ""has [item] in hand""

For hair: use ""has [color/style] hair""

For eyewear/gloves/jewelry: use ""wears""

For tattoos: use ""has tattoos on [location]""

Keep it SHORT and DIRECT

Create SEVEN questions:

question_count: ""Are there four [SUBJECT]s?""

question_attr_1 through question_attr_4: ""Is there a [SUBJECT] [attribute description]?""

question_interaction_1: ""Is the [SUBJECT] [with attribute 1] [INTERACTION_1] with the [SUBJECT] [with attribute 2]?""

question_interaction_2: ""Is the [SUBJECT] [with attribute 3] [INTERACTION_2] with the [SUBJECT] [with attribute 4]?""

EXAMPLES:

Example 1: Subject: Police Officer Attribute 1: Eyewear: sunglasses Attribute 2: Hair Color: blonde Attribute 3: Technology: laptop Attribute 4: Negative: crying

Interaction 1: Shaking hands Interaction 2: Having conversations

OUTPUT: Prompt: Four Police Officers. Police Officer A wears sunglasses. Police Officer B has blonde hair. Police Officer C has laptop in hand. Police Officer D is crying. Police Officer A and Police Officer B are shaking hands with each other. Police Officer C and Police Officer D are having conversations with each other.

question_count: Are there four Police Officers? question_attr_1: Is there a Police Officer wearing sunglasses? question_attr_2: Is there a Police Officer with blonde hair? question_attr_3: Is there a Police Officer with laptop in hand? question_attr_4: Is there a Police Officer is crying? question_interaction_1: Is the Police Officer wearing sunglasses shaking hands with the Police Officer with blonde hair? question_interaction_2: Is the Police Officer with laptop in hand having conversations with the Police Officer is crying?

Example 2: Subject: Nurse Attribute 1: Bags: purse Attribute 2: Hair Style: curly Attribute 3: Tattoos: arm Attribute 4: Jewelry: necklace

Interaction 1: Whispering a secret into the other's ear Interaction 2: Waving to each other

OUTPUT: Prompt: Four Nurses. Nurse A has purse in hand. Nurse B has curly hair. Nurse C has tattoos on arm. Nurse D wears necklace. Nurse A and Nurse B are whispering a secret into the other's ear with each other. Nurse C and Nurse D are waving to each other.

question_count: Are there four Nurses? question_attr_1: Is there a Nurse with purse in hand? question_attr_2: Is there a Nurse with curly hair? question_attr_3: Is there a Nurse with tattoos on arm? question_attr_4: Is there a Nurse wearing necklace? question_interaction_1: Is the Nurse with purse in hand whispering a secret into the other's ear with the Nurse with curly hair? question_interaction_2: Is the Nurse with tattoos on arm waving to each other with the Nurse wearing necklace?

Now generate the output for the given sample data above. Return ONLY in this format:

Prompt: [your prompt here]

question_count: [question here] question_attr_1: [question here] question_attr_2: [question here] question_attr_3: [question here] question_attr_4: [question here] question_interaction_1: [question here] question_interaction_2: [question here]",Cruise Ship Crew,"[('Positive', 'proud.'), ('Food/Drink', 'sandwich.'), ('Neutral/Other', 'tired'), ('Facial Hair', 'stubble')]","['Assembling something, reading instructions together', 'Waving to each other']",Are there four Cruise Ship Crews?,Is there a Cruise Ship Crew is proud?,Is there a Cruise Ship Crew with sandwich in hand?,Is there a Cruise Ship Crew is tired?,Is there a Cruise Ship Crew with stubble?,"Is the Cruise Ship Crew is proud assembling something, reading instructions together with the Cruise Ship Crew with sandwich in hand?",Is the Cruise Ship Crew is tired waving to each other with the Cruise Ship Crew with stubble?,
133,Four Flight Attendants. Flight Attendant A has white hair. Flight Attendant B is clean-shaven. Flight Attendant C is pensive. Flight Attendant D has green eyes. Flight Attendant A and Flight Attendant B are looking at the same phone or tablet screen with each other. Flight Attendant C and Flight Attendant D are bowing to each other.,"You are creating image generation prompts and questions for a dataset.

Given the sample data below, you need to generate:

A SHORT image generation prompt

Seven questions about the image

SAMPLE DATA: Subject: Flight Attendant Attribute 1: Hair Color: white Attribute 2: Facial Hair: clean-shaven Attribute 3: Neutral/Other: pensive Attribute 4: Eyes: green Interaction 1: Looking at the same phone or tablet screen Interaction 2: One person Bowing to other

INSTRUCTIONS:

Create a SHORT image generation prompt following this format:

Four [SUBJECT]s. [SUBJECT] A [verb] [ATTRIBUTE_1]. [SUBJECT] B [verb] [ATTRIBUTE_2]. [SUBJECT] C [verb] [ATTRIBUTE_3]. [SUBJECT] D [verb] [ATTRIBUTE_4]. [SUBJECT] A and [SUBJECT] B are [INTERACTION_1] with each other. [SUBJECT] C and [SUBJECT] D are [INTERACTION_2] with each other.

Use appropriate verbs (is/has/wears) based on the attribute type

For emotions: use ""is"" (e.g., ""is crying"")

For physical items/bags: use ""has [item] in hand""

For hair: use ""has [color/style] hair""

For eyewear/gloves/jewelry: use ""wears""

For tattoos: use ""has tattoos on [location]""

Keep it SHORT and DIRECT

Create SEVEN questions:

question_count: ""Are there four [SUBJECT]s?""

question_attr_1 through question_attr_4: ""Is there a [SUBJECT] [attribute description]?""

question_interaction_1: ""Is the [SUBJECT] [with attribute 1] [INTERACTION_1] with the [SUBJECT] [with attribute 2]?""

question_interaction_2: ""Is the [SUBJECT] [with attribute 3] [INTERACTION_2] with the [SUBJECT] [with attribute 4]?""

EXAMPLES:

Example 1: Subject: Police Officer Attribute 1: Eyewear: sunglasses Attribute 2: Hair Color: blonde Attribute 3: Technology: laptop Attribute 4: Negative: crying

Interaction 1: Shaking hands Interaction 2: Having conversations

OUTPUT: Prompt: Four Police Officers. Police Officer A wears sunglasses. Police Officer B has blonde hair. Police Officer C has laptop in hand. Police Officer D is crying. Police Officer A and Police Officer B are shaking hands with each other. Police Officer C and Police Officer D are having conversations with each other.

question_count: Are there four Police Officers? question_attr_1: Is there a Police Officer wearing sunglasses? question_attr_2: Is there a Police Officer with blonde hair? question_attr_3: Is there a Police Officer with laptop in hand? question_attr_4: Is there a Police Officer is crying? question_interaction_1: Is the Police Officer wearing sunglasses shaking hands with the Police Officer with blonde hair? question_interaction_2: Is the Police Officer with laptop in hand having conversations with the Police Officer is crying?

Example 2: Subject: Nurse Attribute 1: Bags: purse Attribute 2: Hair Style: curly Attribute 3: Tattoos: arm Attribute 4: Jewelry: necklace

Interaction 1: Whispering a secret into the other's ear Interaction 2: Waving to each other

OUTPUT: Prompt: Four Nurses. Nurse A has purse in hand. Nurse B has curly hair. Nurse C has tattoos on arm. Nurse D wears necklace. Nurse A and Nurse B are whispering a secret into the other's ear with each other. Nurse C and Nurse D are waving to each other.

question_count: Are there four Nurses? question_attr_1: Is there a Nurse with purse in hand? question_attr_2: Is there a Nurse with curly hair? question_attr_3: Is there a Nurse with tattoos on arm? question_attr_4: Is there a Nurse wearing necklace? question_interaction_1: Is the Nurse with purse in hand whispering a secret into the other's ear with the Nurse with curly hair? question_interaction_2: Is the Nurse with tattoos on arm waving to each other with the Nurse wearing necklace?

Now generate the output for the given sample data above. Return ONLY in this format:

Prompt: [your prompt here]

question_count: [question here] question_attr_1: [question here] question_attr_2: [question here] question_attr_3: [question here] question_attr_4: [question here] question_interaction_1: [question here] question_interaction_2: [question here]",Flight Attendant,"[('Hair Color', 'white'), ('Facial Hair', 'clean-shaven'), ('Neutral/Other', 'pensive'), ('Eyes', 'green')]","['Looking at the same phone or tablet screen', 'One person Bowing to other']",Are there four Flight Attendants?,Is there a Flight Attendant with white hair?,Is there a Flight Attendant is clean-shaven?,Is there a Flight Attendant is pensive?,Is there a Flight Attendant with green eyes?,Is the Flight Attendant with white hair looking at the same phone or tablet screen with the Flight Attendant is clean-shaven?,Is the Flight Attendant is pensive bowing to each other with the Flight Attendant with green eyes?,
134,Four Surgeons. Surgeon A wears glasses. Surgeon B has sideburns. Surgeon C has hazel eyes. Surgeon D is content. Surgeon A and Surgeon B are shaking hands with each other. Surgeon C and Surgeon D are one person crossing their arms and glaring while the other tries to talk with each other.,"You are creating image generation prompts and questions for a dataset.

Given the sample data below, you need to generate:

A SHORT image generation prompt

Seven questions about the image

SAMPLE DATA: Subject: Surgeon Attribute 1: Eyewear: glasses Attribute 2: Facial Hair: sideburns Attribute 3: Eyes: hazel Attribute 4: Positive: content Interaction 1: Shaking hands Interaction 2: One person crossing their arms and glaring while the other tries to talk

INSTRUCTIONS:

Create a SHORT image generation prompt following this format:

Four [SUBJECT]s. [SUBJECT] A [verb] [ATTRIBUTE_1]. [SUBJECT] B [verb] [ATTRIBUTE_2]. [SUBJECT] C [verb] [ATTRIBUTE_3]. [SUBJECT] D [verb] [ATTRIBUTE_4]. [SUBJECT] A and [SUBJECT] B are [INTERACTION_1] with each other. [SUBJECT] C and [SUBJECT] D are [INTERACTION_2] with each other.

Use appropriate verbs (is/has/wears) based on the attribute type

For emotions: use ""is"" (e.g., ""is crying"")

For physical items/bags: use ""has [item] in hand""

For hair: use ""has [color/style] hair""

For eyewear/gloves/jewelry: use ""wears""

For tattoos: use ""has tattoos on [location]""

Keep it SHORT and DIRECT

Create SEVEN questions:

question_count: ""Are there four [SUBJECT]s?""

question_attr_1 through question_attr_4: ""Is there a [SUBJECT] [attribute description]?""

question_interaction_1: ""Is the [SUBJECT] [with attribute 1] [INTERACTION_1] with the [SUBJECT] [with attribute 2]?""

question_interaction_2: ""Is the [SUBJECT] [with attribute 3] [INTERACTION_2] with the [SUBJECT] [with attribute 4]?""

EXAMPLES:

Example 1: Subject: Police Officer Attribute 1: Eyewear: sunglasses Attribute 2: Hair Color: blonde Attribute 3: Technology: laptop Attribute 4: Negative: crying

Interaction 1: Shaking hands Interaction 2: Having conversations

OUTPUT: Prompt: Four Police Officers. Police Officer A wears sunglasses. Police Officer B has blonde hair. Police Officer C has laptop in hand. Police Officer D is crying. Police Officer A and Police Officer B are shaking hands with each other. Police Officer C and Police Officer D are having conversations with each other.

question_count: Are there four Police Officers? question_attr_1: Is there a Police Officer wearing sunglasses? question_attr_2: Is there a Police Officer with blonde hair? question_attr_3: Is there a Police Officer with laptop in hand? question_attr_4: Is there a Police Officer is crying? question_interaction_1: Is the Police Officer wearing sunglasses shaking hands with the Police Officer with blonde hair? question_interaction_2: Is the Police Officer with laptop in hand having conversations with the Police Officer is crying?

Example 2: Subject: Nurse Attribute 1: Bags: purse Attribute 2: Hair Style: curly Attribute 3: Tattoos: arm Attribute 4: Jewelry: necklace

Interaction 1: Whispering a secret into the other's ear Interaction 2: Waving to each other

OUTPUT: Prompt: Four Nurses. Nurse A has purse in hand. Nurse B has curly hair. Nurse C has tattoos on arm. Nurse D wears necklace. Nurse A and Nurse B are whispering a secret into the other's ear with each other. Nurse C and Nurse D are waving to each other.

question_count: Are there four Nurses? question_attr_1: Is there a Nurse with purse in hand? question_attr_2: Is there a Nurse with curly hair? question_attr_3: Is there a Nurse with tattoos on arm? question_attr_4: Is there a Nurse wearing necklace? question_interaction_1: Is the Nurse with purse in hand whispering a secret into the other's ear with the Nurse with curly hair? question_interaction_2: Is the Nurse with tattoos on arm waving to each other with the Nurse wearing necklace?

Now generate the output for the given sample data above. Return ONLY in this format:

Prompt: [your prompt here]

question_count: [question here] question_attr_1: [question here] question_attr_2: [question here] question_attr_3: [question here] question_attr_4: [question here] question_interaction_1: [question here] question_interaction_2: [question here]",Surgeon,"[('Eyewear', 'glasses'), ('Facial Hair', 'sideburns'), ('Eyes', 'hazel'), ('Positive', 'content')]","['Shaking hands', 'One person crossing their arms and glaring while the other tries to talk']",Are there four Surgeons?,Is there a Surgeon wearing glasses?,Is there a Surgeon with sideburns?,Is there a Surgeon with hazel eyes?,Is there a Surgeon is content?,Is the Surgeon wearing glasses shaking hands with the Surgeon with sideburns?,Is the Surgeon with hazel eyes one person crossing their arms and glaring while the other tries to talk with the Surgeon is content?,
142,Four Postal Workers. Postal Worker A wears sunglasses. Postal Worker B is joyful. Postal Worker C has an eyebrow piercing. Postal Worker D is worried. Postal Worker A and Postal Worker B are pointing an accusatory finger at the other with each other. Postal Worker C and Postal Worker D are shouting while the other looks away with each other.,"You are creating image generation prompts and questions for a dataset.

Given the sample data below, you need to generate:

A SHORT image generation prompt

Seven questions about the image

SAMPLE DATA: Subject: Postal Worker Attribute 1: Eyewear: sunglasses Attribute 2: Positive: joyful Attribute 3: Piercings: eyebrow Attribute 4: Negative: worried Interaction 1: One person pointing an accusatory finger at the other Interaction 2: One person shouting while the other looks away

INSTRUCTIONS:

Create a SHORT image generation prompt following this format:

Four [SUBJECT]s. [SUBJECT] A [verb] [ATTRIBUTE_1]. [SUBJECT] B [verb] [ATTRIBUTE_2]. [SUBJECT] C [verb] [ATTRIBUTE_3]. [SUBJECT] D [verb] [ATTRIBUTE_4]. [SUBJECT] A and [SUBJECT] B are [INTERACTION_1] with each other. [SUBJECT] C and [SUBJECT] D are [INTERACTION_2] with each other.

Use appropriate verbs (is/has/wears) based on the attribute type

For emotions: use ""is"" (e.g., ""is crying"")

For physical items/bags: use ""has [item] in hand""

For hair: use ""has [color/style] hair""

For eyewear/gloves/jewelry: use ""wears""

For tattoos: use ""has tattoos on [location]""

Keep it SHORT and DIRECT

Create SEVEN questions:

question_count: ""Are there four [SUBJECT]s?""

question_attr_1 through question_attr_4: ""Is there a [SUBJECT] [attribute description]?""

question_interaction_1: ""Is the [SUBJECT] [with attribute 1] [INTERACTION_1] with the [SUBJECT] [with attribute 2]?""

question_interaction_2: ""Is the [SUBJECT] [with attribute 3] [INTERACTION_2] with the [SUBJECT] [with attribute 4]?""

EXAMPLES:

Example 1: Subject: Police Officer Attribute 1: Eyewear: sunglasses Attribute 2: Hair Color: blonde Attribute 3: Technology: laptop Attribute 4: Negative: crying

Interaction 1: Shaking hands Interaction 2: Having conversations

OUTPUT: Prompt: Four Police Officers. Police Officer A wears sunglasses. Police Officer B has blonde hair. Police Officer C has laptop in hand. Police Officer D is crying. Police Officer A and Police Officer B are shaking hands with each other. Police Officer C and Police Officer D are having conversations with each other.

question_count: Are there four Police Officers? question_attr_1: Is there a Police Officer wearing sunglasses? question_attr_2: Is there a Police Officer with blonde hair? question_attr_3: Is there a Police Officer with laptop in hand? question_attr_4: Is there a Police Officer is crying? question_interaction_1: Is the Police Officer wearing sunglasses shaking hands with the Police Officer with blonde hair? question_interaction_2: Is the Police Officer with laptop in hand having conversations with the Police Officer is crying?

Example 2: Subject: Nurse Attribute 1: Bags: purse Attribute 2: Hair Style: curly Attribute 3: Tattoos: arm Attribute 4: Jewelry: necklace

Interaction 1: Whispering a secret into the other's ear Interaction 2: Waving to each other

OUTPUT: Prompt: Four Nurses. Nurse A has purse in hand. Nurse B has curly hair. Nurse C has tattoos on arm. Nurse D wears necklace. Nurse A and Nurse B are whispering a secret into the other's ear with each other. Nurse C and Nurse D are waving to each other.

question_count: Are there four Nurses? question_attr_1: Is there a Nurse with purse in hand? question_attr_2: Is there a Nurse with curly hair? question_attr_3: Is there a Nurse with tattoos on arm? question_attr_4: Is there a Nurse wearing necklace? question_interaction_1: Is the Nurse with purse in hand whispering a secret into the other's ear with the Nurse with curly hair? question_interaction_2: Is the Nurse with tattoos on arm waving to each other with the Nurse wearing necklace?

Now generate the output for the given sample data above. Return ONLY in this format:

Prompt: [your prompt here]

question_count: [question here] question_attr_1: [question here] question_attr_2: [question here] question_attr_3: [question here] question_attr_4: [question here] question_interaction_1: [question here] question_interaction_2: [question here]",Postal Worker,"[('Eyewear', 'sunglasses'), ('Positive', 'joyful'), ('Piercings', 'eyebrow'), ('Negative', 'worried')]","['One person pointing an accusatory finger at the other', 'One person shouting while the other looks away']",Are there four Postal Workers?,Is there a Postal Worker wearing sunglasses?,Is there a Postal Worker is joyful?,Is there a Postal Worker with an eyebrow piercing?,Is there a Postal Worker is worried?,Is the Postal Worker wearing sunglasses pointing an accusatory finger at the other with the Postal Worker is joyful?,Is the Postal Worker with an eyebrow piercing shouting while the other looks away with the Postal Worker is worried?,
156,Four Postal Workers. Postal Worker A has long hair. Postal Worker B has backpack in hand. Postal Worker C has soda can in hand. Postal Worker D has red hair. Postal Worker A and Postal Worker B are exchanging business cards with each other. Postal Worker C and Postal Worker D are one person placing a comforting hand on the other's shoulder or back with each other.,"You are creating image generation prompts and questions for a dataset.

Given the sample data below, you need to generate:

A SHORT image generation prompt

Seven questions about the image

SAMPLE DATA: Subject: Postal Worker Attribute 1: Hair Style: Long Attribute 2: Bags: Backpack Attribute 3: Food/Drink: soda can Attribute 4: Hair Color: red Interaction 1: Exchanging business cards Interaction 2: One person placing a comforting hand on the other's shoulder or back

INSTRUCTIONS:

Create a SHORT image generation prompt following this format:

Four [SUBJECT]s. [SUBJECT] A [verb] [ATTRIBUTE_1]. [SUBJECT] B [verb] [ATTRIBUTE_2]. [SUBJECT] C [verb] [ATTRIBUTE_3]. [SUBJECT] D [verb] [ATTRIBUTE_4]. [SUBJECT] A and [SUBJECT] B are [INTERACTION_1] with each other. [SUBJECT] C and [SUBJECT] D are [INTERACTION_2] with each other.

Use appropriate verbs (is/has/wears) based on the attribute type

For emotions: use ""is"" (e.g., ""is crying"")

For physical items/bags: use ""has [item] in hand""

For hair: use ""has [color/style] hair""

For eyewear/gloves/jewelry: use ""wears""

For tattoos: use ""has tattoos on [location]""

Keep it SHORT and DIRECT

Create SEVEN questions:

question_count: ""Are there four [SUBJECT]s?""

question_attr_1 through question_attr_4: ""Is there a [SUBJECT] [attribute description]?""

question_interaction_1: ""Is the [SUBJECT] [with attribute 1] [INTERACTION_1] with the [SUBJECT] [with attribute 2]?""

question_interaction_2: ""Is the [SUBJECT] [with attribute 3] [INTERACTION_2] with the [SUBJECT] [with attribute 4]?""

EXAMPLES:

Example 1: Subject: Police Officer Attribute 1: Eyewear: sunglasses Attribute 2: Hair Color: blonde Attribute 3: Technology: laptop Attribute 4: Negative: crying

Interaction 1: Shaking hands Interaction 2: Having conversations

OUTPUT: Prompt: Four Police Officers. Police Officer A wears sunglasses. Police Officer B has blonde hair. Police Officer C has laptop in hand. Police Officer D is crying. Police Officer A and Police Officer B are shaking hands with each other. Police Officer C and Police Officer D are having conversations with each other.

question_count: Are there four Police Officers? question_attr_1: Is there a Police Officer wearing sunglasses? question_attr_2: Is there a Police Officer with blonde hair? question_attr_3: Is there a Police Officer with laptop in hand? question_attr_4: Is there a Police Officer is crying? question_interaction_1: Is the Police Officer wearing sunglasses shaking hands with the Police Officer with blonde hair? question_interaction_2: Is the Police Officer with laptop in hand having conversations with the Police Officer is crying?

Example 2: Subject: Nurse Attribute 1: Bags: purse Attribute 2: Hair Style: curly Attribute 3: Tattoos: arm Attribute 4: Jewelry: necklace

Interaction 1: Whispering a secret into the other's ear Interaction 2: Waving to each other

OUTPUT: Prompt: Four Nurses. Nurse A has purse in hand. Nurse B has curly hair. Nurse C has tattoos on arm. Nurse D wears necklace. Nurse A and Nurse B are whispering a secret into the other's ear with each other. Nurse C and Nurse D are waving to each other.

question_count: Are there four Nurses? question_attr_1: Is there a Nurse with purse in hand? question_attr_2: Is there a Nurse with curly hair? question_attr_3: Is there a Nurse with tattoos on arm? question_attr_4: Is there a Nurse wearing necklace? question_interaction_1: Is the Nurse with purse in hand whispering a secret into the other's ear with the Nurse with curly hair? question_interaction_2: Is the Nurse with tattoos on arm waving to each other with the Nurse wearing necklace?

Now generate the output for the given sample data above. Return ONLY in this format:

Prompt: [your prompt here]

question_count: [question here] question_attr_1: [question here] question_attr_2: [question here] question_attr_3: [question here] question_attr_4: [question here] question_interaction_1: [question here] question_interaction_2: [question here]",Postal Worker,"[('Hair Style', 'Long'), ('Bags', 'Backpack'), ('Food/Drink', 'soda can'), ('Hair Color', 'red')]","['Exchanging business cards', ""One person placing a comforting hand on the other's shoulder or back""]",Are there four Postal Workers?,Is there a Postal Worker with long hair?,Is there a Postal Worker with backpack in hand?,Is there a Postal Worker with soda can in hand?,Is there a Postal Worker with red hair?,Is the Postal Worker with long hair exchanging business cards with the Postal Worker with backpack in hand?,Is the Postal Worker with soda can in hand one person placing a comforting hand on the other's shoulder or back with the Postal Worker with red hair?,
157,Four Marines. Marine A wears Winter gloves. Marine B has soda can in hand. Marine C has tattoos on ankle. Marine D has red hair. Marine A and Marine B are pointing an accusatory finger at the other with each other. Marine C and Marine D are kneeling before someone with each other.,"You are creating image generation prompts and questions for a dataset.

Given the sample data below, you need to generate:

A SHORT image generation prompt

Seven questions about the image

SAMPLE DATA: Subject: Marine (Marine Corps) Attribute 1: Gloves: Winter gloves Attribute 2: Food/Drink: soda can Attribute 3: Tattoos: ankle Attribute 4: Hair Color: red Interaction 1: One person pointing an accusatory finger at the other Interaction 2: Kneeling Before Someone

INSTRUCTIONS:

Create a SHORT image generation prompt following this format:

Four [SUBJECT]s. [SUBJECT] A [verb] [ATTRIBUTE_1]. [SUBJECT] B [verb] [ATTRIBUTE_2]. [SUBJECT] C [verb] [ATTRIBUTE_3]. [SUBJECT] D [verb] [ATTRIBUTE_4]. [SUBJECT] A and [SUBJECT] B are [INTERACTION_1] with each other. [SUBJECT] C and [SUBJECT] D are [INTERACTION_2] with each other.

Use appropriate verbs (is/has/wears) based on the attribute type

For emotions: use ""is"" (e.g., ""is crying"")

For physical items/bags: use ""has [item] in hand""

For hair: use ""has [color/style] hair""

For eyewear/gloves/jewelry: use ""wears""

For tattoos: use ""has tattoos on [location]""

Keep it SHORT and DIRECT

Create SEVEN questions:

question_count: ""Are there four [SUBJECT]s?""

question_attr_1 through question_attr_4: ""Is there a [SUBJECT] [attribute description]?""

question_interaction_1: ""Is the [SUBJECT] [with attribute 1] [INTERACTION_1] with the [SUBJECT] [with attribute 2]?""

question_interaction_2: ""Is the [SUBJECT] [with attribute 3] [INTERACTION_2] with the [SUBJECT] [with attribute 4]?""

EXAMPLES:

Example 1: Subject: Police Officer Attribute 1: Eyewear: sunglasses Attribute 2: Hair Color: blonde Attribute 3: Technology: laptop Attribute 4: Negative: crying

Interaction 1: Shaking hands Interaction 2: Having conversations

OUTPUT: Prompt: Four Police Officers. Police Officer A wears sunglasses. Police Officer B has blonde hair. Police Officer C has laptop in hand. Police Officer D is crying. Police Officer A and Police Officer B are shaking hands with each other. Police Officer C and Police Officer D are having conversations with each other.

question_count: Are there four Police Officers? question_attr_1: Is there a Police Officer wearing sunglasses? question_attr_2: Is there a Police Officer with blonde hair? question_attr_3: Is there a Police Officer with laptop in hand? question_attr_4: Is there a Police Officer is crying? question_interaction_1: Is the Police Officer wearing sunglasses shaking hands with the Police Officer with blonde hair? question_interaction_2: Is the Police Officer with laptop in hand having conversations with the Police Officer is crying?

Example 2: Subject: Nurse Attribute 1: Bags: purse Attribute 2: Hair Style: curly Attribute 3: Tattoos: arm Attribute 4: Jewelry: necklace

Interaction 1: Whispering a secret into the other's ear Interaction 2: Waving to each other

OUTPUT: Prompt: Four Nurses. Nurse A has purse in hand. Nurse B has curly hair. Nurse C has tattoos on arm. Nurse D wears necklace. Nurse A and Nurse B are whispering a secret into the other's ear with each other. Nurse C and Nurse D are waving to each other.

question_count: Are there four Nurses? question_attr_1: Is there a Nurse with purse in hand? question_attr_2: Is there a Nurse with curly hair? question_attr_3: Is there a Nurse with tattoos on arm? question_attr_4: Is there a Nurse wearing necklace? question_interaction_1: Is the Nurse with purse in hand whispering a secret into the other's ear with the Nurse with curly hair? question_interaction_2: Is the Nurse with tattoos on arm waving to each other with the Nurse wearing necklace?

Now generate the output for the given sample data above. Return ONLY in this format:

Prompt: [your prompt here]

question_count: [question here] question_attr_1: [question here] question_attr_2: [question here] question_attr_3: [question here] question_attr_4: [question here] question_interaction_1: [question here] question_interaction_2: [question here]",Marine (Marine Corps),"[('Gloves', 'Winter gloves'), ('Food/Drink', 'soda can'), ('Tattoos', 'ankle'), ('Hair Color', 'red')]","['One person pointing an accusatory finger at the other', 'Kneeling Before Someone']",Are there four Marines?,Is there a Marine wearing Winter gloves?,Is there a Marine with soda can in hand?,Is there a Marine with tattoos on ankle?,Is there a Marine with red hair?,Is the Marine wearing Winter gloves pointing an accusatory finger at the other with the Marine with soda can in hand?,Is the Marine with tattoos on ankle kneeling before someone with the Marine with red hair?,
160,Four Bank Tellers. Bank Teller A has tattoos on neck. Bank Teller B has fades hair. Bank Teller C is thoughtful. Bank Teller D wears nose piercings. Bank Teller A and Bank Teller B are pouring the other a cup of tea or coffee with each other. Bank Teller C and Bank Teller D are one person shouting while the other looks away with each other.,"You are creating image generation prompts and questions for a dataset.

Given the sample data below, you need to generate:

A SHORT image generation prompt

Seven questions about the image

SAMPLE DATA: Subject: Bank Teller Attribute 1: Tattoos: neck Attribute 2: Hair Style: fades Attribute 3: Neutral/Other: thoughtful Attribute 4: Piercings: nose Interaction 1: Pouring the other a cup of tea or coffee Interaction 2: One person shouting while the other looks away

INSTRUCTIONS:

Create a SHORT image generation prompt following this format:

Four [SUBJECT]s. [SUBJECT] A [verb] [ATTRIBUTE_1]. [SUBJECT] B [verb] [ATTRIBUTE_2]. [SUBJECT] C [verb] [ATTRIBUTE_3]. [SUBJECT] D [verb] [ATTRIBUTE_4]. [SUBJECT] A and [SUBJECT] B are [INTERACTION_1] with each other. [SUBJECT] C and [SUBJECT] D are [INTERACTION_2] with each other.

Use appropriate verbs (is/has/wears) based on the attribute type

For emotions: use ""is"" (e.g., ""is crying"")

For physical items/bags: use ""has [item] in hand""

For hair: use ""has [color/style] hair""

For eyewear/gloves/jewelry: use ""wears""

For tattoos: use ""has tattoos on [location]""

Keep it SHORT and DIRECT

Create SEVEN questions:

question_count: ""Are there four [SUBJECT]s?""

question_attr_1 through question_attr_4: ""Is there a [SUBJECT] [attribute description]?""

question_interaction_1: ""Is the [SUBJECT] [with attribute 1] [INTERACTION_1] with the [SUBJECT] [with attribute 2]?""

question_interaction_2: ""Is the [SUBJECT] [with attribute 3] [INTERACTION_2] with the [SUBJECT] [with attribute 4]?""

EXAMPLES:

Example 1: Subject: Police Officer Attribute 1: Eyewear: sunglasses Attribute 2: Hair Color: blonde Attribute 3: Technology: laptop Attribute 4: Negative: crying

Interaction 1: Shaking hands Interaction 2: Having conversations

OUTPUT: Prompt: Four Police Officers. Police Officer A wears sunglasses. Police Officer B has blonde hair. Police Officer C has laptop in hand. Police Officer D is crying. Police Officer A and Police Officer B are shaking hands with each other. Police Officer C and Police Officer D are having conversations with each other.

question_count: Are there four Police Officers? question_attr_1: Is there a Police Officer wearing sunglasses? question_attr_2: Is there a Police Officer with blonde hair? question_attr_3: Is there a Police Officer with laptop in hand? question_attr_4: Is there a Police Officer is crying? question_interaction_1: Is the Police Officer wearing sunglasses shaking hands with the Police Officer with blonde hair? question_interaction_2: Is the Police Officer with laptop in hand having conversations with the Police Officer is crying?

Example 2: Subject: Nurse Attribute 1: Bags: purse Attribute 2: Hair Style: curly Attribute 3: Tattoos: arm Attribute 4: Jewelry: necklace

Interaction 1: Whispering a secret into the other's ear Interaction 2: Waving to each other

OUTPUT: Prompt: Four Nurses. Nurse A has purse in hand. Nurse B has curly hair. Nurse C has tattoos on arm. Nurse D wears necklace. Nurse A and Nurse B are whispering a secret into the other's ear with each other. Nurse C and Nurse D are waving to each other.

question_count: Are there four Nurses? question_attr_1: Is there a Nurse with purse in hand? question_attr_2: Is there a Nurse with curly hair? question_attr_3: Is there a Nurse with tattoos on arm? question_attr_4: Is there a Nurse wearing necklace? question_interaction_1: Is the Nurse with purse in hand whispering a secret into the other's ear with the Nurse with curly hair? question_interaction_2: Is the Nurse with tattoos on arm waving to each other with the Nurse wearing necklace?

Now generate the output for the given sample data above. Return ONLY in this format:

Prompt: [your prompt here]

question_count: [question here] question_attr_1: [question here] question_attr_2: [question here] question_attr_3: [question here] question_attr_4: [question here] question_interaction_1: [question here] question_interaction_2: [question here]",Bank Teller,"[('Tattoos', 'neck'), ('Hair Style', 'fades'), ('Neutral/Other', 'thoughtful'), ('Piercings', 'nose')]","['Pouring the other a cup of tea or coffee', 'One person shouting while the other looks away']",Are there four Bank Tellers?,Is there a Bank Teller with tattoos on neck?,Is there a Bank Teller with fades hair?,Is there a Bank Teller is thoughtful?,Is there a Bank Teller wearing nose piercings?,Is the Bank Teller with tattoos on neck pouring the other a cup of tea or coffee with the Bank Teller with fades hair?,Is the Bank Teller is thoughtful one person shouting while the other looks away with the Bank Teller wearing nose piercings?,
161,"Four Cruise Ship Crews. Cruise Ship Crew A is crying. Cruise Ship Crew B has black hair. Cruise Ship Crew C wears leather gloves. Cruise Ship Crew D wears sunglasses. Cruise Ship Crew A and Cruise Ship Crew B are arguing face-to-face, with expressive hand gestures with each other. Cruise Ship Crew C and Cruise Ship Crew D are one person pointing an accusatory finger at the other with each other.","You are creating image generation prompts and questions for a dataset.

Given the sample data below, you need to generate:

A SHORT image generation prompt

Seven questions about the image

SAMPLE DATA: Subject: Cruise Ship Crew Attribute 1: Negative: crying Attribute 2: Hair Color: Black Attribute 3: Gloves: leather gloves Attribute 4: Eyewear: sunglasses Interaction 1: Arguing face-to-face, with expressive hand gestures Interaction 2: One person pointing an accusatory finger at the other

INSTRUCTIONS:

Create a SHORT image generation prompt following this format:

Four [SUBJECT]s. [SUBJECT] A [verb] [ATTRIBUTE_1]. [SUBJECT] B [verb] [ATTRIBUTE_2]. [SUBJECT] C [verb] [ATTRIBUTE_3]. [SUBJECT] D [verb] [ATTRIBUTE_4]. [SUBJECT] A and [SUBJECT] B are [INTERACTION_1] with each other. [SUBJECT] C and [SUBJECT] D are [INTERACTION_2] with each other.

Use appropriate verbs (is/has/wears) based on the attribute type

For emotions: use ""is"" (e.g., ""is crying"")

For physical items/bags: use ""has [item] in hand""

For hair: use ""has [color/style] hair""

For eyewear/gloves/jewelry: use ""wears""

For tattoos: use ""has tattoos on [location]""

Keep it SHORT and DIRECT

Create SEVEN questions:

question_count: ""Are there four [SUBJECT]s?""

question_attr_1 through question_attr_4: ""Is there a [SUBJECT] [attribute description]?""

question_interaction_1: ""Is the [SUBJECT] [with attribute 1] [INTERACTION_1] with the [SUBJECT] [with attribute 2]?""

question_interaction_2: ""Is the [SUBJECT] [with attribute 3] [INTERACTION_2] with the [SUBJECT] [with attribute 4]?""

EXAMPLES:

Example 1: Subject: Police Officer Attribute 1: Eyewear: sunglasses Attribute 2: Hair Color: blonde Attribute 3: Technology: laptop Attribute 4: Negative: crying

Interaction 1: Shaking hands Interaction 2: Having conversations

OUTPUT: Prompt: Four Police Officers. Police Officer A wears sunglasses. Police Officer B has blonde hair. Police Officer C has laptop in hand. Police Officer D is crying. Police Officer A and Police Officer B are shaking hands with each other. Police Officer C and Police Officer D are having conversations with each other.

question_count: Are there four Police Officers? question_attr_1: Is there a Police Officer wearing sunglasses? question_attr_2: Is there a Police Officer with blonde hair? question_attr_3: Is there a Police Officer with laptop in hand? question_attr_4: Is there a Police Officer is crying? question_interaction_1: Is the Police Officer wearing sunglasses shaking hands with the Police Officer with blonde hair? question_interaction_2: Is the Police Officer with laptop in hand having conversations with the Police Officer is crying?

Example 2: Subject: Nurse Attribute 1: Bags: purse Attribute 2: Hair Style: curly Attribute 3: Tattoos: arm Attribute 4: Jewelry: necklace

Interaction 1: Whispering a secret into the other's ear Interaction 2: Waving to each other

OUTPUT: Prompt: Four Nurses. Nurse A has purse in hand. Nurse B has curly hair. Nurse C has tattoos on arm. Nurse D wears necklace. Nurse A and Nurse B are whispering a secret into the other's ear with each other. Nurse C and Nurse D are waving to each other.

question_count: Are there four Nurses? question_attr_1: Is there a Nurse with purse in hand? question_attr_2: Is there a Nurse with curly hair? question_attr_3: Is there a Nurse with tattoos on arm? question_attr_4: Is there a Nurse wearing necklace? question_interaction_1: Is the Nurse with purse in hand whispering a secret into the other's ear with the Nurse with curly hair? question_interaction_2: Is the Nurse with tattoos on arm waving to each other with the Nurse wearing necklace?

Now generate the output for the given sample data above. Return ONLY in this format:

Prompt: [your prompt here]

question_count: [question here] question_attr_1: [question here] question_attr_2: [question here] question_attr_3: [question here] question_attr_4: [question here] question_interaction_1: [question here] question_interaction_2: [question here]",Cruise Ship Crew,"[('Negative', 'crying'), ('Hair Color', 'Black'), ('Gloves', 'leather gloves'), ('Eyewear', 'sunglasses')]","['Arguing face-to-face, with expressive hand gestures', 'One person pointing an accusatory finger at the other']",Are there four Cruise Ship Crews?,Is there a Cruise Ship Crew is crying?,Is there a Cruise Ship Crew with black hair?,Is there a Cruise Ship Crew wearing leather gloves?,Is there a Cruise Ship Crew wearing sunglasses?,"Is the Cruise Ship Crew is crying arguing face-to-face, with expressive hand gestures with the Cruise Ship Crew with black hair?",Is the Cruise Ship Crew wearing leather gloves one person pointing an accusatory finger at the other with the Cruise Ship Crew wearing sunglasses?,
162,Four Correctional Officers. Correctional Officer A has goatee. Correctional Officer B is frowning. Correctional Officer C is excited. Correctional Officer D is pensive. Correctional Officer A and Correctional Officer B are pointing an accusatory finger at the other with each other. Correctional Officer C and Correctional Officer D are crossing their arms and glaring while the other tries to talk with each other.,"You are creating image generation prompts and questions for a dataset.

Given the sample data below, you need to generate:

A SHORT image generation prompt

Seven questions about the image

SAMPLE DATA: Subject: Correctional Officer Attribute 1: Facial Hair: goatee Attribute 2: Negative: frowning Attribute 3: Positive: excited Attribute 4: Neutral/Other: pensive Interaction 1: One person pointing an accusatory finger at the other Interaction 2: One person crossing their arms and glaring while the other tries to talk

INSTRUCTIONS:

Create a SHORT image generation prompt following this format:

Four [SUBJECT]s. [SUBJECT] A [verb] [ATTRIBUTE_1]. [SUBJECT] B [verb] [ATTRIBUTE_2]. [SUBJECT] C [verb] [ATTRIBUTE_3]. [SUBJECT] D [verb] [ATTRIBUTE_4]. [SUBJECT] A and [SUBJECT] B are [INTERACTION_1] with each other. [SUBJECT] C and [SUBJECT] D are [INTERACTION_2] with each other.

Use appropriate verbs (is/has/wears) based on the attribute type

For emotions: use ""is"" (e.g., ""is crying"")

For physical items/bags: use ""has [item] in hand""

For hair: use ""has [color/style] hair""

For eyewear/gloves/jewelry: use ""wears""

For tattoos: use ""has tattoos on [location]""

Keep it SHORT and DIRECT

Create SEVEN questions:

question_count: ""Are there four [SUBJECT]s?""

question_attr_1 through question_attr_4: ""Is there a [SUBJECT] [attribute description]?""

question_interaction_1: ""Is the [SUBJECT] [with attribute 1] [INTERACTION_1] with the [SUBJECT] [with attribute 2]?""

question_interaction_2: ""Is the [SUBJECT] [with attribute 3] [INTERACTION_2] with the [SUBJECT] [with attribute 4]?""

EXAMPLES:

Example 1: Subject: Police Officer Attribute 1: Eyewear: sunglasses Attribute 2: Hair Color: blonde Attribute 3: Technology: laptop Attribute 4: Negative: crying

Interaction 1: Shaking hands Interaction 2: Having conversations

OUTPUT: Prompt: Four Police Officers. Police Officer A wears sunglasses. Police Officer B has blonde hair. Police Officer C has laptop in hand. Police Officer D is crying. Police Officer A and Police Officer B are shaking hands with each other. Police Officer C and Police Officer D are having conversations with each other.

question_count: Are there four Police Officers? question_attr_1: Is there a Police Officer wearing sunglasses? question_attr_2: Is there a Police Officer with blonde hair? question_attr_3: Is there a Police Officer with laptop in hand? question_attr_4: Is there a Police Officer is crying? question_interaction_1: Is the Police Officer wearing sunglasses shaking hands with the Police Officer with blonde hair? question_interaction_2: Is the Police Officer with laptop in hand having conversations with the Police Officer is crying?

Example 2: Subject: Nurse Attribute 1: Bags: purse Attribute 2: Hair Style: curly Attribute 3: Tattoos: arm Attribute 4: Jewelry: necklace

Interaction 1: Whispering a secret into the other's ear Interaction 2: Waving to each other

OUTPUT: Prompt: Four Nurses. Nurse A has purse in hand. Nurse B has curly hair. Nurse C has tattoos on arm. Nurse D wears necklace. Nurse A and Nurse B are whispering a secret into the other's ear with each other. Nurse C and Nurse D are waving to each other.

question_count: Are there four Nurses? question_attr_1: Is there a Nurse with purse in hand? question_attr_2: Is there a Nurse with curly hair? question_attr_3: Is there a Nurse with tattoos on arm? question_attr_4: Is there a Nurse wearing necklace? question_interaction_1: Is the Nurse with purse in hand whispering a secret into the other's ear with the Nurse with curly hair? question_interaction_2: Is the Nurse with tattoos on arm waving to each other with the Nurse wearing necklace?

Now generate the output for the given sample data above. Return ONLY in this format:

Prompt: [your prompt here]

question_count: [question here] question_attr_1: [question here] question_attr_2: [question here] question_attr_3: [question here] question_attr_4: [question here] question_interaction_1: [question here] question_interaction_2: [question here]",Correctional Officer,"[('Facial Hair', 'goatee'), ('Negative', 'frowning'), ('Positive', 'excited'), ('Neutral/Other', 'pensive')]","['One person pointing an accusatory finger at the other', 'One person crossing their arms and glaring while the other tries to talk']",Are there four Correctional Officers?,Is there a Correctional Officer with goatee?,Is there a Correctional Officer is frowning?,Is there a Correctional Officer is excited?,Is there a Correctional Officer is pensive?,Is the Correctional Officer with goatee pointing an accusatory finger at the other with the Correctional Officer is frowning?,Is the Correctional Officer is excited crossing their arms and glaring while the other tries to talk with the Correctional Officer is pensive?,
167,Four Sailors. Sailor A has tattoos on leg. Sailor B wears leather gloves. Sailor C wears nose piercing. Sailor D is surprised. Sailor A and Sailor B are whispering a secret into the other's ear with each other. Sailor C and Sailor D are kneeling before someone with each other.,"You are creating image generation prompts and questions for a dataset.

Given the sample data below, you need to generate:

A SHORT image generation prompt

Seven questions about the image

SAMPLE DATA: Subject: Sailor (Navy) Attribute 1: Tattoos: leg Attribute 2: Gloves: leather gloves Attribute 3: Piercings: nose Attribute 4: Neutral/Other: Surprised Interaction 1: Whispering a secret into the other's ear Interaction 2: Kneeling Before Someone

INSTRUCTIONS:

Create a SHORT image generation prompt following this format:

Four [SUBJECT]s. [SUBJECT] A [verb] [ATTRIBUTE_1]. [SUBJECT] B [verb] [ATTRIBUTE_2]. [SUBJECT] C [verb] [ATTRIBUTE_3]. [SUBJECT] D [verb] [ATTRIBUTE_4]. [SUBJECT] A and [SUBJECT] B are [INTERACTION_1] with each other. [SUBJECT] C and [SUBJECT] D are [INTERACTION_2] with each other.

Use appropriate verbs (is/has/wears) based on the attribute type

For emotions: use ""is"" (e.g., ""is crying"")

For physical items/bags: use ""has [item] in hand""

For hair: use ""has [color/style] hair""

For eyewear/gloves/jewelry: use ""wears""

For tattoos: use ""has tattoos on [location]""

Keep it SHORT and DIRECT

Create SEVEN questions:

question_count: ""Are there four [SUBJECT]s?""

question_attr_1 through question_attr_4: ""Is there a [SUBJECT] [attribute description]?""

question_interaction_1: ""Is the [SUBJECT] [with attribute 1] [INTERACTION_1] with the [SUBJECT] [with attribute 2]?""

question_interaction_2: ""Is the [SUBJECT] [with attribute 3] [INTERACTION_2] with the [SUBJECT] [with attribute 4]?""

EXAMPLES:

Example 1: Subject: Police Officer Attribute 1: Eyewear: sunglasses Attribute 2: Hair Color: blonde Attribute 3: Technology: laptop Attribute 4: Negative: crying

Interaction 1: Shaking hands Interaction 2: Having conversations

OUTPUT: Prompt: Four Police Officers. Police Officer A wears sunglasses. Police Officer B has blonde hair. Police Officer C has laptop in hand. Police Officer D is crying. Police Officer A and Police Officer B are shaking hands with each other. Police Officer C and Police Officer D are having conversations with each other.

question_count: Are there four Police Officers? question_attr_1: Is there a Police Officer wearing sunglasses? question_attr_2: Is there a Police Officer with blonde hair? question_attr_3: Is there a Police Officer with laptop in hand? question_attr_4: Is there a Police Officer is crying? question_interaction_1: Is the Police Officer wearing sunglasses shaking hands with the Police Officer with blonde hair? question_interaction_2: Is the Police Officer with laptop in hand having conversations with the Police Officer is crying?

Example 2: Subject: Nurse Attribute 1: Bags: purse Attribute 2: Hair Style: curly Attribute 3: Tattoos: arm Attribute 4: Jewelry: necklace

Interaction 1: Whispering a secret into the other's ear Interaction 2: Waving to each other

OUTPUT: Prompt: Four Nurses. Nurse A has purse in hand. Nurse B has curly hair. Nurse C has tattoos on arm. Nurse D wears necklace. Nurse A and Nurse B are whispering a secret into the other's ear with each other. Nurse C and Nurse D are waving to each other.

question_count: Are there four Nurses? question_attr_1: Is there a Nurse with purse in hand? question_attr_2: Is there a Nurse with curly hair? question_attr_3: Is there a Nurse with tattoos on arm? question_attr_4: Is there a Nurse wearing necklace? question_interaction_1: Is the Nurse with purse in hand whispering a secret into the other's ear with the Nurse with curly hair? question_interaction_2: Is the Nurse with tattoos on arm waving to each other with the Nurse wearing necklace?

Now generate the output for the given sample data above. Return ONLY in this format:

Prompt: [your prompt here]

question_count: [question here] question_attr_1: [question here] question_attr_2: [question here] question_attr_3: [question here] question_attr_4: [question here] question_interaction_1: [question here] question_interaction_2: [question here]",Sailor (Navy),"[('Tattoos', 'leg'), ('Gloves', 'leather gloves'), ('Piercings', 'nose'), ('Neutral/Other', 'Surprised')]","[""Whispering a secret into the other's ear"", 'Kneeling Before Someone']",Are there four Sailors?,Is there a Sailor with tattoos on leg?,Is there a Sailor wearing leather gloves?,Is there a Sailor wearing nose piercing?,Is there a Sailor is surprised?,Is the Sailor with tattoos on leg whispering a secret into the other's ear with the Sailor wearing leather gloves?,Is the Sailor wearing nose piercing kneeling before someone with the Sailor is surprised?,
171,"Four Theme Park Employees. Theme Park Employee A wears bracelet. Theme Park Employee B has sideburns. Theme Park Employee C has green eyes. Theme Park Employee D has coffee cup in hand. Theme Park Employee A and Theme Park Employee B are one person turning their back on the other while they are speaking with each other. Theme Park Employee C and Theme Park Employee D are arguing face-to-face, with expressive hand gestures with each other.","You are creating image generation prompts and questions for a dataset.

Given the sample data below, you need to generate:

A SHORT image generation prompt

Seven questions about the image

SAMPLE DATA: Subject: Theme Park Employee Attribute 1: Jewelry: bracelet Attribute 2: Facial Hair: sideburns Attribute 3: Eyes: green Attribute 4: Food/Drink: Coffee cup Interaction 1: One person turning their back on the other while they are speaking Interaction 2: Arguing face-to-face, with expressive hand gestures

INSTRUCTIONS:

Create a SHORT image generation prompt following this format:

Four [SUBJECT]s. [SUBJECT] A [verb] [ATTRIBUTE_1]. [SUBJECT] B [verb] [ATTRIBUTE_2]. [SUBJECT] C [verb] [ATTRIBUTE_3]. [SUBJECT] D [verb] [ATTRIBUTE_4]. [SUBJECT] A and [SUBJECT] B are [INTERACTION_1] with each other. [SUBJECT] C and [SUBJECT] D are [INTERACTION_2] with each other.

Use appropriate verbs (is/has/wears) based on the attribute type

For emotions: use ""is"" (e.g., ""is crying"")

For physical items/bags: use ""has [item] in hand""

For hair: use ""has [color/style] hair""

For eyewear/gloves/jewelry: use ""wears""

For tattoos: use ""has tattoos on [location]""

Keep it SHORT and DIRECT

Create SEVEN questions:

question_count: ""Are there four [SUBJECT]s?""

question_attr_1 through question_attr_4: ""Is there a [SUBJECT] [attribute description]?""

question_interaction_1: ""Is the [SUBJECT] [with attribute 1] [INTERACTION_1] with the [SUBJECT] [with attribute 2]?""

question_interaction_2: ""Is the [SUBJECT] [with attribute 3] [INTERACTION_2] with the [SUBJECT] [with attribute 4]?""

EXAMPLES:

Example 1: Subject: Police Officer Attribute 1: Eyewear: sunglasses Attribute 2: Hair Color: blonde Attribute 3: Technology: laptop Attribute 4: Negative: crying

Interaction 1: Shaking hands Interaction 2: Having conversations

OUTPUT: Prompt: Four Police Officers. Police Officer A wears sunglasses. Police Officer B has blonde hair. Police Officer C has laptop in hand. Police Officer D is crying. Police Officer A and Police Officer B are shaking hands with each other. Police Officer C and Police Officer D are having conversations with each other.

question_count: Are there four Police Officers? question_attr_1: Is there a Police Officer wearing sunglasses? question_attr_2: Is there a Police Officer with blonde hair? question_attr_3: Is there a Police Officer with laptop in hand? question_attr_4: Is there a Police Officer is crying? question_interaction_1: Is the Police Officer wearing sunglasses shaking hands with the Police Officer with blonde hair? question_interaction_2: Is the Police Officer with laptop in hand having conversations with the Police Officer is crying?

Example 2: Subject: Nurse Attribute 1: Bags: purse Attribute 2: Hair Style: curly Attribute 3: Tattoos: arm Attribute 4: Jewelry: necklace

Interaction 1: Whispering a secret into the other's ear Interaction 2: Waving to each other

OUTPUT: Prompt: Four Nurses. Nurse A has purse in hand. Nurse B has curly hair. Nurse C has tattoos on arm. Nurse D wears necklace. Nurse A and Nurse B are whispering a secret into the other's ear with each other. Nurse C and Nurse D are waving to each other.

question_count: Are there four Nurses? question_attr_1: Is there a Nurse with purse in hand? question_attr_2: Is there a Nurse with curly hair? question_attr_3: Is there a Nurse with tattoos on arm? question_attr_4: Is there a Nurse wearing necklace? question_interaction_1: Is the Nurse with purse in hand whispering a secret into the other's ear with the Nurse with curly hair? question_interaction_2: Is the Nurse with tattoos on arm waving to each other with the Nurse wearing necklace?

Now generate the output for the given sample data above. Return ONLY in this format:

Prompt: [your prompt here]

question_count: [question here] question_attr_1: [question here] question_attr_2: [question here] question_attr_3: [question here] question_attr_4: [question here] question_interaction_1: [question here] question_interaction_2: [question here]",Theme Park Employee,"[('Jewelry', 'bracelet'), ('Facial Hair', 'sideburns'), ('Eyes', 'green'), ('Food/Drink', 'Coffee cup')]","['One person turning their back on the other while they are speaking', 'Arguing face-to-face, with expressive hand gestures']",Are there four Theme Park Employees?,Is there a Theme Park Employee wearing bracelet?,Is there a Theme Park Employee with sideburns?,Is there a Theme Park Employee with green eyes?,Is there a Theme Park Employee with coffee cup in hand?,Is the Theme Park Employee wearing bracelet one person turning their back on the other while they are speaking with the Theme Park Employee with sideburns?,"Is the Theme Park Employee with green eyes arguing face-to-face, with expressive hand gestures with the Theme Park Employee with coffee cup in hand?",
175,Four Casino Dealers. Casino Dealer A is surprised. Casino Dealer B has sideburns. Casino Dealer C is content. Casino Dealer D has black hair. Casino Dealer A and Casino Dealer B are Kneeling Before Someone with each other. Casino Dealer C and Casino Dealer D are One person shouting while the other looks away with each other.,"You are creating image generation prompts and questions for a dataset.

Given the sample data below, you need to generate:

A SHORT image generation prompt

Seven questions about the image

SAMPLE DATA: Subject: Casino Dealer Attribute 1: Neutral/Other: Surprised Attribute 2: Facial Hair: sideburns Attribute 3: Positive: content Attribute 4: Hair Color: Black Interaction 1: Kneeling Before Someone Interaction 2: One person shouting while the other looks away

INSTRUCTIONS:

Create a SHORT image generation prompt following this format:

Four [SUBJECT]s. [SUBJECT] A [verb] [ATTRIBUTE_1]. [SUBJECT] B [verb] [ATTRIBUTE_2]. [SUBJECT] C [verb] [ATTRIBUTE_3]. [SUBJECT] D [verb] [ATTRIBUTE_4]. [SUBJECT] A and [SUBJECT] B are [INTERACTION_1] with each other. [SUBJECT] C and [SUBJECT] D are [INTERACTION_2] with each other.

Use appropriate verbs (is/has/wears) based on the attribute type

For emotions: use ""is"" (e.g., ""is crying"")

For physical items/bags: use ""has [item] in hand""

For hair: use ""has [color/style] hair""

For eyewear/gloves/jewelry: use ""wears""

For tattoos: use ""has tattoos on [location]""

Keep it SHORT and DIRECT

Create SEVEN questions:

question_count: ""Are there four [SUBJECT]s?""

question_attr_1 through question_attr_4: ""Is there a [SUBJECT] [attribute description]?""

question_interaction_1: ""Is the [SUBJECT] [with attribute 1] [INTERACTION_1] with the [SUBJECT] [with attribute 2]?""

question_interaction_2: ""Is the [SUBJECT] [with attribute 3] [INTERACTION_2] with the [SUBJECT] [with attribute 4]?""

EXAMPLES:

Example 1: Subject: Police Officer Attribute 1: Eyewear: sunglasses Attribute 2: Hair Color: blonde Attribute 3: Technology: laptop Attribute 4: Negative: crying

Interaction 1: Shaking hands Interaction 2: Having conversations

OUTPUT: Prompt: Four Police Officers. Police Officer A wears sunglasses. Police Officer B has blonde hair. Police Officer C has laptop in hand. Police Officer D is crying. Police Officer A and Police Officer B are shaking hands with each other. Police Officer C and Police Officer D are having conversations with each other.

question_count: Are there four Police Officers? question_attr_1: Is there a Police Officer wearing sunglasses? question_attr_2: Is there a Police Officer with blonde hair? question_attr_3: Is there a Police Officer with laptop in hand? question_attr_4: Is there a Police Officer is crying? question_interaction_1: Is the Police Officer wearing sunglasses shaking hands with the Police Officer with blonde hair? question_interaction_2: Is the Police Officer with laptop in hand having conversations with the Police Officer is crying?

Example 2: Subject: Nurse Attribute 1: Bags: purse Attribute 2: Hair Style: curly Attribute 3: Tattoos: arm Attribute 4: Jewelry: necklace

Interaction 1: Whispering a secret into the other's ear Interaction 2: Waving to each other

OUTPUT: Prompt: Four Nurses. Nurse A has purse in hand. Nurse B has curly hair. Nurse C has tattoos on arm. Nurse D wears necklace. Nurse A and Nurse B are whispering a secret into the other's ear with each other. Nurse C and Nurse D are waving to each other.

question_count: Are there four Nurses? question_attr_1: Is there a Nurse with purse in hand? question_attr_2: Is there a Nurse with curly hair? question_attr_3: Is there a Nurse with tattoos on arm? question_attr_4: Is there a Nurse wearing necklace? question_interaction_1: Is the Nurse with purse in hand whispering a secret into the other's ear with the Nurse with curly hair? question_interaction_2: Is the Nurse with tattoos on arm waving to each other with the Nurse wearing necklace?

Now generate the output for the given sample data above. Return ONLY in this format:

Prompt: [your prompt here]

question_count: [question here] question_attr_1: [question here] question_attr_2: [question here] question_attr_3: [question here] question_attr_4: [question here] question_interaction_1: [question here] question_interaction_2: [question here]",Casino Dealer,"[('Neutral/Other', 'Surprised'), ('Facial Hair', 'sideburns'), ('Positive', 'content'), ('Hair Color', 'Black')]","['Kneeling Before Someone', 'One person shouting while the other looks away']",Are there four Casino Dealers?,Is there a Casino Dealer is surprised?,Is there a Casino Dealer has sideburns?,Is there a Casino Dealer is content?,Is there a Casino Dealer has black hair?,Is the Casino Dealer is surprised Kneeling Before Someone with the Casino Dealer has sideburns?,Is the Casino Dealer is content One person shouting while the other looks away with the Casino Dealer has black hair?,
176,"Four Surgeons. Surgeon A wears latex gloves. Surgeon B is serious. Surgeon C wears earrings. Surgeon D has hazel eyes. Surgeon A and Surgeon B are exchanging business cards with each other. Surgeon C and Surgeon D are assembling something, reading instructions together with each other.","You are creating image generation prompts and questions for a dataset.

Given the sample data below, you need to generate:

A SHORT image generation prompt

Seven questions about the image

SAMPLE DATA: Subject: Surgeon Attribute 1: Gloves: latex gloves. Attribute 2: Neutral/Other: serious. Attribute 3: Jewelry: earrings Attribute 4: Eyes: hazel Interaction 1: Exchanging business cards Interaction 2: Assembling something, reading instructions together

INSTRUCTIONS:

Create a SHORT image generation prompt following this format:

Four [SUBJECT]s. [SUBJECT] A [verb] [ATTRIBUTE_1]. [SUBJECT] B [verb] [ATTRIBUTE_2]. [SUBJECT] C [verb] [ATTRIBUTE_3]. [SUBJECT] D [verb] [ATTRIBUTE_4]. [SUBJECT] A and [SUBJECT] B are [INTERACTION_1] with each other. [SUBJECT] C and [SUBJECT] D are [INTERACTION_2] with each other.

Use appropriate verbs (is/has/wears) based on the attribute type

For emotions: use ""is"" (e.g., ""is crying"")

For physical items/bags: use ""has [item] in hand""

For hair: use ""has [color/style] hair""

For eyewear/gloves/jewelry: use ""wears""

For tattoos: use ""has tattoos on [location]""

Keep it SHORT and DIRECT

Create SEVEN questions:

question_count: ""Are there four [SUBJECT]s?""

question_attr_1 through question_attr_4: ""Is there a [SUBJECT] [attribute description]?""

question_interaction_1: ""Is the [SUBJECT] [with attribute 1] [INTERACTION_1] with the [SUBJECT] [with attribute 2]?""

question_interaction_2: ""Is the [SUBJECT] [with attribute 3] [INTERACTION_2] with the [SUBJECT] [with attribute 4]?""

EXAMPLES:

Example 1: Subject: Police Officer Attribute 1: Eyewear: sunglasses Attribute 2: Hair Color: blonde Attribute 3: Technology: laptop Attribute 4: Negative: crying

Interaction 1: Shaking hands Interaction 2: Having conversations

OUTPUT: Prompt: Four Police Officers. Police Officer A wears sunglasses. Police Officer B has blonde hair. Police Officer C has laptop in hand. Police Officer D is crying. Police Officer A and Police Officer B are shaking hands with each other. Police Officer C and Police Officer D are having conversations with each other.

question_count: Are there four Police Officers? question_attr_1: Is there a Police Officer wearing sunglasses? question_attr_2: Is there a Police Officer with blonde hair? question_attr_3: Is there a Police Officer with laptop in hand? question_attr_4: Is there a Police Officer is crying? question_interaction_1: Is the Police Officer wearing sunglasses shaking hands with the Police Officer with blonde hair? question_interaction_2: Is the Police Officer with laptop in hand having conversations with the Police Officer is crying?

Example 2: Subject: Nurse Attribute 1: Bags: purse Attribute 2: Hair Style: curly Attribute 3: Tattoos: arm Attribute 4: Jewelry: necklace

Interaction 1: Whispering a secret into the other's ear Interaction 2: Waving to each other

OUTPUT: Prompt: Four Nurses. Nurse A has purse in hand. Nurse B has curly hair. Nurse C has tattoos on arm. Nurse D wears necklace. Nurse A and Nurse B are whispering a secret into the other's ear with each other. Nurse C and Nurse D are waving to each other.

question_count: Are there four Nurses? question_attr_1: Is there a Nurse with purse in hand? question_attr_2: Is there a Nurse with curly hair? question_attr_3: Is there a Nurse with tattoos on arm? question_attr_4: Is there a Nurse wearing necklace? question_interaction_1: Is the Nurse with purse in hand whispering a secret into the other's ear with the Nurse with curly hair? question_interaction_2: Is the Nurse with tattoos on arm waving to each other with the Nurse wearing necklace?

Now generate the output for the given sample data above. Return ONLY in this format:

Prompt: [your prompt here]

question_count: [question here] question_attr_1: [question here] question_attr_2: [question here] question_attr_3: [question here] question_attr_4: [question here] question_interaction_1: [question here] question_interaction_2: [question here]",Surgeon,"[('Gloves', 'latex gloves.'), ('Neutral/Other', 'serious.'), ('Jewelry', 'earrings'), ('Eyes', 'hazel')]","['Exchanging business cards', 'Assembling something, reading instructions together']",Are there four Surgeons?,Is there a Surgeon wearing latex gloves?,Is there a Surgeon is serious?,Is there a Surgeon wearing earrings?,Is there a Surgeon with hazel eyes?,Is the Surgeon wearing latex gloves exchanging business cards with the Surgeon is serious?,"Is the Surgeon wearing earrings assembling something, reading instructions together with the Surgeon with hazel eyes?",
180,Four Bank Tellers. Bank Teller A is angry. Bank Teller B has hazel eyes. Bank Teller C wears headphones. Bank Teller D is serious. Bank Teller A and Bank Teller B are bowing to each other. Bank Teller C and Bank Teller D are placing a comforting hand on the other's shoulder or back with each other.,"You are creating image generation prompts and questions for a dataset.

Given the sample data below, you need to generate:

A SHORT image generation prompt

Seven questions about the image

SAMPLE DATA: Subject: Bank Teller Attribute 1: Negative: angry Attribute 2: Eyes: hazel Attribute 3: Technology: headphones Attribute 4: Neutral/Other: serious. Interaction 1: One person Bowing to other Interaction 2: One person placing a comforting hand on the other's shoulder or back

INSTRUCTIONS:

Create a SHORT image generation prompt following this format:

Four [SUBJECT]s. [SUBJECT] A [verb] [ATTRIBUTE_1]. [SUBJECT] B [verb] [ATTRIBUTE_2]. [SUBJECT] C [verb] [ATTRIBUTE_3]. [SUBJECT] D [verb] [ATTRIBUTE_4]. [SUBJECT] A and [SUBJECT] B are [INTERACTION_1] with each other. [SUBJECT] C and [SUBJECT] D are [INTERACTION_2] with each other.

Use appropriate verbs (is/has/wears) based on the attribute type

For emotions: use ""is"" (e.g., ""is crying"")

For physical items/bags: use ""has [item] in hand""

For hair: use ""has [color/style] hair""

For eyewear/gloves/jewelry: use ""wears""

For tattoos: use ""has tattoos on [location]""

Keep it SHORT and DIRECT

Create SEVEN questions:

question_count: ""Are there four [SUBJECT]s?""

question_attr_1 through question_attr_4: ""Is there a [SUBJECT] [attribute description]?""

question_interaction_1: ""Is the [SUBJECT] [with attribute 1] [INTERACTION_1] with the [SUBJECT] [with attribute 2]?""

question_interaction_2: ""Is the [SUBJECT] [with attribute 3] [INTERACTION_2] with the [SUBJECT] [with attribute 4]?""

EXAMPLES:

Example 1: Subject: Police Officer Attribute 1: Eyewear: sunglasses Attribute 2: Hair Color: blonde Attribute 3: Technology: laptop Attribute 4: Negative: crying

Interaction 1: Shaking hands Interaction 2: Having conversations

OUTPUT: Prompt: Four Police Officers. Police Officer A wears sunglasses. Police Officer B has blonde hair. Police Officer C has laptop in hand. Police Officer D is crying. Police Officer A and Police Officer B are shaking hands with each other. Police Officer C and Police Officer D are having conversations with each other.

question_count: Are there four Police Officers? question_attr_1: Is there a Police Officer wearing sunglasses? question_attr_2: Is there a Police Officer with blonde hair? question_attr_3: Is there a Police Officer with laptop in hand? question_attr_4: Is there a Police Officer is crying? question_interaction_1: Is the Police Officer wearing sunglasses shaking hands with the Police Officer with blonde hair? question_interaction_2: Is the Police Officer with laptop in hand having conversations with the Police Officer is crying?

Example 2: Subject: Nurse Attribute 1: Bags: purse Attribute 2: Hair Style: curly Attribute 3: Tattoos: arm Attribute 4: Jewelry: necklace

Interaction 1: Whispering a secret into the other's ear Interaction 2: Waving to each other

OUTPUT: Prompt: Four Nurses. Nurse A has purse in hand. Nurse B has curly hair. Nurse C has tattoos on arm. Nurse D wears necklace. Nurse A and Nurse B are whispering a secret into the other's ear with each other. Nurse C and Nurse D are waving to each other.

question_count: Are there four Nurses? question_attr_1: Is there a Nurse with purse in hand? question_attr_2: Is there a Nurse with curly hair? question_attr_3: Is there a Nurse with tattoos on arm? question_attr_4: Is there a Nurse wearing necklace? question_interaction_1: Is the Nurse with purse in hand whispering a secret into the other's ear with the Nurse with curly hair? question_interaction_2: Is the Nurse with tattoos on arm waving to each other with the Nurse wearing necklace?

Now generate the output for the given sample data above. Return ONLY in this format:

Prompt: [your prompt here]

question_count: [question here] question_attr_1: [question here] question_attr_2: [question here] question_attr_3: [question here] question_attr_4: [question here] question_interaction_1: [question here] question_interaction_2: [question here]",Bank Teller,"[('Negative', 'angry'), ('Eyes', 'hazel'), ('Technology', 'headphones'), ('Neutral/Other', 'serious.')]","['One person Bowing to other', ""One person placing a comforting hand on the other's shoulder or back""]",Are there four Bank Tellers?,Is there a Bank Teller is angry?,Is there a Bank Teller with hazel eyes?,Is there a Bank Teller wearing headphones?,Is there a Bank Teller is serious?,Is the Bank Teller is angry bowing to each other with the Bank Teller with hazel eyes?,Is the Bank Teller wearing headphones placing a comforting hand on the other's shoulder or back with the Bank Teller is serious?,
182,Four Doctors. Doctor A wears eyebrow piercings. Doctor B wears Winter gloves. Doctor C is sad. Doctor D is serene. Doctor A and Doctor B are pointing an accusatory finger at each other. Doctor C and Doctor D are having conversations with each other.,"You are creating image generation prompts and questions for a dataset.

Given the sample data below, you need to generate:

A SHORT image generation prompt

Seven questions about the image

SAMPLE DATA: Subject: Doctor Attribute 1: Piercings: eyebrow Attribute 2: Gloves: Winter gloves Attribute 3: Negative: Sad Attribute 4: Positive: serene Interaction 1: One person pointing an accusatory finger at the other Interaction 2: Having conversations

INSTRUCTIONS:

Create a SHORT image generation prompt following this format:

Four [SUBJECT]s. [SUBJECT] A [verb] [ATTRIBUTE_1]. [SUBJECT] B [verb] [ATTRIBUTE_2]. [SUBJECT] C [verb] [ATTRIBUTE_3]. [SUBJECT] D [verb] [ATTRIBUTE_4]. [SUBJECT] A and [SUBJECT] B are [INTERACTION_1] with each other. [SUBJECT] C and [SUBJECT] D are [INTERACTION_2] with each other.

Use appropriate verbs (is/has/wears) based on the attribute type

For emotions: use ""is"" (e.g., ""is crying"")

For physical items/bags: use ""has [item] in hand""

For hair: use ""has [color/style] hair""

For eyewear/gloves/jewelry: use ""wears""

For tattoos: use ""has tattoos on [location]""

Keep it SHORT and DIRECT

Create SEVEN questions:

question_count: ""Are there four [SUBJECT]s?""

question_attr_1 through question_attr_4: ""Is there a [SUBJECT] [attribute description]?""

question_interaction_1: ""Is the [SUBJECT] [with attribute 1] [INTERACTION_1] with the [SUBJECT] [with attribute 2]?""

question_interaction_2: ""Is the [SUBJECT] [with attribute 3] [INTERACTION_2] with the [SUBJECT] [with attribute 4]?""

EXAMPLES:

Example 1: Subject: Police Officer Attribute 1: Eyewear: sunglasses Attribute 2: Hair Color: blonde Attribute 3: Technology: laptop Attribute 4: Negative: crying

Interaction 1: Shaking hands Interaction 2: Having conversations

OUTPUT: Prompt: Four Police Officers. Police Officer A wears sunglasses. Police Officer B has blonde hair. Police Officer C has laptop in hand. Police Officer D is crying. Police Officer A and Police Officer B are shaking hands with each other. Police Officer C and Police Officer D are having conversations with each other.

question_count: Are there four Police Officers? question_attr_1: Is there a Police Officer wearing sunglasses? question_attr_2: Is there a Police Officer with blonde hair? question_attr_3: Is there a Police Officer with laptop in hand? question_attr_4: Is there a Police Officer is crying? question_interaction_1: Is the Police Officer wearing sunglasses shaking hands with the Police Officer with blonde hair? question_interaction_2: Is the Police Officer with laptop in hand having conversations with the Police Officer is crying?

Example 2: Subject: Nurse Attribute 1: Bags: purse Attribute 2: Hair Style: curly Attribute 3: Tattoos: arm Attribute 4: Jewelry: necklace

Interaction 1: Whispering a secret into the other's ear Interaction 2: Waving to each other

OUTPUT: Prompt: Four Nurses. Nurse A has purse in hand. Nurse B has curly hair. Nurse C has tattoos on arm. Nurse D wears necklace. Nurse A and Nurse B are whispering a secret into the other's ear with each other. Nurse C and Nurse D are waving to each other.

question_count: Are there four Nurses? question_attr_1: Is there a Nurse with purse in hand? question_attr_2: Is there a Nurse with curly hair? question_attr_3: Is there a Nurse with tattoos on arm? question_attr_4: Is there a Nurse wearing necklace? question_interaction_1: Is the Nurse with purse in hand whispering a secret into the other's ear with the Nurse with curly hair? question_interaction_2: Is the Nurse with tattoos on arm waving to each other with the Nurse wearing necklace?

Now generate the output for the given sample data above. Return ONLY in this format:

Prompt: [your prompt here]

question_count: [question here] question_attr_1: [question here] question_attr_2: [question here] question_attr_3: [question here] question_attr_4: [question here] question_interaction_1: [question here] question_interaction_2: [question here]",Doctor,"[('Piercings', 'eyebrow'), ('Gloves', 'Winter gloves'), ('Negative', 'Sad'), ('Positive', 'serene')]","['One person pointing an accusatory finger at the other', 'Having conversations']",Are there four Doctors?,Is there a Doctor wearing eyebrow piercings?,Is there a Doctor wearing Winter gloves?,Is there a Doctor is sad?,Is there a Doctor is serene?,Is the Doctor wearing eyebrow piercings pointing an accusatory finger at the other with the Doctor wearing Winter gloves?,Is the Doctor is sad having conversations with the Doctor is serene?,
184,Four Surgeons. Surgeon A wears lip piercings. Surgeon B is bored. Surgeon C has backpack in hand. Surgeon D has a beard. Surgeon A and Surgeon B are shaking hands with each other. Surgeon C and Surgeon D are taking a pulse with each other.,"You are creating image generation prompts and questions for a dataset.

Given the sample data below, you need to generate:

A SHORT image generation prompt

Seven questions about the image

SAMPLE DATA: Subject: Surgeon Attribute 1: Piercings: lip Attribute 2: Neutral/Other: bored Attribute 3: Bags: Backpack Attribute 4: Facial Hair: Beard Interaction 1: Shaking hands Interaction 2: Taking a Pulse

INSTRUCTIONS:

Create a SHORT image generation prompt following this format:

Four [SUBJECT]s. [SUBJECT] A [verb] [ATTRIBUTE_1]. [SUBJECT] B [verb] [ATTRIBUTE_2]. [SUBJECT] C [verb] [ATTRIBUTE_3]. [SUBJECT] D [verb] [ATTRIBUTE_4]. [SUBJECT] A and [SUBJECT] B are [INTERACTION_1] with each other. [SUBJECT] C and [SUBJECT] D are [INTERACTION_2] with each other.

Use appropriate verbs (is/has/wears) based on the attribute type

For emotions: use ""is"" (e.g., ""is crying"")

For physical items/bags: use ""has [item] in hand""

For hair: use ""has [color/style] hair""

For eyewear/gloves/jewelry: use ""wears""

For tattoos: use ""has tattoos on [location]""

Keep it SHORT and DIRECT

Create SEVEN questions:

question_count: ""Are there four [SUBJECT]s?""

question_attr_1 through question_attr_4: ""Is there a [SUBJECT] [attribute description]?""

question_interaction_1: ""Is the [SUBJECT] [with attribute 1] [INTERACTION_1] with the [SUBJECT] [with attribute 2]?""

question_interaction_2: ""Is the [SUBJECT] [with attribute 3] [INTERACTION_2] with the [SUBJECT] [with attribute 4]?""

EXAMPLES:

Example 1: Subject: Police Officer Attribute 1: Eyewear: sunglasses Attribute 2: Hair Color: blonde Attribute 3: Technology: laptop Attribute 4: Negative: crying

Interaction 1: Shaking hands Interaction 2: Having conversations

OUTPUT: Prompt: Four Police Officers. Police Officer A wears sunglasses. Police Officer B has blonde hair. Police Officer C has laptop in hand. Police Officer D is crying. Police Officer A and Police Officer B are shaking hands with each other. Police Officer C and Police Officer D are having conversations with each other.

question_count: Are there four Police Officers? question_attr_1: Is there a Police Officer wearing sunglasses? question_attr_2: Is there a Police Officer with blonde hair? question_attr_3: Is there a Police Officer with laptop in hand? question_attr_4: Is there a Police Officer is crying? question_interaction_1: Is the Police Officer wearing sunglasses shaking hands with the Police Officer with blonde hair? question_interaction_2: Is the Police Officer with laptop in hand having conversations with the Police Officer is crying?

Example 2: Subject: Nurse Attribute 1: Bags: purse Attribute 2: Hair Style: curly Attribute 3: Tattoos: arm Attribute 4: Jewelry: necklace

Interaction 1: Whispering a secret into the other's ear Interaction 2: Waving to each other

OUTPUT: Prompt: Four Nurses. Nurse A has purse in hand. Nurse B has curly hair. Nurse C has tattoos on arm. Nurse D wears necklace. Nurse A and Nurse B are whispering a secret into the other's ear with each other. Nurse C and Nurse D are waving to each other.

question_count: Are there four Nurses? question_attr_1: Is there a Nurse with purse in hand? question_attr_2: Is there a Nurse with curly hair? question_attr_3: Is there a Nurse with tattoos on arm? question_attr_4: Is there a Nurse wearing necklace? question_interaction_1: Is the Nurse with purse in hand whispering a secret into the other's ear with the Nurse with curly hair? question_interaction_2: Is the Nurse with tattoos on arm waving to each other with the Nurse wearing necklace?

Now generate the output for the given sample data above. Return ONLY in this format:

Prompt: [your prompt here]

question_count: [question here] question_attr_1: [question here] question_attr_2: [question here] question_attr_3: [question here] question_attr_4: [question here] question_interaction_1: [question here] question_interaction_2: [question here]",Surgeon,"[('Piercings', 'lip'), ('Neutral/Other', 'bored'), ('Bags', 'Backpack'), ('Facial Hair', 'Beard')]","['Shaking hands', 'Taking a Pulse']",Are there four Surgeons?,Is there a Surgeon wearing lip piercings?,Is there a Surgeon is bored?,Is there a Surgeon with backpack in hand?,Is there a Surgeon with a beard?,Is the Surgeon wearing lip piercings shaking hands with the Surgeon is bored?,Is the Surgeon with backpack in hand taking a pulse with the Surgeon with a beard?,
185,Four Pharmacists. Pharmacist A is content. Pharmacist B is confused. Pharmacist C has Black hair. Pharmacist D wears Winter gloves. Pharmacist A and Pharmacist B are high-fiving with each other. Pharmacist C and Pharmacist D are pointing an accusatory finger at each other.,"You are creating image generation prompts and questions for a dataset.

Given the sample data below, you need to generate:

A SHORT image generation prompt

Seven questions about the image

SAMPLE DATA: Subject: Pharmacist Attribute 1: Positive: content Attribute 2: Negative: confused Attribute 3: Hair Color: Black Attribute 4: Gloves: Winter gloves Interaction 1: high-five Interaction 2: One person pointing an accusatory finger at the other

INSTRUCTIONS:

Create a SHORT image generation prompt following this format:

Four [SUBJECT]s. [SUBJECT] A [verb] [ATTRIBUTE_1]. [SUBJECT] B [verb] [ATTRIBUTE_2]. [SUBJECT] C [verb] [ATTRIBUTE_3]. [SUBJECT] D [verb] [ATTRIBUTE_4]. [SUBJECT] A and [SUBJECT] B are [INTERACTION_1] with each other. [SUBJECT] C and [SUBJECT] D are [INTERACTION_2] with each other.

Use appropriate verbs (is/has/wears) based on the attribute type

For emotions: use ""is"" (e.g., ""is crying"")

For physical items/bags: use ""has [item] in hand""

For hair: use ""has [color/style] hair""

For eyewear/gloves/jewelry: use ""wears""

For tattoos: use ""has tattoos on [location]""

Keep it SHORT and DIRECT

Create SEVEN questions:

question_count: ""Are there four [SUBJECT]s?""

question_attr_1 through question_attr_4: ""Is there a [SUBJECT] [attribute description]?""

question_interaction_1: ""Is the [SUBJECT] [with attribute 1] [INTERACTION_1] with the [SUBJECT] [with attribute 2]?""

question_interaction_2: ""Is the [SUBJECT] [with attribute 3] [INTERACTION_2] with the [SUBJECT] [with attribute 4]?""

EXAMPLES:

Example 1: Subject: Police Officer Attribute 1: Eyewear: sunglasses Attribute 2: Hair Color: blonde Attribute 3: Technology: laptop Attribute 4: Negative: crying

Interaction 1: Shaking hands Interaction 2: Having conversations

OUTPUT: Prompt: Four Police Officers. Police Officer A wears sunglasses. Police Officer B has blonde hair. Police Officer C has laptop in hand. Police Officer D is crying. Police Officer A and Police Officer B are shaking hands with each other. Police Officer C and Police Officer D are having conversations with each other.

question_count: Are there four Police Officers? question_attr_1: Is there a Police Officer wearing sunglasses? question_attr_2: Is there a Police Officer with blonde hair? question_attr_3: Is there a Police Officer with laptop in hand? question_attr_4: Is there a Police Officer is crying? question_interaction_1: Is the Police Officer wearing sunglasses shaking hands with the Police Officer with blonde hair? question_interaction_2: Is the Police Officer with laptop in hand having conversations with the Police Officer is crying?

Example 2: Subject: Nurse Attribute 1: Bags: purse Attribute 2: Hair Style: curly Attribute 3: Tattoos: arm Attribute 4: Jewelry: necklace

Interaction 1: Whispering a secret into the other's ear Interaction 2: Waving to each other

OUTPUT: Prompt: Four Nurses. Nurse A has purse in hand. Nurse B has curly hair. Nurse C has tattoos on arm. Nurse D wears necklace. Nurse A and Nurse B are whispering a secret into the other's ear with each other. Nurse C and Nurse D are waving to each other.

question_count: Are there four Nurses? question_attr_1: Is there a Nurse with purse in hand? question_attr_2: Is there a Nurse with curly hair? question_attr_3: Is there a Nurse with tattoos on arm? question_attr_4: Is there a Nurse wearing necklace? question_interaction_1: Is the Nurse with purse in hand whispering a secret into the other's ear with the Nurse with curly hair? question_interaction_2: Is the Nurse with tattoos on arm waving to each other with the Nurse wearing necklace?

Now generate the output for the given sample data above. Return ONLY in this format:

Prompt: [your prompt here]

question_count: [question here] question_attr_1: [question here] question_attr_2: [question here] question_attr_3: [question here] question_attr_4: [question here] question_interaction_1: [question here] question_interaction_2: [question here]",Pharmacist,"[('Positive', 'content'), ('Negative', 'confused'), ('Hair Color', 'Black'), ('Gloves', 'Winter gloves')]","['high-five', 'One person pointing an accusatory finger at the other']",Are there four Pharmacists?,Is there a Pharmacist is content?,Is there a Pharmacist is confused?,Is there a Pharmacist with Black hair?,Is there a Pharmacist wearing Winter gloves?,Is the Pharmacist is content high-fiving with the Pharmacist is confused?,Is the Pharmacist with Black hair pointing an accusatory finger at each other with the Pharmacist wearing Winter gloves?,
187,"Four Soldiers. Soldier A has water bottle in hand. Soldier B is confused. Soldier C wears bracelet. Soldier D wears sunglasses. Soldier A and Soldier B are kneeling before each other. Soldier C and Soldier D are assembling something, reading instructions together with each other.","You are creating image generation prompts and questions for a dataset.

Given the sample data below, you need to generate:

A SHORT image generation prompt

Seven questions about the image

SAMPLE DATA: Subject: Soldier (Army) Attribute 1: Food/Drink: water bottle Attribute 2: Negative: confused Attribute 3: Jewelry: bracelet Attribute 4: Eyewear: sunglasses Interaction 1: Kneeling Before Someone Interaction 2: Assembling something, reading instructions together

INSTRUCTIONS:

Create a SHORT image generation prompt following this format:

Four [SUBJECT]s. [SUBJECT] A [verb] [ATTRIBUTE_1]. [SUBJECT] B [verb] [ATTRIBUTE_2]. [SUBJECT] C [verb] [ATTRIBUTE_3]. [SUBJECT] D [verb] [ATTRIBUTE_4]. [SUBJECT] A and [SUBJECT] B are [INTERACTION_1] with each other. [SUBJECT] C and [SUBJECT] D are [INTERACTION_2] with each other.

Use appropriate verbs (is/has/wears) based on the attribute type

For emotions: use ""is"" (e.g., ""is crying"")

For physical items/bags: use ""has [item] in hand""

For hair: use ""has [color/style] hair""

For eyewear/gloves/jewelry: use ""wears""

For tattoos: use ""has tattoos on [location]""

Keep it SHORT and DIRECT

Create SEVEN questions:

question_count: ""Are there four [SUBJECT]s?""

question_attr_1 through question_attr_4: ""Is there a [SUBJECT] [attribute description]?""

question_interaction_1: ""Is the [SUBJECT] [with attribute 1] [INTERACTION_1] with the [SUBJECT] [with attribute 2]?""

question_interaction_2: ""Is the [SUBJECT] [with attribute 3] [INTERACTION_2] with the [SUBJECT] [with attribute 4]?""

EXAMPLES:

Example 1: Subject: Police Officer Attribute 1: Eyewear: sunglasses Attribute 2: Hair Color: blonde Attribute 3: Technology: laptop Attribute 4: Negative: crying

Interaction 1: Shaking hands Interaction 2: Having conversations

OUTPUT: Prompt: Four Police Officers. Police Officer A wears sunglasses. Police Officer B has blonde hair. Police Officer C has laptop in hand. Police Officer D is crying. Police Officer A and Police Officer B are shaking hands with each other. Police Officer C and Police Officer D are having conversations with each other.

question_count: Are there four Police Officers? question_attr_1: Is there a Police Officer wearing sunglasses? question_attr_2: Is there a Police Officer with blonde hair? question_attr_3: Is there a Police Officer with laptop in hand? question_attr_4: Is there a Police Officer is crying? question_interaction_1: Is the Police Officer wearing sunglasses shaking hands with the Police Officer with blonde hair? question_interaction_2: Is the Police Officer with laptop in hand having conversations with the Police Officer is crying?

Example 2: Subject: Nurse Attribute 1: Bags: purse Attribute 2: Hair Style: curly Attribute 3: Tattoos: arm Attribute 4: Jewelry: necklace

Interaction 1: Whispering a secret into the other's ear Interaction 2: Waving to each other

OUTPUT: Prompt: Four Nurses. Nurse A has purse in hand. Nurse B has curly hair. Nurse C has tattoos on arm. Nurse D wears necklace. Nurse A and Nurse B are whispering a secret into the other's ear with each other. Nurse C and Nurse D are waving to each other.

question_count: Are there four Nurses? question_attr_1: Is there a Nurse with purse in hand? question_attr_2: Is there a Nurse with curly hair? question_attr_3: Is there a Nurse with tattoos on arm? question_attr_4: Is there a Nurse wearing necklace? question_interaction_1: Is the Nurse with purse in hand whispering a secret into the other's ear with the Nurse with curly hair? question_interaction_2: Is the Nurse with tattoos on arm waving to each other with the Nurse wearing necklace?

Now generate the output for the given sample data above. Return ONLY in this format:

Prompt: [your prompt here]

question_count: [question here] question_attr_1: [question here] question_attr_2: [question here] question_attr_3: [question here] question_attr_4: [question here] question_interaction_1: [question here] question_interaction_2: [question here]",Soldier (Army),"[('Food/Drink', 'water bottle'), ('Negative', 'confused'), ('Jewelry', 'bracelet'), ('Eyewear', 'sunglasses')]","['Kneeling Before Someone', 'Assembling something, reading instructions together']",Are there four Soldiers?,Is there a Soldier with water bottle in hand?,Is there a Soldier is confused?,Is there a Soldier wearing bracelet?,Is there a Soldier wearing sunglasses?,Is the Soldier with water bottle in hand kneeling before the Soldier is confused?,"Is the Soldier wearing bracelet assembling something, reading instructions together with the Soldier wearing sunglasses?",
191,Four State Park Rangers. State Park Ranger A has water bottle in hand. State Park Ranger B has shaved head. State Park Ranger C is Happy. State Park Ranger D is serious. State Park Ranger A and State Park Ranger B are pouring the other a cup of tea or coffee with each other. State Park Ranger C and State Park Ranger D are whispering a secret into the other's ear with each other.,"You are creating image generation prompts and questions for a dataset.

Given the sample data below, you need to generate:

A SHORT image generation prompt

Seven questions about the image

SAMPLE DATA: Subject: State Park Ranger Attribute 1: Food/Drink: water bottle Attribute 2: Hair Style: shaved head Attribute 3: Positive: Happy Attribute 4: Neutral/Other: serious. Interaction 1: Pouring the other a cup of tea or coffee Interaction 2: Whispering a secret into the other's ear

INSTRUCTIONS:

Create a SHORT image generation prompt following this format:

Four [SUBJECT]s. [SUBJECT] A [verb] [ATTRIBUTE_1]. [SUBJECT] B [verb] [ATTRIBUTE_2]. [SUBJECT] C [verb] [ATTRIBUTE_3]. [SUBJECT] D [verb] [ATTRIBUTE_4]. [SUBJECT] A and [SUBJECT] B are [INTERACTION_1] with each other. [SUBJECT] C and [SUBJECT] D are [INTERACTION_2] with each other.

Use appropriate verbs (is/has/wears) based on the attribute type

For emotions: use ""is"" (e.g., ""is crying"")

For physical items/bags: use ""has [item] in hand""

For hair: use ""has [color/style] hair""

For eyewear/gloves/jewelry: use ""wears""

For tattoos: use ""has tattoos on [location]""

Keep it SHORT and DIRECT

Create SEVEN questions:

question_count: ""Are there four [SUBJECT]s?""

question_attr_1 through question_attr_4: ""Is there a [SUBJECT] [attribute description]?""

question_interaction_1: ""Is the [SUBJECT] [with attribute 1] [INTERACTION_1] with the [SUBJECT] [with attribute 2]?""

question_interaction_2: ""Is the [SUBJECT] [with attribute 3] [INTERACTION_2] with the [SUBJECT] [with attribute 4]?""

EXAMPLES:

Example 1: Subject: Police Officer Attribute 1: Eyewear: sunglasses Attribute 2: Hair Color: blonde Attribute 3: Technology: laptop Attribute 4: Negative: crying

Interaction 1: Shaking hands Interaction 2: Having conversations

OUTPUT: Prompt: Four Police Officers. Police Officer A wears sunglasses. Police Officer B has blonde hair. Police Officer C has laptop in hand. Police Officer D is crying. Police Officer A and Police Officer B are shaking hands with each other. Police Officer C and Police Officer D are having conversations with each other.

question_count: Are there four Police Officers? question_attr_1: Is there a Police Officer wearing sunglasses? question_attr_2: Is there a Police Officer with blonde hair? question_attr_3: Is there a Police Officer with laptop in hand? question_attr_4: Is there a Police Officer is crying? question_interaction_1: Is the Police Officer wearing sunglasses shaking hands with the Police Officer with blonde hair? question_interaction_2: Is the Police Officer with laptop in hand having conversations with the Police Officer is crying?

Example 2: Subject: Nurse Attribute 1: Bags: purse Attribute 2: Hair Style: curly Attribute 3: Tattoos: arm Attribute 4: Jewelry: necklace

Interaction 1: Whispering a secret into the other's ear Interaction 2: Waving to each other

OUTPUT: Prompt: Four Nurses. Nurse A has purse in hand. Nurse B has curly hair. Nurse C has tattoos on arm. Nurse D wears necklace. Nurse A and Nurse B are whispering a secret into the other's ear with each other. Nurse C and Nurse D are waving to each other.

question_count: Are there four Nurses? question_attr_1: Is there a Nurse with purse in hand? question_attr_2: Is there a Nurse with curly hair? question_attr_3: Is there a Nurse with tattoos on arm? question_attr_4: Is there a Nurse wearing necklace? question_interaction_1: Is the Nurse with purse in hand whispering a secret into the other's ear with the Nurse with curly hair? question_interaction_2: Is the Nurse with tattoos on arm waving to each other with the Nurse wearing necklace?

Now generate the output for the given sample data above. Return ONLY in this format:

Prompt: [your prompt here]

question_count: [question here] question_attr_1: [question here] question_attr_2: [question here] question_attr_3: [question here] question_attr_4: [question here] question_interaction_1: [question here] question_interaction_2: [question here]",State Park Ranger,"[('Food/Drink', 'water bottle'), ('Hair Style', 'shaved head'), ('Positive', 'Happy'), ('Neutral/Other', 'serious.')]","['Pouring the other a cup of tea or coffee', ""Whispering a secret into the other's ear""]",Are there four State Park Rangers?,Is there a State Park Ranger with water bottle in hand?,Is there a State Park Ranger with shaved head?,Is there a State Park Ranger is Happy?,Is there a State Park Ranger is serious?,Is the State Park Ranger with water bottle in hand pouring the other a cup of tea or coffee with the State Park Ranger with shaved head?,Is the State Park Ranger is Happy whispering a secret into the other's ear with the State Park Ranger is serious?,
194,Four Firefighters. Firefighter A is excited. Firefighter B has tablet in hand. Firefighter C has hazel eyes. Firefighter D wears sunglasses. Firefighter A and Firefighter B are one person crossing their arms and glaring while the other tries to talk with each other. Firefighter C and Firefighter D are looking at the same phone or tablet screen with each other.,"You are creating image generation prompts and questions for a dataset.

Given the sample data below, you need to generate:

A SHORT image generation prompt

Seven questions about the image

SAMPLE DATA: Subject: Firefighter Attribute 1: Positive: excited Attribute 2: Technology: tablet Attribute 3: Eyes: hazel Attribute 4: Eyewear: sunglasses Interaction 1: One person crossing their arms and glaring while the other tries to talk Interaction 2: Looking at the same phone or tablet screen

INSTRUCTIONS:

Create a SHORT image generation prompt following this format:

Four [SUBJECT]s. [SUBJECT] A [verb] [ATTRIBUTE_1]. [SUBJECT] B [verb] [ATTRIBUTE_2]. [SUBJECT] C [verb] [ATTRIBUTE_3]. [SUBJECT] D [verb] [ATTRIBUTE_4]. [SUBJECT] A and [SUBJECT] B are [INTERACTION_1] with each other. [SUBJECT] C and [SUBJECT] D are [INTERACTION_2] with each other.

Use appropriate verbs (is/has/wears) based on the attribute type

For emotions: use ""is"" (e.g., ""is crying"")

For physical items/bags: use ""has [item] in hand""

For hair: use ""has [color/style] hair""

For eyewear/gloves/jewelry: use ""wears""

For tattoos: use ""has tattoos on [location]""

Keep it SHORT and DIRECT

Create SEVEN questions:

question_count: ""Are there four [SUBJECT]s?""

question_attr_1 through question_attr_4: ""Is there a [SUBJECT] [attribute description]?""

question_interaction_1: ""Is the [SUBJECT] [with attribute 1] [INTERACTION_1] with the [SUBJECT] [with attribute 2]?""

question_interaction_2: ""Is the [SUBJECT] [with attribute 3] [INTERACTION_2] with the [SUBJECT] [with attribute 4]?""

EXAMPLES:

Example 1: Subject: Police Officer Attribute 1: Eyewear: sunglasses Attribute 2: Hair Color: blonde Attribute 3: Technology: laptop Attribute 4: Negative: crying

Interaction 1: Shaking hands Interaction 2: Having conversations

OUTPUT: Prompt: Four Police Officers. Police Officer A wears sunglasses. Police Officer B has blonde hair. Police Officer C has laptop in hand. Police Officer D is crying. Police Officer A and Police Officer B are shaking hands with each other. Police Officer C and Police Officer D are having conversations with each other.

question_count: Are there four Police Officers? question_attr_1: Is there a Police Officer wearing sunglasses? question_attr_2: Is there a Police Officer with blonde hair? question_attr_3: Is there a Police Officer with laptop in hand? question_attr_4: Is there a Police Officer is crying? question_interaction_1: Is the Police Officer wearing sunglasses shaking hands with the Police Officer with blonde hair? question_interaction_2: Is the Police Officer with laptop in hand having conversations with the Police Officer is crying?

Example 2: Subject: Nurse Attribute 1: Bags: purse Attribute 2: Hair Style: curly Attribute 3: Tattoos: arm Attribute 4: Jewelry: necklace

Interaction 1: Whispering a secret into the other's ear Interaction 2: Waving to each other

OUTPUT: Prompt: Four Nurses. Nurse A has purse in hand. Nurse B has curly hair. Nurse C has tattoos on arm. Nurse D wears necklace. Nurse A and Nurse B are whispering a secret into the other's ear with each other. Nurse C and Nurse D are waving to each other.

question_count: Are there four Nurses? question_attr_1: Is there a Nurse with purse in hand? question_attr_2: Is there a Nurse with curly hair? question_attr_3: Is there a Nurse with tattoos on arm? question_attr_4: Is there a Nurse wearing necklace? question_interaction_1: Is the Nurse with purse in hand whispering a secret into the other's ear with the Nurse with curly hair? question_interaction_2: Is the Nurse with tattoos on arm waving to each other with the Nurse wearing necklace?

Now generate the output for the given sample data above. Return ONLY in this format:

Prompt: [your prompt here]

question_count: [question here] question_attr_1: [question here] question_attr_2: [question here] question_attr_3: [question here] question_attr_4: [question here] question_interaction_1: [question here] question_interaction_2: [question here]",Firefighter,"[('Positive', 'excited'), ('Technology', 'tablet'), ('Eyes', 'hazel'), ('Eyewear', 'sunglasses')]","['One person crossing their arms and glaring while the other tries to talk', 'Looking at the same phone or tablet screen']",Are there four Firefighters?,Is there a Firefighter is excited?,Is there a Firefighter with tablet in hand?,Is there a Firefighter with hazel eyes?,Is there a Firefighter wearing sunglasses?,Is the Firefighter is excited one person crossing their arms and glaring while the other tries to talk with the Firefighter with tablet in hand?,Is the Firefighter with hazel eyes looking at the same phone or tablet screen with the Firefighter wearing sunglasses?,
200,Four Supermarket Employees. Supermarket Employee A has buzz cut hair. Supermarket Employee B is confused. Supermarket Employee C is determined. Supermarket Employee D wears sunglasses. Supermarket Employee A and Supermarket Employee B are exchanging business cards with each other. Supermarket Employee C and Supermarket Employee D are looking at the same phone or tablet screen with each other.,"You are creating image generation prompts and questions for a dataset.

Given the sample data below, you need to generate:

A SHORT image generation prompt

Seven questions about the image

SAMPLE DATA: Subject: Supermarket Employee Attribute 1: Hair Style: buzz cut Attribute 2: Negative: confused Attribute 3: Neutral/Other: determined Attribute 4: Eyewear: sunglasses Interaction 1: Exchanging business cards Interaction 2: Looking at the same phone or tablet screen

INSTRUCTIONS:

Create a SHORT image generation prompt following this format:

Four [SUBJECT]s. [SUBJECT] A [verb] [ATTRIBUTE_1]. [SUBJECT] B [verb] [ATTRIBUTE_2]. [SUBJECT] C [verb] [ATTRIBUTE_3]. [SUBJECT] D [verb] [ATTRIBUTE_4]. [SUBJECT] A and [SUBJECT] B are [INTERACTION_1] with each other. [SUBJECT] C and [SUBJECT] D are [INTERACTION_2] with each other.

Use appropriate verbs (is/has/wears) based on the attribute type

For emotions: use ""is"" (e.g., ""is crying"")

For physical items/bags: use ""has [item] in hand""

For hair: use ""has [color/style] hair""

For eyewear/gloves/jewelry: use ""wears""

For tattoos: use ""has tattoos on [location]""

Keep it SHORT and DIRECT

Create SEVEN questions:

question_count: ""Are there four [SUBJECT]s?""

question_attr_1 through question_attr_4: ""Is there a [SUBJECT] [attribute description]?""

question_interaction_1: ""Is the [SUBJECT] [with attribute 1] [INTERACTION_1] with the [SUBJECT] [with attribute 2]?""

question_interaction_2: ""Is the [SUBJECT] [with attribute 3] [INTERACTION_2] with the [SUBJECT] [with attribute 4]?""

EXAMPLES:

Example 1: Subject: Police Officer Attribute 1: Eyewear: sunglasses Attribute 2: Hair Color: blonde Attribute 3: Technology: laptop Attribute 4: Negative: crying

Interaction 1: Shaking hands Interaction 2: Having conversations

OUTPUT: Prompt: Four Police Officers. Police Officer A wears sunglasses. Police Officer B has blonde hair. Police Officer C has laptop in hand. Police Officer D is crying. Police Officer A and Police Officer B are shaking hands with each other. Police Officer C and Police Officer D are having conversations with each other.

question_count: Are there four Police Officers? question_attr_1: Is there a Police Officer wearing sunglasses? question_attr_2: Is there a Police Officer with blonde hair? question_attr_3: Is there a Police Officer with laptop in hand? question_attr_4: Is there a Police Officer is crying? question_interaction_1: Is the Police Officer wearing sunglasses shaking hands with the Police Officer with blonde hair? question_interaction_2: Is the Police Officer with laptop in hand having conversations with the Police Officer is crying?

Example 2: Subject: Nurse Attribute 1: Bags: purse Attribute 2: Hair Style: curly Attribute 3: Tattoos: arm Attribute 4: Jewelry: necklace

Interaction 1: Whispering a secret into the other's ear Interaction 2: Waving to each other

OUTPUT: Prompt: Four Nurses. Nurse A has purse in hand. Nurse B has curly hair. Nurse C has tattoos on arm. Nurse D wears necklace. Nurse A and Nurse B are whispering a secret into the other's ear with each other. Nurse C and Nurse D are waving to each other.

question_count: Are there four Nurses? question_attr_1: Is there a Nurse with purse in hand? question_attr_2: Is there a Nurse with curly hair? question_attr_3: Is there a Nurse with tattoos on arm? question_attr_4: Is there a Nurse wearing necklace? question_interaction_1: Is the Nurse with purse in hand whispering a secret into the other's ear with the Nurse with curly hair? question_interaction_2: Is the Nurse with tattoos on arm waving to each other with the Nurse wearing necklace?

Now generate the output for the given sample data above. Return ONLY in this format:

Prompt: [your prompt here]

question_count: [question here] question_attr_1: [question here] question_attr_2: [question here] question_attr_3: [question here] question_attr_4: [question here] question_interaction_1: [question here] question_interaction_2: [question here]",Supermarket Employee,"[('Hair Style', 'buzz cut'), ('Negative', 'confused'), ('Neutral/Other', 'determined'), ('Eyewear', 'sunglasses')]","['Exchanging business cards', 'Looking at the same phone or tablet screen']",Are there four Supermarket Employees?,Is there a Supermarket Employee with buzz cut hair?,Is there a Supermarket Employee is confused?,Is there a Supermarket Employee is determined?,Is there a Supermarket Employee wearing sunglasses?,Is the Supermarket Employee with buzz cut hair exchanging business cards with the Supermarket Employee is confused?,Is the Supermarket Employee is determined looking at the same phone or tablet screen with the Supermarket Employee wearing sunglasses?,
202,Four State Park Rangers. State Park Ranger A wears piercings in ears. State Park Ranger B has suitcase in hand. State Park Ranger C has red hair. State Park Ranger D wears necklace. State Park Ranger A and State Park Ranger B are waving to each other. State Park Ranger C and State Park Ranger D are kneeling before someone.,"You are creating image generation prompts and questions for a dataset.

Given the sample data below, you need to generate:

A SHORT image generation prompt

Seven questions about the image

SAMPLE DATA: Subject: State Park Ranger Attribute 1: Piercings: Ears Attribute 2: Bags: suitcase Attribute 3: Hair Color: red Attribute 4: Jewelry: Necklace Interaction 1: Waving to each other Interaction 2: Kneeling Before Someone

INSTRUCTIONS:

Create a SHORT image generation prompt following this format:

Four [SUBJECT]s. [SUBJECT] A [verb] [ATTRIBUTE_1]. [SUBJECT] B [verb] [ATTRIBUTE_2]. [SUBJECT] C [verb] [ATTRIBUTE_3]. [SUBJECT] D [verb] [ATTRIBUTE_4]. [SUBJECT] A and [SUBJECT] B are [INTERACTION_1] with each other. [SUBJECT] C and [SUBJECT] D are [INTERACTION_2] with each other.

Use appropriate verbs (is/has/wears) based on the attribute type

For emotions: use ""is"" (e.g., ""is crying"")

For physical items/bags: use ""has [item] in hand""

For hair: use ""has [color/style] hair""

For eyewear/gloves/jewelry: use ""wears""

For tattoos: use ""has tattoos on [location]""

Keep it SHORT and DIRECT

Create SEVEN questions:

question_count: ""Are there four [SUBJECT]s?""

question_attr_1 through question_attr_4: ""Is there a [SUBJECT] [attribute description]?""

question_interaction_1: ""Is the [SUBJECT] [with attribute 1] [INTERACTION_1] with the [SUBJECT] [with attribute 2]?""

question_interaction_2: ""Is the [SUBJECT] [with attribute 3] [INTERACTION_2] with the [SUBJECT] [with attribute 4]?""

EXAMPLES:

Example 1: Subject: Police Officer Attribute 1: Eyewear: sunglasses Attribute 2: Hair Color: blonde Attribute 3: Technology: laptop Attribute 4: Negative: crying

Interaction 1: Shaking hands Interaction 2: Having conversations

OUTPUT: Prompt: Four Police Officers. Police Officer A wears sunglasses. Police Officer B has blonde hair. Police Officer C has laptop in hand. Police Officer D is crying. Police Officer A and Police Officer B are shaking hands with each other. Police Officer C and Police Officer D are having conversations with each other.

question_count: Are there four Police Officers? question_attr_1: Is there a Police Officer wearing sunglasses? question_attr_2: Is there a Police Officer with blonde hair? question_attr_3: Is there a Police Officer with laptop in hand? question_attr_4: Is there a Police Officer is crying? question_interaction_1: Is the Police Officer wearing sunglasses shaking hands with the Police Officer with blonde hair? question_interaction_2: Is the Police Officer with laptop in hand having conversations with the Police Officer is crying?

Example 2: Subject: Nurse Attribute 1: Bags: purse Attribute 2: Hair Style: curly Attribute 3: Tattoos: arm Attribute 4: Jewelry: necklace

Interaction 1: Whispering a secret into the other's ear Interaction 2: Waving to each other

OUTPUT: Prompt: Four Nurses. Nurse A has purse in hand. Nurse B has curly hair. Nurse C has tattoos on arm. Nurse D wears necklace. Nurse A and Nurse B are whispering a secret into the other's ear with each other. Nurse C and Nurse D are waving to each other.

question_count: Are there four Nurses? question_attr_1: Is there a Nurse with purse in hand? question_attr_2: Is there a Nurse with curly hair? question_attr_3: Is there a Nurse with tattoos on arm? question_attr_4: Is there a Nurse wearing necklace? question_interaction_1: Is the Nurse with purse in hand whispering a secret into the other's ear with the Nurse with curly hair? question_interaction_2: Is the Nurse with tattoos on arm waving to each other with the Nurse wearing necklace?

Now generate the output for the given sample data above. Return ONLY in this format:

Prompt: [your prompt here]

question_count: [question here] question_attr_1: [question here] question_attr_2: [question here] question_attr_3: [question here] question_attr_4: [question here] question_interaction_1: [question here] question_interaction_2: [question here]",State Park Ranger,"[('Piercings', 'Ears'), ('Bags', 'suitcase'), ('Hair Color', 'red'), ('Jewelry', 'Necklace')]","['Waving to each other', 'Kneeling Before Someone']",Are there four State Park Rangers?,Is there a State Park Ranger wearing piercings in ears?,Is there a State Park Ranger with suitcase in hand?,Is there a State Park Ranger with red hair?,Is there a State Park Ranger wearing necklace?,Is the State Park Ranger wearing piercings in ears waving to each other with the State Park Ranger with suitcase in hand?,Is the State Park Ranger with red hair kneeling before someone with the State Park Ranger wearing necklace?,
205,"Four Housekeeping Staff. Housekeeping Staff A has laptop in hand. Housekeeping Staff B wears earrings. Housekeeping Staff C has purse in hand. Housekeeping Staff D has a Beard. Housekeeping Staff A and Housekeeping Staff B are assembling something, reading instructions together with each other. Housekeeping Staff C and Housekeeping Staff D are one person pointing an accusatory finger at the other with each other.","You are creating image generation prompts and questions for a dataset.

Given the sample data below, you need to generate:

A SHORT image generation prompt

Seven questions about the image

SAMPLE DATA: Subject: Housekeeping Staff Attribute 1: Technology: laptop Attribute 2: Jewelry: earrings Attribute 3: Bags: purse Attribute 4: Facial Hair: Beard Interaction 1: Assembling something, reading instructions together Interaction 2: One person pointing an accusatory finger at the other

INSTRUCTIONS:

Create a SHORT image generation prompt following this format:

Four [SUBJECT]s. [SUBJECT] A [verb] [ATTRIBUTE_1]. [SUBJECT] B [verb] [ATTRIBUTE_2]. [SUBJECT] C [verb] [ATTRIBUTE_3]. [SUBJECT] D [verb] [ATTRIBUTE_4]. [SUBJECT] A and [SUBJECT] B are [INTERACTION_1] with each other. [SUBJECT] C and [SUBJECT] D are [INTERACTION_2] with each other.

Use appropriate verbs (is/has/wears) based on the attribute type

For emotions: use ""is"" (e.g., ""is crying"")

For physical items/bags: use ""has [item] in hand""

For hair: use ""has [color/style] hair""

For eyewear/gloves/jewelry: use ""wears""

For tattoos: use ""has tattoos on [location]""

Keep it SHORT and DIRECT

Create SEVEN questions:

question_count: ""Are there four [SUBJECT]s?""

question_attr_1 through question_attr_4: ""Is there a [SUBJECT] [attribute description]?""

question_interaction_1: ""Is the [SUBJECT] [with attribute 1] [INTERACTION_1] with the [SUBJECT] [with attribute 2]?""

question_interaction_2: ""Is the [SUBJECT] [with attribute 3] [INTERACTION_2] with the [SUBJECT] [with attribute 4]?""

EXAMPLES:

Example 1: Subject: Police Officer Attribute 1: Eyewear: sunglasses Attribute 2: Hair Color: blonde Attribute 3: Technology: laptop Attribute 4: Negative: crying

Interaction 1: Shaking hands Interaction 2: Having conversations

OUTPUT: Prompt: Four Police Officers. Police Officer A wears sunglasses. Police Officer B has blonde hair. Police Officer C has laptop in hand. Police Officer D is crying. Police Officer A and Police Officer B are shaking hands with each other. Police Officer C and Police Officer D are having conversations with each other.

question_count: Are there four Police Officers? question_attr_1: Is there a Police Officer wearing sunglasses? question_attr_2: Is there a Police Officer with blonde hair? question_attr_3: Is there a Police Officer with laptop in hand? question_attr_4: Is there a Police Officer is crying? question_interaction_1: Is the Police Officer wearing sunglasses shaking hands with the Police Officer with blonde hair? question_interaction_2: Is the Police Officer with laptop in hand having conversations with the Police Officer is crying?

Example 2: Subject: Nurse Attribute 1: Bags: purse Attribute 2: Hair Style: curly Attribute 3: Tattoos: arm Attribute 4: Jewelry: necklace

Interaction 1: Whispering a secret into the other's ear Interaction 2: Waving to each other

OUTPUT: Prompt: Four Nurses. Nurse A has purse in hand. Nurse B has curly hair. Nurse C has tattoos on arm. Nurse D wears necklace. Nurse A and Nurse B are whispering a secret into the other's ear with each other. Nurse C and Nurse D are waving to each other.

question_count: Are there four Nurses? question_attr_1: Is there a Nurse with purse in hand? question_attr_2: Is there a Nurse with curly hair? question_attr_3: Is there a Nurse with tattoos on arm? question_attr_4: Is there a Nurse wearing necklace? question_interaction_1: Is the Nurse with purse in hand whispering a secret into the other's ear with the Nurse with curly hair? question_interaction_2: Is the Nurse with tattoos on arm waving to each other with the Nurse wearing necklace?

Now generate the output for the given sample data above. Return ONLY in this format:

Prompt: [your prompt here]

question_count: [question here] question_attr_1: [question here] question_attr_2: [question here] question_attr_3: [question here] question_attr_4: [question here] question_interaction_1: [question here] question_interaction_2: [question here]",Housekeeping Staff,"[('Technology', 'laptop'), ('Jewelry', 'earrings'), ('Bags', 'purse'), ('Facial Hair', 'Beard')]","['Assembling something, reading instructions together', 'One person pointing an accusatory finger at the other']",Are there four Housekeeping Staff?,Is there a Housekeeping Staff with laptop in hand?,Is there a Housekeeping Staff wearing earrings?,Is there a Housekeeping Staff with purse in hand?,Is there a Housekeeping Staff with a Beard?,"Is the Housekeeping Staff with laptop in hand assembling something, reading instructions together with the Housekeeping Staff wearing earrings?",Is the Housekeeping Staff with purse in hand one person pointing an accusatory finger at the other with the Housekeeping Staff with a Beard?,
206,Four Marines. Marine A is proud. Marine B has camera in hand. Marine C has tattoos on ankle. Marine D has brown hair. Marine A and Marine B are sharing headphones to listen to music with each other. Marine C and Marine D are one person shouting while the other looks away with each other.,"You are creating image generation prompts and questions for a dataset.

Given the sample data below, you need to generate:

A SHORT image generation prompt

Seven questions about the image

SAMPLE DATA: Subject: Marine (Marine Corps) Attribute 1: Positive: proud. Attribute 2: Technology: camera. Attribute 3: Tattoos: ankle Attribute 4: Hair Color: brown Interaction 1: Sharing headphones to listen to music Interaction 2: One person shouting while the other looks away

INSTRUCTIONS:

Create a SHORT image generation prompt following this format:

Four [SUBJECT]s. [SUBJECT] A [verb] [ATTRIBUTE_1]. [SUBJECT] B [verb] [ATTRIBUTE_2]. [SUBJECT] C [verb] [ATTRIBUTE_3]. [SUBJECT] D [verb] [ATTRIBUTE_4]. [SUBJECT] A and [SUBJECT] B are [INTERACTION_1] with each other. [SUBJECT] C and [SUBJECT] D are [INTERACTION_2] with each other.

Use appropriate verbs (is/has/wears) based on the attribute type

For emotions: use ""is"" (e.g., ""is crying"")

For physical items/bags: use ""has [item] in hand""

For hair: use ""has [color/style] hair""

For eyewear/gloves/jewelry: use ""wears""

For tattoos: use ""has tattoos on [location]""

Keep it SHORT and DIRECT

Create SEVEN questions:

question_count: ""Are there four [SUBJECT]s?""

question_attr_1 through question_attr_4: ""Is there a [SUBJECT] [attribute description]?""

question_interaction_1: ""Is the [SUBJECT] [with attribute 1] [INTERACTION_1] with the [SUBJECT] [with attribute 2]?""

question_interaction_2: ""Is the [SUBJECT] [with attribute 3] [INTERACTION_2] with the [SUBJECT] [with attribute 4]?""

EXAMPLES:

Example 1: Subject: Police Officer Attribute 1: Eyewear: sunglasses Attribute 2: Hair Color: blonde Attribute 3: Technology: laptop Attribute 4: Negative: crying

Interaction 1: Shaking hands Interaction 2: Having conversations

OUTPUT: Prompt: Four Police Officers. Police Officer A wears sunglasses. Police Officer B has blonde hair. Police Officer C has laptop in hand. Police Officer D is crying. Police Officer A and Police Officer B are shaking hands with each other. Police Officer C and Police Officer D are having conversations with each other.

question_count: Are there four Police Officers? question_attr_1: Is there a Police Officer wearing sunglasses? question_attr_2: Is there a Police Officer with blonde hair? question_attr_3: Is there a Police Officer with laptop in hand? question_attr_4: Is there a Police Officer is crying? question_interaction_1: Is the Police Officer wearing sunglasses shaking hands with the Police Officer with blonde hair? question_interaction_2: Is the Police Officer with laptop in hand having conversations with the Police Officer is crying?

Example 2: Subject: Nurse Attribute 1: Bags: purse Attribute 2: Hair Style: curly Attribute 3: Tattoos: arm Attribute 4: Jewelry: necklace

Interaction 1: Whispering a secret into the other's ear Interaction 2: Waving to each other

OUTPUT: Prompt: Four Nurses. Nurse A has purse in hand. Nurse B has curly hair. Nurse C has tattoos on arm. Nurse D wears necklace. Nurse A and Nurse B are whispering a secret into the other's ear with each other. Nurse C and Nurse D are waving to each other.

question_count: Are there four Nurses? question_attr_1: Is there a Nurse with purse in hand? question_attr_2: Is there a Nurse with curly hair? question_attr_3: Is there a Nurse with tattoos on arm? question_attr_4: Is there a Nurse wearing necklace? question_interaction_1: Is the Nurse with purse in hand whispering a secret into the other's ear with the Nurse with curly hair? question_interaction_2: Is the Nurse with tattoos on arm waving to each other with the Nurse wearing necklace?

Now generate the output for the given sample data above. Return ONLY in this format:

Prompt: [your prompt here]

question_count: [question here] question_attr_1: [question here] question_attr_2: [question here] question_attr_3: [question here] question_attr_4: [question here] question_interaction_1: [question here] question_interaction_2: [question here]",Marine (Marine Corps),"[('Positive', 'proud.'), ('Technology', 'camera.'), ('Tattoos', 'ankle'), ('Hair Color', 'brown')]","['Sharing headphones to listen to music', 'One person shouting while the other looks away']",Are there four Marines?,Is there a Marine is proud?,Is there a Marine with camera in hand?,Is there a Marine with tattoos on ankle?,Is there a Marine with brown hair?,Is the Marine is proud sharing headphones to listen to music with the Marine with camera in hand?,Is the Marine with tattoos on ankle one person shouting while the other looks away with the Marine with brown hair?,
207,"Four Soldiers. Soldier A is determined. Soldier B wears rings. Soldier C wears lip piercing. Soldier D has tattoos on neck. Soldier A and Soldier B are kneeling before someone with each other. Soldier C and Soldier D are assembling something, reading instructions together with each other.","You are creating image generation prompts and questions for a dataset.

Given the sample data below, you need to generate:

A SHORT image generation prompt

Seven questions about the image

SAMPLE DATA: Subject: Soldier (Army) Attribute 1: Neutral/Other: determined Attribute 2: Jewelry: rings Attribute 3: Piercings: lip Attribute 4: Tattoos: neck Interaction 1: Kneeling Before Someone Interaction 2: Assembling something, reading instructions together

INSTRUCTIONS:

Create a SHORT image generation prompt following this format:

Four [SUBJECT]s. [SUBJECT] A [verb] [ATTRIBUTE_1]. [SUBJECT] B [verb] [ATTRIBUTE_2]. [SUBJECT] C [verb] [ATTRIBUTE_3]. [SUBJECT] D [verb] [ATTRIBUTE_4]. [SUBJECT] A and [SUBJECT] B are [INTERACTION_1] with each other. [SUBJECT] C and [SUBJECT] D are [INTERACTION_2] with each other.

Use appropriate verbs (is/has/wears) based on the attribute type

For emotions: use ""is"" (e.g., ""is crying"")

For physical items/bags: use ""has [item] in hand""

For hair: use ""has [color/style] hair""

For eyewear/gloves/jewelry: use ""wears""

For tattoos: use ""has tattoos on [location]""

Keep it SHORT and DIRECT

Create SEVEN questions:

question_count: ""Are there four [SUBJECT]s?""

question_attr_1 through question_attr_4: ""Is there a [SUBJECT] [attribute description]?""

question_interaction_1: ""Is the [SUBJECT] [with attribute 1] [INTERACTION_1] with the [SUBJECT] [with attribute 2]?""

question_interaction_2: ""Is the [SUBJECT] [with attribute 3] [INTERACTION_2] with the [SUBJECT] [with attribute 4]?""

EXAMPLES:

Example 1: Subject: Police Officer Attribute 1: Eyewear: sunglasses Attribute 2: Hair Color: blonde Attribute 3: Technology: laptop Attribute 4: Negative: crying

Interaction 1: Shaking hands Interaction 2: Having conversations

OUTPUT: Prompt: Four Police Officers. Police Officer A wears sunglasses. Police Officer B has blonde hair. Police Officer C has laptop in hand. Police Officer D is crying. Police Officer A and Police Officer B are shaking hands with each other. Police Officer C and Police Officer D are having conversations with each other.

question_count: Are there four Police Officers? question_attr_1: Is there a Police Officer wearing sunglasses? question_attr_2: Is there a Police Officer with blonde hair? question_attr_3: Is there a Police Officer with laptop in hand? question_attr_4: Is there a Police Officer is crying? question_interaction_1: Is the Police Officer wearing sunglasses shaking hands with the Police Officer with blonde hair? question_interaction_2: Is the Police Officer with laptop in hand having conversations with the Police Officer is crying?

Example 2: Subject: Nurse Attribute 1: Bags: purse Attribute 2: Hair Style: curly Attribute 3: Tattoos: arm Attribute 4: Jewelry: necklace

Interaction 1: Whispering a secret into the other's ear Interaction 2: Waving to each other

OUTPUT: Prompt: Four Nurses. Nurse A has purse in hand. Nurse B has curly hair. Nurse C has tattoos on arm. Nurse D wears necklace. Nurse A and Nurse B are whispering a secret into the other's ear with each other. Nurse C and Nurse D are waving to each other.

question_count: Are there four Nurses? question_attr_1: Is there a Nurse with purse in hand? question_attr_2: Is there a Nurse with curly hair? question_attr_3: Is there a Nurse with tattoos on arm? question_attr_4: Is there a Nurse wearing necklace? question_interaction_1: Is the Nurse with purse in hand whispering a secret into the other's ear with the Nurse with curly hair? question_interaction_2: Is the Nurse with tattoos on arm waving to each other with the Nurse wearing necklace?

Now generate the output for the given sample data above. Return ONLY in this format:

Prompt: [your prompt here]

question_count: [question here] question_attr_1: [question here] question_attr_2: [question here] question_attr_3: [question here] question_attr_4: [question here] question_interaction_1: [question here] question_interaction_2: [question here]",Soldier (Army),"[('Neutral/Other', 'determined'), ('Jewelry', 'rings'), ('Piercings', 'lip'), ('Tattoos', 'neck')]","['Kneeling Before Someone', 'Assembling something, reading instructions together']",Are there four Soldiers?,Is there a Soldier is determined?,Is there a Soldier wearing rings?,Is there a Soldier wearing lip piercing?,Is there a Soldier with tattoos on neck?,Is the Soldier is determined kneeling before someone with the Soldier wearing rings?,"Is the Soldier wearing lip piercing assembling something, reading instructions together with the Soldier with tattoos on neck?",
213,Four Paramedics. Paramedic A is proud. Paramedic B wears latex gloves. Paramedic C has white hair. Paramedic D has wavy hair. Paramedic A and Paramedic B are waving to each other. Paramedic C and Paramedic D are one person crossing their arms and glaring while the other tries to talk with each other.,"You are creating image generation prompts and questions for a dataset.

Given the sample data below, you need to generate:

A SHORT image generation prompt

Seven questions about the image

SAMPLE DATA: Subject: Paramedic Attribute 1: Positive: proud. Attribute 2: Gloves: latex gloves. Attribute 3: Hair Color: white Attribute 4: Hair Style: wavy Interaction 1: Waving to each other Interaction 2: One person crossing their arms and glaring while the other tries to talk

INSTRUCTIONS:

Create a SHORT image generation prompt following this format:

Four [SUBJECT]s. [SUBJECT] A [verb] [ATTRIBUTE_1]. [SUBJECT] B [verb] [ATTRIBUTE_2]. [SUBJECT] C [verb] [ATTRIBUTE_3]. [SUBJECT] D [verb] [ATTRIBUTE_4]. [SUBJECT] A and [SUBJECT] B are [INTERACTION_1] with each other. [SUBJECT] C and [SUBJECT] D are [INTERACTION_2] with each other.

Use appropriate verbs (is/has/wears) based on the attribute type

For emotions: use ""is"" (e.g., ""is crying"")

For physical items/bags: use ""has [item] in hand""

For hair: use ""has [color/style] hair""

For eyewear/gloves/jewelry: use ""wears""

For tattoos: use ""has tattoos on [location]""

Keep it SHORT and DIRECT

Create SEVEN questions:

question_count: ""Are there four [SUBJECT]s?""

question_attr_1 through question_attr_4: ""Is there a [SUBJECT] [attribute description]?""

question_interaction_1: ""Is the [SUBJECT] [with attribute 1] [INTERACTION_1] with the [SUBJECT] [with attribute 2]?""

question_interaction_2: ""Is the [SUBJECT] [with attribute 3] [INTERACTION_2] with the [SUBJECT] [with attribute 4]?""

EXAMPLES:

Example 1: Subject: Police Officer Attribute 1: Eyewear: sunglasses Attribute 2: Hair Color: blonde Attribute 3: Technology: laptop Attribute 4: Negative: crying

Interaction 1: Shaking hands Interaction 2: Having conversations

OUTPUT: Prompt: Four Police Officers. Police Officer A wears sunglasses. Police Officer B has blonde hair. Police Officer C has laptop in hand. Police Officer D is crying. Police Officer A and Police Officer B are shaking hands with each other. Police Officer C and Police Officer D are having conversations with each other.

question_count: Are there four Police Officers? question_attr_1: Is there a Police Officer wearing sunglasses? question_attr_2: Is there a Police Officer with blonde hair? question_attr_3: Is there a Police Officer with laptop in hand? question_attr_4: Is there a Police Officer is crying? question_interaction_1: Is the Police Officer wearing sunglasses shaking hands with the Police Officer with blonde hair? question_interaction_2: Is the Police Officer with laptop in hand having conversations with the Police Officer is crying?

Example 2: Subject: Nurse Attribute 1: Bags: purse Attribute 2: Hair Style: curly Attribute 3: Tattoos: arm Attribute 4: Jewelry: necklace

Interaction 1: Whispering a secret into the other's ear Interaction 2: Waving to each other

OUTPUT: Prompt: Four Nurses. Nurse A has purse in hand. Nurse B has curly hair. Nurse C has tattoos on arm. Nurse D wears necklace. Nurse A and Nurse B are whispering a secret into the other's ear with each other. Nurse C and Nurse D are waving to each other.

question_count: Are there four Nurses? question_attr_1: Is there a Nurse with purse in hand? question_attr_2: Is there a Nurse with curly hair? question_attr_3: Is there a Nurse with tattoos on arm? question_attr_4: Is there a Nurse wearing necklace? question_interaction_1: Is the Nurse with purse in hand whispering a secret into the other's ear with the Nurse with curly hair? question_interaction_2: Is the Nurse with tattoos on arm waving to each other with the Nurse wearing necklace?

Now generate the output for the given sample data above. Return ONLY in this format:

Prompt: [your prompt here]

question_count: [question here] question_attr_1: [question here] question_attr_2: [question here] question_attr_3: [question here] question_attr_4: [question here] question_interaction_1: [question here] question_interaction_2: [question here]",Paramedic,"[('Positive', 'proud.'), ('Gloves', 'latex gloves.'), ('Hair Color', 'white'), ('Hair Style', 'wavy')]","['Waving to each other', 'One person crossing their arms and glaring while the other tries to talk']",Are there four Paramedics?,Is there a Paramedic is proud?,Is there a Paramedic wearing latex gloves?,Is there a Paramedic with white hair?,Is there a Paramedic with wavy hair?,Is the Paramedic is proud waving to each other with the Paramedic wearing latex gloves?,Is the Paramedic with white hair one person crossing their arms and glaring while the other tries to talk with the Paramedic with wavy hair?,
221,Four Plumbers. Plumber A is scared. Plumber B is content. Plumber C wears glasses. Plumber D has suitcase in hand. Plumber A and Plumber B are fist bumping with each other. Plumber C and Plumber D are turning their back on the other while speaking with each other.,"You are creating image generation prompts and questions for a dataset.

Given the sample data below, you need to generate:

A SHORT image generation prompt

Seven questions about the image

SAMPLE DATA: Subject: Plumber Attribute 1: Negative: scared Attribute 2: Positive: content Attribute 3: Eyewear: glasses Attribute 4: Bags: suitcase Interaction 1: A fist bump Interaction 2: One person turning their back on the other while they are speaking

INSTRUCTIONS:

Create a SHORT image generation prompt following this format:

Four [SUBJECT]s. [SUBJECT] A [verb] [ATTRIBUTE_1]. [SUBJECT] B [verb] [ATTRIBUTE_2]. [SUBJECT] C [verb] [ATTRIBUTE_3]. [SUBJECT] D [verb] [ATTRIBUTE_4]. [SUBJECT] A and [SUBJECT] B are [INTERACTION_1] with each other. [SUBJECT] C and [SUBJECT] D are [INTERACTION_2] with each other.

Use appropriate verbs (is/has/wears) based on the attribute type

For emotions: use ""is"" (e.g., ""is crying"")

For physical items/bags: use ""has [item] in hand""

For hair: use ""has [color/style] hair""

For eyewear/gloves/jewelry: use ""wears""

For tattoos: use ""has tattoos on [location]""

Keep it SHORT and DIRECT

Create SEVEN questions:

question_count: ""Are there four [SUBJECT]s?""

question_attr_1 through question_attr_4: ""Is there a [SUBJECT] [attribute description]?""

question_interaction_1: ""Is the [SUBJECT] [with attribute 1] [INTERACTION_1] with the [SUBJECT] [with attribute 2]?""

question_interaction_2: ""Is the [SUBJECT] [with attribute 3] [INTERACTION_2] with the [SUBJECT] [with attribute 4]?""

EXAMPLES:

Example 1: Subject: Police Officer Attribute 1: Eyewear: sunglasses Attribute 2: Hair Color: blonde Attribute 3: Technology: laptop Attribute 4: Negative: crying

Interaction 1: Shaking hands Interaction 2: Having conversations

OUTPUT: Prompt: Four Police Officers. Police Officer A wears sunglasses. Police Officer B has blonde hair. Police Officer C has laptop in hand. Police Officer D is crying. Police Officer A and Police Officer B are shaking hands with each other. Police Officer C and Police Officer D are having conversations with each other.

question_count: Are there four Police Officers? question_attr_1: Is there a Police Officer wearing sunglasses? question_attr_2: Is there a Police Officer with blonde hair? question_attr_3: Is there a Police Officer with laptop in hand? question_attr_4: Is there a Police Officer is crying? question_interaction_1: Is the Police Officer wearing sunglasses shaking hands with the Police Officer with blonde hair? question_interaction_2: Is the Police Officer with laptop in hand having conversations with the Police Officer is crying?

Example 2: Subject: Nurse Attribute 1: Bags: purse Attribute 2: Hair Style: curly Attribute 3: Tattoos: arm Attribute 4: Jewelry: necklace

Interaction 1: Whispering a secret into the other's ear Interaction 2: Waving to each other

OUTPUT: Prompt: Four Nurses. Nurse A has purse in hand. Nurse B has curly hair. Nurse C has tattoos on arm. Nurse D wears necklace. Nurse A and Nurse B are whispering a secret into the other's ear with each other. Nurse C and Nurse D are waving to each other.

question_count: Are there four Nurses? question_attr_1: Is there a Nurse with purse in hand? question_attr_2: Is there a Nurse with curly hair? question_attr_3: Is there a Nurse with tattoos on arm? question_attr_4: Is there a Nurse wearing necklace? question_interaction_1: Is the Nurse with purse in hand whispering a secret into the other's ear with the Nurse with curly hair? question_interaction_2: Is the Nurse with tattoos on arm waving to each other with the Nurse wearing necklace?

Now generate the output for the given sample data above. Return ONLY in this format:

Prompt: [your prompt here]

question_count: [question here] question_attr_1: [question here] question_attr_2: [question here] question_attr_3: [question here] question_attr_4: [question here] question_interaction_1: [question here] question_interaction_2: [question here]",Plumber,"[('Negative', 'scared'), ('Positive', 'content'), ('Eyewear', 'glasses'), ('Bags', 'suitcase')]","['A fist bump', 'One person turning their back on the other while they are speaking']",Are there four Plumbers?,Is there a Plumber is scared?,Is there a Plumber is content?,Is there a Plumber wearing glasses?,Is there a Plumber with suitcase in hand?,Is the Plumber is scared fist bumping with the Plumber is content?,Is the Plumber wearing glasses turning their back on the other while speaking with the Plumber with suitcase in hand?,
222,Four Construction Workers. Construction Worker A has coffee cup in hand. Construction Worker B is scared. Construction Worker C has goatee. Construction Worker D is excited. Construction Worker A and Construction Worker B are one person shouting while the other looks away with each other. Construction Worker C and Construction Worker D are waving to each other.,"You are creating image generation prompts and questions for a dataset.

Given the sample data below, you need to generate:

A SHORT image generation prompt

Seven questions about the image

SAMPLE DATA: Subject: Construction Worker (often includes high-visibility safety gear) Attribute 1: Food/Drink: Coffee cup Attribute 2: Negative: scared Attribute 3: Facial Hair: goatee Attribute 4: Positive: excited Interaction 1: One person shouting while the other looks away Interaction 2: Waving to each other

INSTRUCTIONS:

Create a SHORT image generation prompt following this format:

Four [SUBJECT]s. [SUBJECT] A [verb] [ATTRIBUTE_1]. [SUBJECT] B [verb] [ATTRIBUTE_2]. [SUBJECT] C [verb] [ATTRIBUTE_3]. [SUBJECT] D [verb] [ATTRIBUTE_4]. [SUBJECT] A and [SUBJECT] B are [INTERACTION_1] with each other. [SUBJECT] C and [SUBJECT] D are [INTERACTION_2] with each other.

Use appropriate verbs (is/has/wears) based on the attribute type

For emotions: use ""is"" (e.g., ""is crying"")

For physical items/bags: use ""has [item] in hand""

For hair: use ""has [color/style] hair""

For eyewear/gloves/jewelry: use ""wears""

For tattoos: use ""has tattoos on [location]""

Keep it SHORT and DIRECT

Create SEVEN questions:

question_count: ""Are there four [SUBJECT]s?""

question_attr_1 through question_attr_4: ""Is there a [SUBJECT] [attribute description]?""

question_interaction_1: ""Is the [SUBJECT] [with attribute 1] [INTERACTION_1] with the [SUBJECT] [with attribute 2]?""

question_interaction_2: ""Is the [SUBJECT] [with attribute 3] [INTERACTION_2] with the [SUBJECT] [with attribute 4]?""

EXAMPLES:

Example 1: Subject: Police Officer Attribute 1: Eyewear: sunglasses Attribute 2: Hair Color: blonde Attribute 3: Technology: laptop Attribute 4: Negative: crying

Interaction 1: Shaking hands Interaction 2: Having conversations

OUTPUT: Prompt: Four Police Officers. Police Officer A wears sunglasses. Police Officer B has blonde hair. Police Officer C has laptop in hand. Police Officer D is crying. Police Officer A and Police Officer B are shaking hands with each other. Police Officer C and Police Officer D are having conversations with each other.

question_count: Are there four Police Officers? question_attr_1: Is there a Police Officer wearing sunglasses? question_attr_2: Is there a Police Officer with blonde hair? question_attr_3: Is there a Police Officer with laptop in hand? question_attr_4: Is there a Police Officer is crying? question_interaction_1: Is the Police Officer wearing sunglasses shaking hands with the Police Officer with blonde hair? question_interaction_2: Is the Police Officer with laptop in hand having conversations with the Police Officer is crying?

Example 2: Subject: Nurse Attribute 1: Bags: purse Attribute 2: Hair Style: curly Attribute 3: Tattoos: arm Attribute 4: Jewelry: necklace

Interaction 1: Whispering a secret into the other's ear Interaction 2: Waving to each other

OUTPUT: Prompt: Four Nurses. Nurse A has purse in hand. Nurse B has curly hair. Nurse C has tattoos on arm. Nurse D wears necklace. Nurse A and Nurse B are whispering a secret into the other's ear with each other. Nurse C and Nurse D are waving to each other.

question_count: Are there four Nurses? question_attr_1: Is there a Nurse with purse in hand? question_attr_2: Is there a Nurse with curly hair? question_attr_3: Is there a Nurse with tattoos on arm? question_attr_4: Is there a Nurse wearing necklace? question_interaction_1: Is the Nurse with purse in hand whispering a secret into the other's ear with the Nurse with curly hair? question_interaction_2: Is the Nurse with tattoos on arm waving to each other with the Nurse wearing necklace?

Now generate the output for the given sample data above. Return ONLY in this format:

Prompt: [your prompt here]

question_count: [question here] question_attr_1: [question here] question_attr_2: [question here] question_attr_3: [question here] question_attr_4: [question here] question_interaction_1: [question here] question_interaction_2: [question here]",Construction Worker (often includes high-visibility safety gear),"[('Food/Drink', 'Coffee cup'), ('Negative', 'scared'), ('Facial Hair', 'goatee'), ('Positive', 'excited')]","['One person shouting while the other looks away', 'Waving to each other']",Are there four Construction Workers?,Is there a Construction Worker with coffee cup in hand?,Is there a Construction Worker is scared?,Is there a Construction Worker with goatee?,Is there a Construction Worker is excited?,Is the Construction Worker with coffee cup in hand one person shouting while the other looks away with the Construction Worker is scared?,Is the Construction Worker with goatee waving to each other with the Construction Worker is excited?,
223,Four Airmen. Airman A has laptop in hand. Airman B has undercut hair. Airman C is angry. Airman D wears lip piercings. Airman A and Airman B are pointing an accusatory finger at each other. Airman C and Airman D are bowing to each other.,"You are creating image generation prompts and questions for a dataset.

Given the sample data below, you need to generate:

A SHORT image generation prompt

Seven questions about the image

SAMPLE DATA: Subject: Airman (Air Force) Attribute 1: Technology: laptop Attribute 2: Hair Style: undercut Attribute 3: Negative: angry Attribute 4: Piercings: lip Interaction 1: One person pointing an accusatory finger at the other Interaction 2: One person Bowing to other

INSTRUCTIONS:

Create a SHORT image generation prompt following this format:

Four [SUBJECT]s. [SUBJECT] A [verb] [ATTRIBUTE_1]. [SUBJECT] B [verb] [ATTRIBUTE_2]. [SUBJECT] C [verb] [ATTRIBUTE_3]. [SUBJECT] D [verb] [ATTRIBUTE_4]. [SUBJECT] A and [SUBJECT] B are [INTERACTION_1] with each other. [SUBJECT] C and [SUBJECT] D are [INTERACTION_2] with each other.

Use appropriate verbs (is/has/wears) based on the attribute type

For emotions: use ""is"" (e.g., ""is crying"")

For physical items/bags: use ""has [item] in hand""

For hair: use ""has [color/style] hair""

For eyewear/gloves/jewelry: use ""wears""

For tattoos: use ""has tattoos on [location]""

Keep it SHORT and DIRECT

Create SEVEN questions:

question_count: ""Are there four [SUBJECT]s?""

question_attr_1 through question_attr_4: ""Is there a [SUBJECT] [attribute description]?""

question_interaction_1: ""Is the [SUBJECT] [with attribute 1] [INTERACTION_1] with the [SUBJECT] [with attribute 2]?""

question_interaction_2: ""Is the [SUBJECT] [with attribute 3] [INTERACTION_2] with the [SUBJECT] [with attribute 4]?""

EXAMPLES:

Example 1: Subject: Police Officer Attribute 1: Eyewear: sunglasses Attribute 2: Hair Color: blonde Attribute 3: Technology: laptop Attribute 4: Negative: crying

Interaction 1: Shaking hands Interaction 2: Having conversations

OUTPUT: Prompt: Four Police Officers. Police Officer A wears sunglasses. Police Officer B has blonde hair. Police Officer C has laptop in hand. Police Officer D is crying. Police Officer A and Police Officer B are shaking hands with each other. Police Officer C and Police Officer D are having conversations with each other.

question_count: Are there four Police Officers? question_attr_1: Is there a Police Officer wearing sunglasses? question_attr_2: Is there a Police Officer with blonde hair? question_attr_3: Is there a Police Officer with laptop in hand? question_attr_4: Is there a Police Officer is crying? question_interaction_1: Is the Police Officer wearing sunglasses shaking hands with the Police Officer with blonde hair? question_interaction_2: Is the Police Officer with laptop in hand having conversations with the Police Officer is crying?

Example 2: Subject: Nurse Attribute 1: Bags: purse Attribute 2: Hair Style: curly Attribute 3: Tattoos: arm Attribute 4: Jewelry: necklace

Interaction 1: Whispering a secret into the other's ear Interaction 2: Waving to each other

OUTPUT: Prompt: Four Nurses. Nurse A has purse in hand. Nurse B has curly hair. Nurse C has tattoos on arm. Nurse D wears necklace. Nurse A and Nurse B are whispering a secret into the other's ear with each other. Nurse C and Nurse D are waving to each other.

question_count: Are there four Nurses? question_attr_1: Is there a Nurse with purse in hand? question_attr_2: Is there a Nurse with curly hair? question_attr_3: Is there a Nurse with tattoos on arm? question_attr_4: Is there a Nurse wearing necklace? question_interaction_1: Is the Nurse with purse in hand whispering a secret into the other's ear with the Nurse with curly hair? question_interaction_2: Is the Nurse with tattoos on arm waving to each other with the Nurse wearing necklace?

Now generate the output for the given sample data above. Return ONLY in this format:

Prompt: [your prompt here]

question_count: [question here] question_attr_1: [question here] question_attr_2: [question here] question_attr_3: [question here] question_attr_4: [question here] question_interaction_1: [question here] question_interaction_2: [question here]",Airman (Air Force),"[('Technology', 'laptop'), ('Hair Style', 'undercut'), ('Negative', 'angry'), ('Piercings', 'lip')]","['One person pointing an accusatory finger at the other', 'One person Bowing to other']",Are there four Airmen?,Is there an Airman with laptop in hand?,Is there an Airman with undercut hair?,Is there an Airman is angry?,Is there an Airman wearing lip piercings?,Is the Airman with laptop in hand pointing an accusatory finger at the Airman with undercut hair?,Is the Airman is angry bowing to the Airman wearing lip piercings?,
224,"Four Flight Attendants. Flight Attendant A has white hair. Flight Attendant B wears glasses. Flight Attendant C has tablet in hand. Flight Attendant D is excited. Flight Attendant A and Flight Attendant B are assembling something, reading instructions together with each other. Flight Attendant C and Flight Attendant D are kneeling before someone with each other.","You are creating image generation prompts and questions for a dataset.

Given the sample data below, you need to generate:

A SHORT image generation prompt

Seven questions about the image

SAMPLE DATA: Subject: Flight Attendant Attribute 1: Hair Color: white Attribute 2: Eyewear: glasses Attribute 3: Technology: tablet Attribute 4: Positive: excited Interaction 1: Assembling something, reading instructions together Interaction 2: Kneeling Before Someone

INSTRUCTIONS:

Create a SHORT image generation prompt following this format:

Four [SUBJECT]s. [SUBJECT] A [verb] [ATTRIBUTE_1]. [SUBJECT] B [verb] [ATTRIBUTE_2]. [SUBJECT] C [verb] [ATTRIBUTE_3]. [SUBJECT] D [verb] [ATTRIBUTE_4]. [SUBJECT] A and [SUBJECT] B are [INTERACTION_1] with each other. [SUBJECT] C and [SUBJECT] D are [INTERACTION_2] with each other.

Use appropriate verbs (is/has/wears) based on the attribute type

For emotions: use ""is"" (e.g., ""is crying"")

For physical items/bags: use ""has [item] in hand""

For hair: use ""has [color/style] hair""

For eyewear/gloves/jewelry: use ""wears""

For tattoos: use ""has tattoos on [location]""

Keep it SHORT and DIRECT

Create SEVEN questions:

question_count: ""Are there four [SUBJECT]s?""

question_attr_1 through question_attr_4: ""Is there a [SUBJECT] [attribute description]?""

question_interaction_1: ""Is the [SUBJECT] [with attribute 1] [INTERACTION_1] with the [SUBJECT] [with attribute 2]?""

question_interaction_2: ""Is the [SUBJECT] [with attribute 3] [INTERACTION_2] with the [SUBJECT] [with attribute 4]?""

EXAMPLES:

Example 1: Subject: Police Officer Attribute 1: Eyewear: sunglasses Attribute 2: Hair Color: blonde Attribute 3: Technology: laptop Attribute 4: Negative: crying

Interaction 1: Shaking hands Interaction 2: Having conversations

OUTPUT: Prompt: Four Police Officers. Police Officer A wears sunglasses. Police Officer B has blonde hair. Police Officer C has laptop in hand. Police Officer D is crying. Police Officer A and Police Officer B are shaking hands with each other. Police Officer C and Police Officer D are having conversations with each other.

question_count: Are there four Police Officers? question_attr_1: Is there a Police Officer wearing sunglasses? question_attr_2: Is there a Police Officer with blonde hair? question_attr_3: Is there a Police Officer with laptop in hand? question_attr_4: Is there a Police Officer is crying? question_interaction_1: Is the Police Officer wearing sunglasses shaking hands with the Police Officer with blonde hair? question_interaction_2: Is the Police Officer with laptop in hand having conversations with the Police Officer is crying?

Example 2: Subject: Nurse Attribute 1: Bags: purse Attribute 2: Hair Style: curly Attribute 3: Tattoos: arm Attribute 4: Jewelry: necklace

Interaction 1: Whispering a secret into the other's ear Interaction 2: Waving to each other

OUTPUT: Prompt: Four Nurses. Nurse A has purse in hand. Nurse B has curly hair. Nurse C has tattoos on arm. Nurse D wears necklace. Nurse A and Nurse B are whispering a secret into the other's ear with each other. Nurse C and Nurse D are waving to each other.

question_count: Are there four Nurses? question_attr_1: Is there a Nurse with purse in hand? question_attr_2: Is there a Nurse with curly hair? question_attr_3: Is there a Nurse with tattoos on arm? question_attr_4: Is there a Nurse wearing necklace? question_interaction_1: Is the Nurse with purse in hand whispering a secret into the other's ear with the Nurse with curly hair? question_interaction_2: Is the Nurse with tattoos on arm waving to each other with the Nurse wearing necklace?

Now generate the output for the given sample data above. Return ONLY in this format:

Prompt: [your prompt here]

question_count: [question here] question_attr_1: [question here] question_attr_2: [question here] question_attr_3: [question here] question_attr_4: [question here] question_interaction_1: [question here] question_interaction_2: [question here]",Flight Attendant,"[('Hair Color', 'white'), ('Eyewear', 'glasses'), ('Technology', 'tablet'), ('Positive', 'excited')]","['Assembling something, reading instructions together', 'Kneeling Before Someone']",Are there four Flight Attendants?,Is there a Flight Attendant with white hair?,Is there a Flight Attendant wearing glasses?,Is there a Flight Attendant with tablet in hand?,Is there a Flight Attendant is excited?,"Is the Flight Attendant with white hair assembling something, reading instructions together with the Flight Attendant wearing glasses?",Is the Flight Attendant with tablet in hand kneeling before someone with the Flight Attendant is excited?,
225,Four Electricians. Electrician A has backpack in hand. Electrician B has blonde hair. Electrician C wears watch. Electrician D has beard. Electrician A and Electrician B are whispering a secret into the other's ear with each other. Electrician C and Electrician D are one person crossing their arms and glaring while the other tries to talk with each other.,"You are creating image generation prompts and questions for a dataset.

Given the sample data below, you need to generate:

A SHORT image generation prompt

Seven questions about the image

SAMPLE DATA: Subject: Electrician Attribute 1: Bags: Backpack Attribute 2: Hair Color: blonde Attribute 3: Jewelry: watch Attribute 4: Facial Hair: Beard Interaction 1: Whispering a secret into the other's ear Interaction 2: One person crossing their arms and glaring while the other tries to talk

INSTRUCTIONS:

Create a SHORT image generation prompt following this format:

Four [SUBJECT]s. [SUBJECT] A [verb] [ATTRIBUTE_1]. [SUBJECT] B [verb] [ATTRIBUTE_2]. [SUBJECT] C [verb] [ATTRIBUTE_3]. [SUBJECT] D [verb] [ATTRIBUTE_4]. [SUBJECT] A and [SUBJECT] B are [INTERACTION_1] with each other. [SUBJECT] C and [SUBJECT] D are [INTERACTION_2] with each other.

Use appropriate verbs (is/has/wears) based on the attribute type

For emotions: use ""is"" (e.g., ""is crying"")

For physical items/bags: use ""has [item] in hand""

For hair: use ""has [color/style] hair""

For eyewear/gloves/jewelry: use ""wears""

For tattoos: use ""has tattoos on [location]""

Keep it SHORT and DIRECT

Create SEVEN questions:

question_count: ""Are there four [SUBJECT]s?""

question_attr_1 through question_attr_4: ""Is there a [SUBJECT] [attribute description]?""

question_interaction_1: ""Is the [SUBJECT] [with attribute 1] [INTERACTION_1] with the [SUBJECT] [with attribute 2]?""

question_interaction_2: ""Is the [SUBJECT] [with attribute 3] [INTERACTION_2] with the [SUBJECT] [with attribute 4]?""

EXAMPLES:

Example 1: Subject: Police Officer Attribute 1: Eyewear: sunglasses Attribute 2: Hair Color: blonde Attribute 3: Technology: laptop Attribute 4: Negative: crying

Interaction 1: Shaking hands Interaction 2: Having conversations

OUTPUT: Prompt: Four Police Officers. Police Officer A wears sunglasses. Police Officer B has blonde hair. Police Officer C has laptop in hand. Police Officer D is crying. Police Officer A and Police Officer B are shaking hands with each other. Police Officer C and Police Officer D are having conversations with each other.

question_count: Are there four Police Officers? question_attr_1: Is there a Police Officer wearing sunglasses? question_attr_2: Is there a Police Officer with blonde hair? question_attr_3: Is there a Police Officer with laptop in hand? question_attr_4: Is there a Police Officer is crying? question_interaction_1: Is the Police Officer wearing sunglasses shaking hands with the Police Officer with blonde hair? question_interaction_2: Is the Police Officer with laptop in hand having conversations with the Police Officer is crying?

Example 2: Subject: Nurse Attribute 1: Bags: purse Attribute 2: Hair Style: curly Attribute 3: Tattoos: arm Attribute 4: Jewelry: necklace

Interaction 1: Whispering a secret into the other's ear Interaction 2: Waving to each other

OUTPUT: Prompt: Four Nurses. Nurse A has purse in hand. Nurse B has curly hair. Nurse C has tattoos on arm. Nurse D wears necklace. Nurse A and Nurse B are whispering a secret into the other's ear with each other. Nurse C and Nurse D are waving to each other.

question_count: Are there four Nurses? question_attr_1: Is there a Nurse with purse in hand? question_attr_2: Is there a Nurse with curly hair? question_attr_3: Is there a Nurse with tattoos on arm? question_attr_4: Is there a Nurse wearing necklace? question_interaction_1: Is the Nurse with purse in hand whispering a secret into the other's ear with the Nurse with curly hair? question_interaction_2: Is the Nurse with tattoos on arm waving to each other with the Nurse wearing necklace?

Now generate the output for the given sample data above. Return ONLY in this format:

Prompt: [your prompt here]

question_count: [question here] question_attr_1: [question here] question_attr_2: [question here] question_attr_3: [question here] question_attr_4: [question here] question_interaction_1: [question here] question_interaction_2: [question here]",Electrician,"[('Bags', 'Backpack'), ('Hair Color', 'blonde'), ('Jewelry', 'watch'), ('Facial Hair', 'Beard')]","[""Whispering a secret into the other's ear"", 'One person crossing their arms and glaring while the other tries to talk']",Are there four Electricians?,Is there an Electrician with backpack in hand?,Is there an Electrician with blonde hair?,Is there an Electrician wearing watch?,Is there an Electrician with beard?,Is the Electrician with backpack in hand whispering a secret into the other's ear with the Electrician with blonde hair?,Is the Electrician wearing watch one person crossing their arms and glaring while the other tries to talk with the Electrician with beard?,
229,Four Sailors. Sailor A wears leather gloves. Sailor B has tablet in hand. Sailor C has Coffee cup in hand. Sailor D has curly hair. Sailor A and Sailor B are waving to each other. Sailor C and Sailor D are pouring the other a cup of tea or coffee with each other.,"You are creating image generation prompts and questions for a dataset.

Given the sample data below, you need to generate:

A SHORT image generation prompt

Seven questions about the image

SAMPLE DATA: Subject: Sailor (Navy) Attribute 1: Gloves: leather gloves Attribute 2: Technology: tablet Attribute 3: Food/Drink: Coffee cup Attribute 4: Hair Style: curly Interaction 1: Waving to each other Interaction 2: Pouring the other a cup of tea or coffee

INSTRUCTIONS:

Create a SHORT image generation prompt following this format:

Four [SUBJECT]s. [SUBJECT] A [verb] [ATTRIBUTE_1]. [SUBJECT] B [verb] [ATTRIBUTE_2]. [SUBJECT] C [verb] [ATTRIBUTE_3]. [SUBJECT] D [verb] [ATTRIBUTE_4]. [SUBJECT] A and [SUBJECT] B are [INTERACTION_1] with each other. [SUBJECT] C and [SUBJECT] D are [INTERACTION_2] with each other.

Use appropriate verbs (is/has/wears) based on the attribute type

For emotions: use ""is"" (e.g., ""is crying"")

For physical items/bags: use ""has [item] in hand""

For hair: use ""has [color/style] hair""

For eyewear/gloves/jewelry: use ""wears""

For tattoos: use ""has tattoos on [location]""

Keep it SHORT and DIRECT

Create SEVEN questions:

question_count: ""Are there four [SUBJECT]s?""

question_attr_1 through question_attr_4: ""Is there a [SUBJECT] [attribute description]?""

question_interaction_1: ""Is the [SUBJECT] [with attribute 1] [INTERACTION_1] with the [SUBJECT] [with attribute 2]?""

question_interaction_2: ""Is the [SUBJECT] [with attribute 3] [INTERACTION_2] with the [SUBJECT] [with attribute 4]?""

EXAMPLES:

Example 1: Subject: Police Officer Attribute 1: Eyewear: sunglasses Attribute 2: Hair Color: blonde Attribute 3: Technology: laptop Attribute 4: Negative: crying

Interaction 1: Shaking hands Interaction 2: Having conversations

OUTPUT: Prompt: Four Police Officers. Police Officer A wears sunglasses. Police Officer B has blonde hair. Police Officer C has laptop in hand. Police Officer D is crying. Police Officer A and Police Officer B are shaking hands with each other. Police Officer C and Police Officer D are having conversations with each other.

question_count: Are there four Police Officers? question_attr_1: Is there a Police Officer wearing sunglasses? question_attr_2: Is there a Police Officer with blonde hair? question_attr_3: Is there a Police Officer with laptop in hand? question_attr_4: Is there a Police Officer is crying? question_interaction_1: Is the Police Officer wearing sunglasses shaking hands with the Police Officer with blonde hair? question_interaction_2: Is the Police Officer with laptop in hand having conversations with the Police Officer is crying?

Example 2: Subject: Nurse Attribute 1: Bags: purse Attribute 2: Hair Style: curly Attribute 3: Tattoos: arm Attribute 4: Jewelry: necklace

Interaction 1: Whispering a secret into the other's ear Interaction 2: Waving to each other

OUTPUT: Prompt: Four Nurses. Nurse A has purse in hand. Nurse B has curly hair. Nurse C has tattoos on arm. Nurse D wears necklace. Nurse A and Nurse B are whispering a secret into the other's ear with each other. Nurse C and Nurse D are waving to each other.

question_count: Are there four Nurses? question_attr_1: Is there a Nurse with purse in hand? question_attr_2: Is there a Nurse with curly hair? question_attr_3: Is there a Nurse with tattoos on arm? question_attr_4: Is there a Nurse wearing necklace? question_interaction_1: Is the Nurse with purse in hand whispering a secret into the other's ear with the Nurse with curly hair? question_interaction_2: Is the Nurse with tattoos on arm waving to each other with the Nurse wearing necklace?

Now generate the output for the given sample data above. Return ONLY in this format:

Prompt: [your prompt here]

question_count: [question here] question_attr_1: [question here] question_attr_2: [question here] question_attr_3: [question here] question_attr_4: [question here] question_interaction_1: [question here] question_interaction_2: [question here]",Sailor (Navy),"[('Gloves', 'leather gloves'), ('Technology', 'tablet'), ('Food/Drink', 'Coffee cup'), ('Hair Style', 'curly')]","['Waving to each other', 'Pouring the other a cup of tea or coffee']",Are there four Sailors?,Is there a Sailor wearing leather gloves?,Is there a Sailor with tablet in hand?,Is there a Sailor with Coffee cup in hand?,Is there a Sailor with curly hair?,Is the Sailor wearing leather gloves waving to each other with the Sailor with tablet in hand?,Is the Sailor with Coffee cup in hand pouring the other a cup of tea or coffee with the Sailor with curly hair?,
234,Four Referee / Umpires. Referee / Umpire A has sideburns. Referee / Umpire B has bun hair. Referee / Umpire C has soda can in hand. Referee / Umpire D wears leather gloves. Referee / Umpire A and Referee / Umpire B are pouring each other a cup of tea or coffee. Referee / Umpire C and Referee / Umpire D are whispering a secret into the other's ear.,"You are creating image generation prompts and questions for a dataset.

Given the sample data below, you need to generate:

A SHORT image generation prompt

Seven questions about the image

SAMPLE DATA: Subject: Referee / Umpire Attribute 1: Facial Hair: sideburns Attribute 2: Hair Style: bun Attribute 3: Food/Drink: soda can Attribute 4: Gloves: leather gloves Interaction 1: Pouring the other a cup of tea or coffee Interaction 2: Whispering a secret into the other's ear

INSTRUCTIONS:

Create a SHORT image generation prompt following this format:

Four [SUBJECT]s. [SUBJECT] A [verb] [ATTRIBUTE_1]. [SUBJECT] B [verb] [ATTRIBUTE_2]. [SUBJECT] C [verb] [ATTRIBUTE_3]. [SUBJECT] D [verb] [ATTRIBUTE_4]. [SUBJECT] A and [SUBJECT] B are [INTERACTION_1] with each other. [SUBJECT] C and [SUBJECT] D are [INTERACTION_2] with each other.

Use appropriate verbs (is/has/wears) based on the attribute type

For emotions: use ""is"" (e.g., ""is crying"")

For physical items/bags: use ""has [item] in hand""

For hair: use ""has [color/style] hair""

For eyewear/gloves/jewelry: use ""wears""

For tattoos: use ""has tattoos on [location]""

Keep it SHORT and DIRECT

Create SEVEN questions:

question_count: ""Are there four [SUBJECT]s?""

question_attr_1 through question_attr_4: ""Is there a [SUBJECT] [attribute description]?""

question_interaction_1: ""Is the [SUBJECT] [with attribute 1] [INTERACTION_1] with the [SUBJECT] [with attribute 2]?""

question_interaction_2: ""Is the [SUBJECT] [with attribute 3] [INTERACTION_2] with the [SUBJECT] [with attribute 4]?""

EXAMPLES:

Example 1: Subject: Police Officer Attribute 1: Eyewear: sunglasses Attribute 2: Hair Color: blonde Attribute 3: Technology: laptop Attribute 4: Negative: crying

Interaction 1: Shaking hands Interaction 2: Having conversations

OUTPUT: Prompt: Four Police Officers. Police Officer A wears sunglasses. Police Officer B has blonde hair. Police Officer C has laptop in hand. Police Officer D is crying. Police Officer A and Police Officer B are shaking hands with each other. Police Officer C and Police Officer D are having conversations with each other.

question_count: Are there four Police Officers? question_attr_1: Is there a Police Officer wearing sunglasses? question_attr_2: Is there a Police Officer with blonde hair? question_attr_3: Is there a Police Officer with laptop in hand? question_attr_4: Is there a Police Officer is crying? question_interaction_1: Is the Police Officer wearing sunglasses shaking hands with the Police Officer with blonde hair? question_interaction_2: Is the Police Officer with laptop in hand having conversations with the Police Officer is crying?

Example 2: Subject: Nurse Attribute 1: Bags: purse Attribute 2: Hair Style: curly Attribute 3: Tattoos: arm Attribute 4: Jewelry: necklace

Interaction 1: Whispering a secret into the other's ear Interaction 2: Waving to each other

OUTPUT: Prompt: Four Nurses. Nurse A has purse in hand. Nurse B has curly hair. Nurse C has tattoos on arm. Nurse D wears necklace. Nurse A and Nurse B are whispering a secret into the other's ear with each other. Nurse C and Nurse D are waving to each other.

question_count: Are there four Nurses? question_attr_1: Is there a Nurse with purse in hand? question_attr_2: Is there a Nurse with curly hair? question_attr_3: Is there a Nurse with tattoos on arm? question_attr_4: Is there a Nurse wearing necklace? question_interaction_1: Is the Nurse with purse in hand whispering a secret into the other's ear with the Nurse with curly hair? question_interaction_2: Is the Nurse with tattoos on arm waving to each other with the Nurse wearing necklace?

Now generate the output for the given sample data above. Return ONLY in this format:

Prompt: [your prompt here]

question_count: [question here] question_attr_1: [question here] question_attr_2: [question here] question_attr_3: [question here] question_attr_4: [question here] question_interaction_1: [question here] question_interaction_2: [question here]",Referee / Umpire,"[('Facial Hair', 'sideburns'), ('Hair Style', 'bun'), ('Food/Drink', 'soda can'), ('Gloves', 'leather gloves')]","['Pouring the other a cup of tea or coffee', ""Whispering a secret into the other's ear""]",Are there four Referee / Umpires?,Is there a Referee / Umpire with sideburns?,Is there a Referee / Umpire with bun hair?,Is there a Referee / Umpire with soda can in hand?,Is there a Referee / Umpire wearing leather gloves?,Is the Referee / Umpire with sideburns pouring each other a cup of tea or coffee with the Referee / Umpire with bun hair?,Is the Referee / Umpire with soda can in hand whispering a secret into the other's ear with the Referee / Umpire wearing leather gloves?,
235,Four Airline Pilots. Airline Pilot A has sideburns. Airline Pilot B has tattoos on leg. Airline Pilot C wears sunglasses. Airline Pilot D is determined. Airline Pilot A and Airline Pilot B are kneeling before someone with each other. Airline Pilot C and Airline Pilot D are taking a pulse with each other.,"You are creating image generation prompts and questions for a dataset.

Given the sample data below, you need to generate:

A SHORT image generation prompt

Seven questions about the image

SAMPLE DATA: Subject: Airline Pilot Attribute 1: Facial Hair: sideburns Attribute 2: Tattoos: leg Attribute 3: Eyewear: sunglasses Attribute 4: Neutral/Other: determined Interaction 1: Kneeling Before Someone Interaction 2: Taking a Pulse

INSTRUCTIONS:

Create a SHORT image generation prompt following this format:

Four [SUBJECT]s. [SUBJECT] A [verb] [ATTRIBUTE_1]. [SUBJECT] B [verb] [ATTRIBUTE_2]. [SUBJECT] C [verb] [ATTRIBUTE_3]. [SUBJECT] D [verb] [ATTRIBUTE_4]. [SUBJECT] A and [SUBJECT] B are [INTERACTION_1] with each other. [SUBJECT] C and [SUBJECT] D are [INTERACTION_2] with each other.

Use appropriate verbs (is/has/wears) based on the attribute type

For emotions: use ""is"" (e.g., ""is crying"")

For physical items/bags: use ""has [item] in hand""

For hair: use ""has [color/style] hair""

For eyewear/gloves/jewelry: use ""wears""

For tattoos: use ""has tattoos on [location]""

Keep it SHORT and DIRECT

Create SEVEN questions:

question_count: ""Are there four [SUBJECT]s?""

question_attr_1 through question_attr_4: ""Is there a [SUBJECT] [attribute description]?""

question_interaction_1: ""Is the [SUBJECT] [with attribute 1] [INTERACTION_1] with the [SUBJECT] [with attribute 2]?""

question_interaction_2: ""Is the [SUBJECT] [with attribute 3] [INTERACTION_2] with the [SUBJECT] [with attribute 4]?""

EXAMPLES:

Example 1: Subject: Police Officer Attribute 1: Eyewear: sunglasses Attribute 2: Hair Color: blonde Attribute 3: Technology: laptop Attribute 4: Negative: crying

Interaction 1: Shaking hands Interaction 2: Having conversations

OUTPUT: Prompt: Four Police Officers. Police Officer A wears sunglasses. Police Officer B has blonde hair. Police Officer C has laptop in hand. Police Officer D is crying. Police Officer A and Police Officer B are shaking hands with each other. Police Officer C and Police Officer D are having conversations with each other.

question_count: Are there four Police Officers? question_attr_1: Is there a Police Officer wearing sunglasses? question_attr_2: Is there a Police Officer with blonde hair? question_attr_3: Is there a Police Officer with laptop in hand? question_attr_4: Is there a Police Officer is crying? question_interaction_1: Is the Police Officer wearing sunglasses shaking hands with the Police Officer with blonde hair? question_interaction_2: Is the Police Officer with laptop in hand having conversations with the Police Officer is crying?

Example 2: Subject: Nurse Attribute 1: Bags: purse Attribute 2: Hair Style: curly Attribute 3: Tattoos: arm Attribute 4: Jewelry: necklace

Interaction 1: Whispering a secret into the other's ear Interaction 2: Waving to each other

OUTPUT: Prompt: Four Nurses. Nurse A has purse in hand. Nurse B has curly hair. Nurse C has tattoos on arm. Nurse D wears necklace. Nurse A and Nurse B are whispering a secret into the other's ear with each other. Nurse C and Nurse D are waving to each other.

question_count: Are there four Nurses? question_attr_1: Is there a Nurse with purse in hand? question_attr_2: Is there a Nurse with curly hair? question_attr_3: Is there a Nurse with tattoos on arm? question_attr_4: Is there a Nurse wearing necklace? question_interaction_1: Is the Nurse with purse in hand whispering a secret into the other's ear with the Nurse with curly hair? question_interaction_2: Is the Nurse with tattoos on arm waving to each other with the Nurse wearing necklace?

Now generate the output for the given sample data above. Return ONLY in this format:

Prompt: [your prompt here]

question_count: [question here] question_attr_1: [question here] question_attr_2: [question here] question_attr_3: [question here] question_attr_4: [question here] question_interaction_1: [question here] question_interaction_2: [question here]",Airline Pilot,"[('Facial Hair', 'sideburns'), ('Tattoos', 'leg'), ('Eyewear', 'sunglasses'), ('Neutral/Other', 'determined')]","['Kneeling Before Someone', 'Taking a Pulse']",Are there four Airline Pilots?,Is there an Airline Pilot with sideburns?,Is there an Airline Pilot with tattoos on leg?,Is there an Airline Pilot wearing sunglasses?,Is there an Airline Pilot is determined?,Is the Airline Pilot with sideburns kneeling before someone with the Airline Pilot with tattoos on leg?,Is the Airline Pilot wearing sunglasses taking a pulse with the Airline Pilot is determined?,
243,Four Nurses. Nurse A is content. Nurse B wears sunglasses. Nurse C is worried. Nurse D is tired. Nurse A and Nurse B are pouring the other a cup of tea or coffee with each other. Nurse C and Nurse D are one person shouting while the other looks away with each other.,"You are creating image generation prompts and questions for a dataset.

Given the sample data below, you need to generate:

A SHORT image generation prompt

Seven questions about the image

SAMPLE DATA: Subject: Nurse Attribute 1: Positive: content Attribute 2: Eyewear: sunglasses Attribute 3: Negative: worried Attribute 4: Neutral/Other: tired Interaction 1: Pouring the other a cup of tea or coffee Interaction 2: One person shouting while the other looks away

INSTRUCTIONS:

Create a SHORT image generation prompt following this format:

Four [SUBJECT]s. [SUBJECT] A [verb] [ATTRIBUTE_1]. [SUBJECT] B [verb] [ATTRIBUTE_2]. [SUBJECT] C [verb] [ATTRIBUTE_3]. [SUBJECT] D [verb] [ATTRIBUTE_4]. [SUBJECT] A and [SUBJECT] B are [INTERACTION_1] with each other. [SUBJECT] C and [SUBJECT] D are [INTERACTION_2] with each other.

Use appropriate verbs (is/has/wears) based on the attribute type

For emotions: use ""is"" (e.g., ""is crying"")

For physical items/bags: use ""has [item] in hand""

For hair: use ""has [color/style] hair""

For eyewear/gloves/jewelry: use ""wears""

For tattoos: use ""has tattoos on [location]""

Keep it SHORT and DIRECT

Create SEVEN questions:

question_count: ""Are there four [SUBJECT]s?""

question_attr_1 through question_attr_4: ""Is there a [SUBJECT] [attribute description]?""

question_interaction_1: ""Is the [SUBJECT] [with attribute 1] [INTERACTION_1] with the [SUBJECT] [with attribute 2]?""

question_interaction_2: ""Is the [SUBJECT] [with attribute 3] [INTERACTION_2] with the [SUBJECT] [with attribute 4]?""

EXAMPLES:

Example 1: Subject: Police Officer Attribute 1: Eyewear: sunglasses Attribute 2: Hair Color: blonde Attribute 3: Technology: laptop Attribute 4: Negative: crying

Interaction 1: Shaking hands Interaction 2: Having conversations

OUTPUT: Prompt: Four Police Officers. Police Officer A wears sunglasses. Police Officer B has blonde hair. Police Officer C has laptop in hand. Police Officer D is crying. Police Officer A and Police Officer B are shaking hands with each other. Police Officer C and Police Officer D are having conversations with each other.

question_count: Are there four Police Officers? question_attr_1: Is there a Police Officer wearing sunglasses? question_attr_2: Is there a Police Officer with blonde hair? question_attr_3: Is there a Police Officer with laptop in hand? question_attr_4: Is there a Police Officer is crying? question_interaction_1: Is the Police Officer wearing sunglasses shaking hands with the Police Officer with blonde hair? question_interaction_2: Is the Police Officer with laptop in hand having conversations with the Police Officer is crying?

Example 2: Subject: Nurse Attribute 1: Bags: purse Attribute 2: Hair Style: curly Attribute 3: Tattoos: arm Attribute 4: Jewelry: necklace

Interaction 1: Whispering a secret into the other's ear Interaction 2: Waving to each other

OUTPUT: Prompt: Four Nurses. Nurse A has purse in hand. Nurse B has curly hair. Nurse C has tattoos on arm. Nurse D wears necklace. Nurse A and Nurse B are whispering a secret into the other's ear with each other. Nurse C and Nurse D are waving to each other.

question_count: Are there four Nurses? question_attr_1: Is there a Nurse with purse in hand? question_attr_2: Is there a Nurse with curly hair? question_attr_3: Is there a Nurse with tattoos on arm? question_attr_4: Is there a Nurse wearing necklace? question_interaction_1: Is the Nurse with purse in hand whispering a secret into the other's ear with the Nurse with curly hair? question_interaction_2: Is the Nurse with tattoos on arm waving to each other with the Nurse wearing necklace?

Now generate the output for the given sample data above. Return ONLY in this format:

Prompt: [your prompt here]

question_count: [question here] question_attr_1: [question here] question_attr_2: [question here] question_attr_3: [question here] question_attr_4: [question here] question_interaction_1: [question here] question_interaction_2: [question here]",Nurse,"[('Positive', 'content'), ('Eyewear', 'sunglasses'), ('Negative', 'worried'), ('Neutral/Other', 'tired')]","['Pouring the other a cup of tea or coffee', 'One person shouting while the other looks away']",Are there four Nurses?,Is there a Nurse is content?,Is there a Nurse wearing sunglasses?,Is there a Nurse is worried?,Is there a Nurse is tired?,Is the Nurse is content pouring the other a cup of tea or coffee with the Nurse wearing sunglasses?,Is the Nurse is worried one person shouting while the other looks away with the Nurse is tired?,
245,Four Sailors. Sailor A wears latex gloves. Sailor B is clean-shaven. Sailor C has black hair. Sailor D is tired. Sailor A and Sailor B are kneeling before each other. Sailor C and Sailor D are pointing an accusatory finger at each other.,"You are creating image generation prompts and questions for a dataset.

Given the sample data below, you need to generate:

A SHORT image generation prompt

Seven questions about the image

SAMPLE DATA: Subject: Sailor (Navy) Attribute 1: Gloves: latex gloves. Attribute 2: Facial Hair: clean-shaven Attribute 3: Hair Color: Black Attribute 4: Neutral/Other: tired Interaction 1: Kneeling Before Someone Interaction 2: One person pointing an accusatory finger at the other

INSTRUCTIONS:

Create a SHORT image generation prompt following this format:

Four [SUBJECT]s. [SUBJECT] A [verb] [ATTRIBUTE_1]. [SUBJECT] B [verb] [ATTRIBUTE_2]. [SUBJECT] C [verb] [ATTRIBUTE_3]. [SUBJECT] D [verb] [ATTRIBUTE_4]. [SUBJECT] A and [SUBJECT] B are [INTERACTION_1] with each other. [SUBJECT] C and [SUBJECT] D are [INTERACTION_2] with each other.

Use appropriate verbs (is/has/wears) based on the attribute type

For emotions: use ""is"" (e.g., ""is crying"")

For physical items/bags: use ""has [item] in hand""

For hair: use ""has [color/style] hair""

For eyewear/gloves/jewelry: use ""wears""

For tattoos: use ""has tattoos on [location]""

Keep it SHORT and DIRECT

Create SEVEN questions:

question_count: ""Are there four [SUBJECT]s?""

question_attr_1 through question_attr_4: ""Is there a [SUBJECT] [attribute description]?""

question_interaction_1: ""Is the [SUBJECT] [with attribute 1] [INTERACTION_1] with the [SUBJECT] [with attribute 2]?""

question_interaction_2: ""Is the [SUBJECT] [with attribute 3] [INTERACTION_2] with the [SUBJECT] [with attribute 4]?""

EXAMPLES:

Example 1: Subject: Police Officer Attribute 1: Eyewear: sunglasses Attribute 2: Hair Color: blonde Attribute 3: Technology: laptop Attribute 4: Negative: crying

Interaction 1: Shaking hands Interaction 2: Having conversations

OUTPUT: Prompt: Four Police Officers. Police Officer A wears sunglasses. Police Officer B has blonde hair. Police Officer C has laptop in hand. Police Officer D is crying. Police Officer A and Police Officer B are shaking hands with each other. Police Officer C and Police Officer D are having conversations with each other.

question_count: Are there four Police Officers? question_attr_1: Is there a Police Officer wearing sunglasses? question_attr_2: Is there a Police Officer with blonde hair? question_attr_3: Is there a Police Officer with laptop in hand? question_attr_4: Is there a Police Officer is crying? question_interaction_1: Is the Police Officer wearing sunglasses shaking hands with the Police Officer with blonde hair? question_interaction_2: Is the Police Officer with laptop in hand having conversations with the Police Officer is crying?

Example 2: Subject: Nurse Attribute 1: Bags: purse Attribute 2: Hair Style: curly Attribute 3: Tattoos: arm Attribute 4: Jewelry: necklace

Interaction 1: Whispering a secret into the other's ear Interaction 2: Waving to each other

OUTPUT: Prompt: Four Nurses. Nurse A has purse in hand. Nurse B has curly hair. Nurse C has tattoos on arm. Nurse D wears necklace. Nurse A and Nurse B are whispering a secret into the other's ear with each other. Nurse C and Nurse D are waving to each other.

question_count: Are there four Nurses? question_attr_1: Is there a Nurse with purse in hand? question_attr_2: Is there a Nurse with curly hair? question_attr_3: Is there a Nurse with tattoos on arm? question_attr_4: Is there a Nurse wearing necklace? question_interaction_1: Is the Nurse with purse in hand whispering a secret into the other's ear with the Nurse with curly hair? question_interaction_2: Is the Nurse with tattoos on arm waving to each other with the Nurse wearing necklace?

Now generate the output for the given sample data above. Return ONLY in this format:

Prompt: [your prompt here]

question_count: [question here] question_attr_1: [question here] question_attr_2: [question here] question_attr_3: [question here] question_attr_4: [question here] question_interaction_1: [question here] question_interaction_2: [question here]",Sailor (Navy),"[('Gloves', 'latex gloves.'), ('Facial Hair', 'clean-shaven'), ('Hair Color', 'Black'), ('Neutral/Other', 'tired')]","['Kneeling Before Someone', 'One person pointing an accusatory finger at the other']",Are there four Sailors?,Is there a Sailor wearing latex gloves?,Is there a Sailor is clean-shaven?,Is there a Sailor with black hair?,Is there a Sailor is tired?,Is the Sailor wearing latex gloves kneeling before the Sailor is clean-shaven?,Is the Sailor with black hair pointing an accusatory finger at the Sailor is tired?,
247,Four Bouncers. Bouncer A is joyful. Bouncer B has blue eyes. Bouncer C wears sunglasses. Bouncer D has camera in hand. Bouncer A and Bouncer B are having a fist bump with each other. Bouncer C and Bouncer D are waving to each other.,"You are creating image generation prompts and questions for a dataset.

Given the sample data below, you need to generate:

A SHORT image generation prompt

Seven questions about the image

SAMPLE DATA: Subject: Bouncer Attribute 1: Positive: joyful Attribute 2: Eyes: Blue Attribute 3: Eyewear: sunglasses Attribute 4: Technology: camera. Interaction 1: A fist bump Interaction 2: Waving to each other

INSTRUCTIONS:

Create a SHORT image generation prompt following this format:

Four [SUBJECT]s. [SUBJECT] A [verb] [ATTRIBUTE_1]. [SUBJECT] B [verb] [ATTRIBUTE_2]. [SUBJECT] C [verb] [ATTRIBUTE_3]. [SUBJECT] D [verb] [ATTRIBUTE_4]. [SUBJECT] A and [SUBJECT] B are [INTERACTION_1] with each other. [SUBJECT] C and [SUBJECT] D are [INTERACTION_2] with each other.

Use appropriate verbs (is/has/wears) based on the attribute type

For emotions: use ""is"" (e.g., ""is crying"")

For physical items/bags: use ""has [item] in hand""

For hair: use ""has [color/style] hair""

For eyewear/gloves/jewelry: use ""wears""

For tattoos: use ""has tattoos on [location]""

Keep it SHORT and DIRECT

Create SEVEN questions:

question_count: ""Are there four [SUBJECT]s?""

question_attr_1 through question_attr_4: ""Is there a [SUBJECT] [attribute description]?""

question_interaction_1: ""Is the [SUBJECT] [with attribute 1] [INTERACTION_1] with the [SUBJECT] [with attribute 2]?""

question_interaction_2: ""Is the [SUBJECT] [with attribute 3] [INTERACTION_2] with the [SUBJECT] [with attribute 4]?""

EXAMPLES:

Example 1: Subject: Police Officer Attribute 1: Eyewear: sunglasses Attribute 2: Hair Color: blonde Attribute 3: Technology: laptop Attribute 4: Negative: crying

Interaction 1: Shaking hands Interaction 2: Having conversations

OUTPUT: Prompt: Four Police Officers. Police Officer A wears sunglasses. Police Officer B has blonde hair. Police Officer C has laptop in hand. Police Officer D is crying. Police Officer A and Police Officer B are shaking hands with each other. Police Officer C and Police Officer D are having conversations with each other.

question_count: Are there four Police Officers? question_attr_1: Is there a Police Officer wearing sunglasses? question_attr_2: Is there a Police Officer with blonde hair? question_attr_3: Is there a Police Officer with laptop in hand? question_attr_4: Is there a Police Officer is crying? question_interaction_1: Is the Police Officer wearing sunglasses shaking hands with the Police Officer with blonde hair? question_interaction_2: Is the Police Officer with laptop in hand having conversations with the Police Officer is crying?

Example 2: Subject: Nurse Attribute 1: Bags: purse Attribute 2: Hair Style: curly Attribute 3: Tattoos: arm Attribute 4: Jewelry: necklace

Interaction 1: Whispering a secret into the other's ear Interaction 2: Waving to each other

OUTPUT: Prompt: Four Nurses. Nurse A has purse in hand. Nurse B has curly hair. Nurse C has tattoos on arm. Nurse D wears necklace. Nurse A and Nurse B are whispering a secret into the other's ear with each other. Nurse C and Nurse D are waving to each other.

question_count: Are there four Nurses? question_attr_1: Is there a Nurse with purse in hand? question_attr_2: Is there a Nurse with curly hair? question_attr_3: Is there a Nurse with tattoos on arm? question_attr_4: Is there a Nurse wearing necklace? question_interaction_1: Is the Nurse with purse in hand whispering a secret into the other's ear with the Nurse with curly hair? question_interaction_2: Is the Nurse with tattoos on arm waving to each other with the Nurse wearing necklace?

Now generate the output for the given sample data above. Return ONLY in this format:

Prompt: [your prompt here]

question_count: [question here] question_attr_1: [question here] question_attr_2: [question here] question_attr_3: [question here] question_attr_4: [question here] question_interaction_1: [question here] question_interaction_2: [question here]",Bouncer,"[('Positive', 'joyful'), ('Eyes', 'Blue'), ('Eyewear', 'sunglasses'), ('Technology', 'camera.')]","['A fist bump', 'Waving to each other']",Are there four Bouncers?,Is there a Bouncer is joyful?,Is there a Bouncer has blue eyes?,Is there a Bouncer wearing sunglasses?,Is there a Bouncer with camera in hand?,Is the Bouncer is joyful having a fist bump with the Bouncer has blue eyes?,Is the Bouncer wearing sunglasses waving to each other with the Bouncer with camera in hand?,
252,Four Electricians. Electrician A has briefcase in hand. Electrician B wears earrings. Electrician C has apple in hand. Electrician D has green eyes. Electrician A is turning their back on Electrician B while speaking. Electrician C and Electrician D are shaking hands with each other.,"You are creating image generation prompts and questions for a dataset.

Given the sample data below, you need to generate:

A SHORT image generation prompt

Seven questions about the image

SAMPLE DATA: Subject: Electrician Attribute 1: Bags: briefcase Attribute 2: Jewelry: earrings Attribute 3: Food/Drink: apple Attribute 4: Eyes: green Interaction 1: One person turning their back on the other while they are speaking Interaction 2: Shaking hands

INSTRUCTIONS:

Create a SHORT image generation prompt following this format:

Four [SUBJECT]s. [SUBJECT] A [verb] [ATTRIBUTE_1]. [SUBJECT] B [verb] [ATTRIBUTE_2]. [SUBJECT] C [verb] [ATTRIBUTE_3]. [SUBJECT] D [verb] [ATTRIBUTE_4]. [SUBJECT] A and [SUBJECT] B are [INTERACTION_1] with each other. [SUBJECT] C and [SUBJECT] D are [INTERACTION_2] with each other.

Use appropriate verbs (is/has/wears) based on the attribute type

For emotions: use ""is"" (e.g., ""is crying"")

For physical items/bags: use ""has [item] in hand""

For hair: use ""has [color/style] hair""

For eyewear/gloves/jewelry: use ""wears""

For tattoos: use ""has tattoos on [location]""

Keep it SHORT and DIRECT

Create SEVEN questions:

question_count: ""Are there four [SUBJECT]s?""

question_attr_1 through question_attr_4: ""Is there a [SUBJECT] [attribute description]?""

question_interaction_1: ""Is the [SUBJECT] [with attribute 1] [INTERACTION_1] with the [SUBJECT] [with attribute 2]?""

question_interaction_2: ""Is the [SUBJECT] [with attribute 3] [INTERACTION_2] with the [SUBJECT] [with attribute 4]?""

EXAMPLES:

Example 1: Subject: Police Officer Attribute 1: Eyewear: sunglasses Attribute 2: Hair Color: blonde Attribute 3: Technology: laptop Attribute 4: Negative: crying

Interaction 1: Shaking hands Interaction 2: Having conversations

OUTPUT: Prompt: Four Police Officers. Police Officer A wears sunglasses. Police Officer B has blonde hair. Police Officer C has laptop in hand. Police Officer D is crying. Police Officer A and Police Officer B are shaking hands with each other. Police Officer C and Police Officer D are having conversations with each other.

question_count: Are there four Police Officers? question_attr_1: Is there a Police Officer wearing sunglasses? question_attr_2: Is there a Police Officer with blonde hair? question_attr_3: Is there a Police Officer with laptop in hand? question_attr_4: Is there a Police Officer is crying? question_interaction_1: Is the Police Officer wearing sunglasses shaking hands with the Police Officer with blonde hair? question_interaction_2: Is the Police Officer with laptop in hand having conversations with the Police Officer is crying?

Example 2: Subject: Nurse Attribute 1: Bags: purse Attribute 2: Hair Style: curly Attribute 3: Tattoos: arm Attribute 4: Jewelry: necklace

Interaction 1: Whispering a secret into the other's ear Interaction 2: Waving to each other

OUTPUT: Prompt: Four Nurses. Nurse A has purse in hand. Nurse B has curly hair. Nurse C has tattoos on arm. Nurse D wears necklace. Nurse A and Nurse B are whispering a secret into the other's ear with each other. Nurse C and Nurse D are waving to each other.

question_count: Are there four Nurses? question_attr_1: Is there a Nurse with purse in hand? question_attr_2: Is there a Nurse with curly hair? question_attr_3: Is there a Nurse with tattoos on arm? question_attr_4: Is there a Nurse wearing necklace? question_interaction_1: Is the Nurse with purse in hand whispering a secret into the other's ear with the Nurse with curly hair? question_interaction_2: Is the Nurse with tattoos on arm waving to each other with the Nurse wearing necklace?

Now generate the output for the given sample data above. Return ONLY in this format:

Prompt: [your prompt here]

question_count: [question here] question_attr_1: [question here] question_attr_2: [question here] question_attr_3: [question here] question_attr_4: [question here] question_interaction_1: [question here] question_interaction_2: [question here]",Electrician,"[('Bags', 'briefcase'), ('Jewelry', 'earrings'), ('Food/Drink', 'apple'), ('Eyes', 'green')]","['One person turning their back on the other while they are speaking', 'Shaking hands']",Are there four Electricians?,Is there an Electrician with briefcase in hand?,Is there an Electrician wearing earrings?,Is there an Electrician with apple in hand?,Is there an Electrician with green eyes?,Is the Electrician with briefcase in hand turning their back on the Electrician wearing earrings while speaking?,Is the Electrician with apple in hand shaking hands with the Electrician with green eyes?,
254,Four Supermarket Employees. Supermarket Employee A is laughing. Supermarket Employee B has tattoos on leg. Supermarket Employee C has braids hair. Supermarket Employee D is determined. Supermarket Employee A and Supermarket Employee B are high-five with each other. Supermarket Employee C and Supermarket Employee D are Pouring the other a cup of tea or coffee with each other.,"You are creating image generation prompts and questions for a dataset.

Given the sample data below, you need to generate:

A SHORT image generation prompt

Seven questions about the image

SAMPLE DATA: Subject: Supermarket Employee Attribute 1: Positive: laughing Attribute 2: Tattoos: leg Attribute 3: Hair Style: braids Attribute 4: Neutral/Other: determined Interaction 1: high-five Interaction 2: Pouring the other a cup of tea or coffee

INSTRUCTIONS:

Create a SHORT image generation prompt following this format:

Four [SUBJECT]s. [SUBJECT] A [verb] [ATTRIBUTE_1]. [SUBJECT] B [verb] [ATTRIBUTE_2]. [SUBJECT] C [verb] [ATTRIBUTE_3]. [SUBJECT] D [verb] [ATTRIBUTE_4]. [SUBJECT] A and [SUBJECT] B are [INTERACTION_1] with each other. [SUBJECT] C and [SUBJECT] D are [INTERACTION_2] with each other.

Use appropriate verbs (is/has/wears) based on the attribute type

For emotions: use ""is"" (e.g., ""is crying"")

For physical items/bags: use ""has [item] in hand""

For hair: use ""has [color/style] hair""

For eyewear/gloves/jewelry: use ""wears""

For tattoos: use ""has tattoos on [location]""

Keep it SHORT and DIRECT

Create SEVEN questions:

question_count: ""Are there four [SUBJECT]s?""

question_attr_1 through question_attr_4: ""Is there a [SUBJECT] [attribute description]?""

question_interaction_1: ""Is the [SUBJECT] [with attribute 1] [INTERACTION_1] with the [SUBJECT] [with attribute 2]?""

question_interaction_2: ""Is the [SUBJECT] [with attribute 3] [INTERACTION_2] with the [SUBJECT] [with attribute 4]?""

EXAMPLES:

Example 1: Subject: Police Officer Attribute 1: Eyewear: sunglasses Attribute 2: Hair Color: blonde Attribute 3: Technology: laptop Attribute 4: Negative: crying

Interaction 1: Shaking hands Interaction 2: Having conversations

OUTPUT: Prompt: Four Police Officers. Police Officer A wears sunglasses. Police Officer B has blonde hair. Police Officer C has laptop in hand. Police Officer D is crying. Police Officer A and Police Officer B are shaking hands with each other. Police Officer C and Police Officer D are having conversations with each other.

question_count: Are there four Police Officers? question_attr_1: Is there a Police Officer wearing sunglasses? question_attr_2: Is there a Police Officer with blonde hair? question_attr_3: Is there a Police Officer with laptop in hand? question_attr_4: Is there a Police Officer is crying? question_interaction_1: Is the Police Officer wearing sunglasses shaking hands with the Police Officer with blonde hair? question_interaction_2: Is the Police Officer with laptop in hand having conversations with the Police Officer is crying?

Example 2: Subject: Nurse Attribute 1: Bags: purse Attribute 2: Hair Style: curly Attribute 3: Tattoos: arm Attribute 4: Jewelry: necklace

Interaction 1: Whispering a secret into the other's ear Interaction 2: Waving to each other

OUTPUT: Prompt: Four Nurses. Nurse A has purse in hand. Nurse B has curly hair. Nurse C has tattoos on arm. Nurse D wears necklace. Nurse A and Nurse B are whispering a secret into the other's ear with each other. Nurse C and Nurse D are waving to each other.

question_count: Are there four Nurses? question_attr_1: Is there a Nurse with purse in hand? question_attr_2: Is there a Nurse with curly hair? question_attr_3: Is there a Nurse with tattoos on arm? question_attr_4: Is there a Nurse wearing necklace? question_interaction_1: Is the Nurse with purse in hand whispering a secret into the other's ear with the Nurse with curly hair? question_interaction_2: Is the Nurse with tattoos on arm waving to each other with the Nurse wearing necklace?

Now generate the output for the given sample data above. Return ONLY in this format:

Prompt: [your prompt here]

question_count: [question here] question_attr_1: [question here] question_attr_2: [question here] question_attr_3: [question here] question_attr_4: [question here] question_interaction_1: [question here] question_interaction_2: [question here]",Supermarket Employee,"[('Positive', 'laughing'), ('Tattoos', 'leg'), ('Hair Style', 'braids'), ('Neutral/Other', 'determined')]","['high-five', 'Pouring the other a cup of tea or coffee']",Are there four Supermarket Employees?,Is there a Supermarket Employee laughing?,Is there a Supermarket Employee with tattoos on leg?,Is there a Supermarket Employee with braids hair?,Is there a Supermarket Employee is determined?,Is the Supermarket Employee laughing high-five with the Supermarket Employee with tattoos on leg?,Is the Supermarket Employee with braids hair pouring the other a cup of tea or coffee with the Supermarket Employee is determined?,
258,Four Casino Dealers. Casino Dealer A has suitcase in hand. Casino Dealer B wears leather gloves. Casino Dealer C has a nose piercing. Casino Dealer D is laughing. Casino Dealer A and Casino Dealer B are placing a comforting hand on the other's shoulder or back with each other. Casino Dealer C and Casino Dealer D are pointing an accusatory finger at the other with each other.,"You are creating image generation prompts and questions for a dataset.

Given the sample data below, you need to generate:

A SHORT image generation prompt

Seven questions about the image

SAMPLE DATA: Subject: Casino Dealer Attribute 1: Bags: suitcase Attribute 2: Gloves: leather gloves Attribute 3: Piercings: nose Attribute 4: Positive: laughing Interaction 1: One person placing a comforting hand on the other's shoulder or back Interaction 2: One person pointing an accusatory finger at the other

INSTRUCTIONS:

Create a SHORT image generation prompt following this format:

Four [SUBJECT]s. [SUBJECT] A [verb] [ATTRIBUTE_1]. [SUBJECT] B [verb] [ATTRIBUTE_2]. [SUBJECT] C [verb] [ATTRIBUTE_3]. [SUBJECT] D [verb] [ATTRIBUTE_4]. [SUBJECT] A and [SUBJECT] B are [INTERACTION_1] with each other. [SUBJECT] C and [SUBJECT] D are [INTERACTION_2] with each other.

Use appropriate verbs (is/has/wears) based on the attribute type

For emotions: use ""is"" (e.g., ""is crying"")

For physical items/bags: use ""has [item] in hand""

For hair: use ""has [color/style] hair""

For eyewear/gloves/jewelry: use ""wears""

For tattoos: use ""has tattoos on [location]""

Keep it SHORT and DIRECT

Create SEVEN questions:

question_count: ""Are there four [SUBJECT]s?""

question_attr_1 through question_attr_4: ""Is there a [SUBJECT] [attribute description]?""

question_interaction_1: ""Is the [SUBJECT] [with attribute 1] [INTERACTION_1] with the [SUBJECT] [with attribute 2]?""

question_interaction_2: ""Is the [SUBJECT] [with attribute 3] [INTERACTION_2] with the [SUBJECT] [with attribute 4]?""

EXAMPLES:

Example 1: Subject: Police Officer Attribute 1: Eyewear: sunglasses Attribute 2: Hair Color: blonde Attribute 3: Technology: laptop Attribute 4: Negative: crying

Interaction 1: Shaking hands Interaction 2: Having conversations

OUTPUT: Prompt: Four Police Officers. Police Officer A wears sunglasses. Police Officer B has blonde hair. Police Officer C has laptop in hand. Police Officer D is crying. Police Officer A and Police Officer B are shaking hands with each other. Police Officer C and Police Officer D are having conversations with each other.

question_count: Are there four Police Officers? question_attr_1: Is there a Police Officer wearing sunglasses? question_attr_2: Is there a Police Officer with blonde hair? question_attr_3: Is there a Police Officer with laptop in hand? question_attr_4: Is there a Police Officer is crying? question_interaction_1: Is the Police Officer wearing sunglasses shaking hands with the Police Officer with blonde hair? question_interaction_2: Is the Police Officer with laptop in hand having conversations with the Police Officer is crying?

Example 2: Subject: Nurse Attribute 1: Bags: purse Attribute 2: Hair Style: curly Attribute 3: Tattoos: arm Attribute 4: Jewelry: necklace

Interaction 1: Whispering a secret into the other's ear Interaction 2: Waving to each other

OUTPUT: Prompt: Four Nurses. Nurse A has purse in hand. Nurse B has curly hair. Nurse C has tattoos on arm. Nurse D wears necklace. Nurse A and Nurse B are whispering a secret into the other's ear with each other. Nurse C and Nurse D are waving to each other.

question_count: Are there four Nurses? question_attr_1: Is there a Nurse with purse in hand? question_attr_2: Is there a Nurse with curly hair? question_attr_3: Is there a Nurse with tattoos on arm? question_attr_4: Is there a Nurse wearing necklace? question_interaction_1: Is the Nurse with purse in hand whispering a secret into the other's ear with the Nurse with curly hair? question_interaction_2: Is the Nurse with tattoos on arm waving to each other with the Nurse wearing necklace?

Now generate the output for the given sample data above. Return ONLY in this format:

Prompt: [your prompt here]

question_count: [question here] question_attr_1: [question here] question_attr_2: [question here] question_attr_3: [question here] question_attr_4: [question here] question_interaction_1: [question here] question_interaction_2: [question here]",Casino Dealer,"[('Bags', 'suitcase'), ('Gloves', 'leather gloves'), ('Piercings', 'nose'), ('Positive', 'laughing')]","[""One person placing a comforting hand on the other's shoulder or back"", 'One person pointing an accusatory finger at the other']",Are there four Casino Dealers?,Is there a Casino Dealer with suitcase in hand?,Is there a Casino Dealer wearing leather gloves?,Is there a Casino Dealer with a nose piercing?,Is there a Casino Dealer is laughing?,Is the Casino Dealer with suitcase in hand placing a comforting hand on the other's shoulder or back with the Casino Dealer wearing leather gloves?,Is the Casino Dealer with a nose piercing pointing an accusatory finger at the other with the Casino Dealer is laughing?,
271,Four Paramedics. Paramedic A has tablet in hand. Paramedic B has tattoos on arm. Paramedic C wears anklet. Paramedic D wears glasses. Paramedic A and Paramedic B are Bowing to each other. Paramedic C and Paramedic D are shaking hands with each other.,"You are creating image generation prompts and questions for a dataset.

Given the sample data below, you need to generate:

A SHORT image generation prompt

Seven questions about the image

SAMPLE DATA: Subject: Paramedic Attribute 1: Technology: tablet Attribute 2: Tattoos: arm Attribute 3: Jewelry: anklet. Attribute 4: Eyewear: glasses Interaction 1: One person Bowing to other Interaction 2: Shaking hands

INSTRUCTIONS:

Create a SHORT image generation prompt following this format:

Four [SUBJECT]s. [SUBJECT] A [verb] [ATTRIBUTE_1]. [SUBJECT] B [verb] [ATTRIBUTE_2]. [SUBJECT] C [verb] [ATTRIBUTE_3]. [SUBJECT] D [verb] [ATTRIBUTE_4]. [SUBJECT] A and [SUBJECT] B are [INTERACTION_1] with each other. [SUBJECT] C and [SUBJECT] D are [INTERACTION_2] with each other.

Use appropriate verbs (is/has/wears) based on the attribute type

For emotions: use ""is"" (e.g., ""is crying"")

For physical items/bags: use ""has [item] in hand""

For hair: use ""has [color/style] hair""

For eyewear/gloves/jewelry: use ""wears""

For tattoos: use ""has tattoos on [location]""

Keep it SHORT and DIRECT

Create SEVEN questions:

question_count: ""Are there four [SUBJECT]s?""

question_attr_1 through question_attr_4: ""Is there a [SUBJECT] [attribute description]?""

question_interaction_1: ""Is the [SUBJECT] [with attribute 1] [INTERACTION_1] with the [SUBJECT] [with attribute 2]?""

question_interaction_2: ""Is the [SUBJECT] [with attribute 3] [INTERACTION_2] with the [SUBJECT] [with attribute 4]?""

EXAMPLES:

Example 1: Subject: Police Officer Attribute 1: Eyewear: sunglasses Attribute 2: Hair Color: blonde Attribute 3: Technology: laptop Attribute 4: Negative: crying

Interaction 1: Shaking hands Interaction 2: Having conversations

OUTPUT: Prompt: Four Police Officers. Police Officer A wears sunglasses. Police Officer B has blonde hair. Police Officer C has laptop in hand. Police Officer D is crying. Police Officer A and Police Officer B are shaking hands with each other. Police Officer C and Police Officer D are having conversations with each other.

question_count: Are there four Police Officers? question_attr_1: Is there a Police Officer wearing sunglasses? question_attr_2: Is there a Police Officer with blonde hair? question_attr_3: Is there a Police Officer with laptop in hand? question_attr_4: Is there a Police Officer is crying? question_interaction_1: Is the Police Officer wearing sunglasses shaking hands with the Police Officer with blonde hair? question_interaction_2: Is the Police Officer with laptop in hand having conversations with the Police Officer is crying?

Example 2: Subject: Nurse Attribute 1: Bags: purse Attribute 2: Hair Style: curly Attribute 3: Tattoos: arm Attribute 4: Jewelry: necklace

Interaction 1: Whispering a secret into the other's ear Interaction 2: Waving to each other

OUTPUT: Prompt: Four Nurses. Nurse A has purse in hand. Nurse B has curly hair. Nurse C has tattoos on arm. Nurse D wears necklace. Nurse A and Nurse B are whispering a secret into the other's ear with each other. Nurse C and Nurse D are waving to each other.

question_count: Are there four Nurses? question_attr_1: Is there a Nurse with purse in hand? question_attr_2: Is there a Nurse with curly hair? question_attr_3: Is there a Nurse with tattoos on arm? question_attr_4: Is there a Nurse wearing necklace? question_interaction_1: Is the Nurse with purse in hand whispering a secret into the other's ear with the Nurse with curly hair? question_interaction_2: Is the Nurse with tattoos on arm waving to each other with the Nurse wearing necklace?

Now generate the output for the given sample data above. Return ONLY in this format:

Prompt: [your prompt here]

question_count: [question here] question_attr_1: [question here] question_attr_2: [question here] question_attr_3: [question here] question_attr_4: [question here] question_interaction_1: [question here] question_interaction_2: [question here]",Paramedic,"[('Technology', 'tablet'), ('Tattoos', 'arm'), ('Jewelry', 'anklet.'), ('Eyewear', 'glasses')]","['One person Bowing to other', 'Shaking hands']",Are there four Paramedics?,Is there a Paramedic with tablet in hand?,Is there a Paramedic with tattoos on arm?,Is there a Paramedic wearing anklet?,Is there a Paramedic wearing glasses?,Is the Paramedic with tablet in hand Bowing to the Paramedic with tattoos on arm?,Is the Paramedic wearing anklet shaking hands with the Paramedic wearing glasses?,
278,"Four Nurses. Nurse A has soda can in hand. Nurse B has goatee. Nurse C is tired. Nurse D is joyful. Nurse A and Nurse B are Arguing face-to-face, with expressive hand gestures with each other. Nurse C and Nurse D are Shaking hands with each other.","You are creating image generation prompts and questions for a dataset.

Given the sample data below, you need to generate:

A SHORT image generation prompt

Seven questions about the image

SAMPLE DATA: Subject: Nurse Attribute 1: Food/Drink: soda can Attribute 2: Facial Hair: goatee Attribute 3: Neutral/Other: tired Attribute 4: Positive: joyful Interaction 1: Arguing face-to-face, with expressive hand gestures Interaction 2: Shaking hands

INSTRUCTIONS:

Create a SHORT image generation prompt following this format:

Four [SUBJECT]s. [SUBJECT] A [verb] [ATTRIBUTE_1]. [SUBJECT] B [verb] [ATTRIBUTE_2]. [SUBJECT] C [verb] [ATTRIBUTE_3]. [SUBJECT] D [verb] [ATTRIBUTE_4]. [SUBJECT] A and [SUBJECT] B are [INTERACTION_1] with each other. [SUBJECT] C and [SUBJECT] D are [INTERACTION_2] with each other.

Use appropriate verbs (is/has/wears) based on the attribute type

For emotions: use ""is"" (e.g., ""is crying"")

For physical items/bags: use ""has [item] in hand""

For hair: use ""has [color/style] hair""

For eyewear/gloves/jewelry: use ""wears""

For tattoos: use ""has tattoos on [location]""

Keep it SHORT and DIRECT

Create SEVEN questions:

question_count: ""Are there four [SUBJECT]s?""

question_attr_1 through question_attr_4: ""Is there a [SUBJECT] [attribute description]?""

question_interaction_1: ""Is the [SUBJECT] [with attribute 1] [INTERACTION_1] with the [SUBJECT] [with attribute 2]?""

question_interaction_2: ""Is the [SUBJECT] [with attribute 3] [INTERACTION_2] with the [SUBJECT] [with attribute 4]?""

EXAMPLES:

Example 1: Subject: Police Officer Attribute 1: Eyewear: sunglasses Attribute 2: Hair Color: blonde Attribute 3: Technology: laptop Attribute 4: Negative: crying

Interaction 1: Shaking hands Interaction 2: Having conversations

OUTPUT: Prompt: Four Police Officers. Police Officer A wears sunglasses. Police Officer B has blonde hair. Police Officer C has laptop in hand. Police Officer D is crying. Police Officer A and Police Officer B are shaking hands with each other. Police Officer C and Police Officer D are having conversations with each other.

question_count: Are there four Police Officers? question_attr_1: Is there a Police Officer wearing sunglasses? question_attr_2: Is there a Police Officer with blonde hair? question_attr_3: Is there a Police Officer with laptop in hand? question_attr_4: Is there a Police Officer is crying? question_interaction_1: Is the Police Officer wearing sunglasses shaking hands with the Police Officer with blonde hair? question_interaction_2: Is the Police Officer with laptop in hand having conversations with the Police Officer is crying?

Example 2: Subject: Nurse Attribute 1: Bags: purse Attribute 2: Hair Style: curly Attribute 3: Tattoos: arm Attribute 4: Jewelry: necklace

Interaction 1: Whispering a secret into the other's ear Interaction 2: Waving to each other

OUTPUT: Prompt: Four Nurses. Nurse A has purse in hand. Nurse B has curly hair. Nurse C has tattoos on arm. Nurse D wears necklace. Nurse A and Nurse B are whispering a secret into the other's ear with each other. Nurse C and Nurse D are waving to each other.

question_count: Are there four Nurses? question_attr_1: Is there a Nurse with purse in hand? question_attr_2: Is there a Nurse with curly hair? question_attr_3: Is there a Nurse with tattoos on arm? question_attr_4: Is there a Nurse wearing necklace? question_interaction_1: Is the Nurse with purse in hand whispering a secret into the other's ear with the Nurse with curly hair? question_interaction_2: Is the Nurse with tattoos on arm waving to each other with the Nurse wearing necklace?

Now generate the output for the given sample data above. Return ONLY in this format:

Prompt: [your prompt here]

question_count: [question here] question_attr_1: [question here] question_attr_2: [question here] question_attr_3: [question here] question_attr_4: [question here] question_interaction_1: [question here] question_interaction_2: [question here]",Nurse,"[('Food/Drink', 'soda can'), ('Facial Hair', 'goatee'), ('Neutral/Other', 'tired'), ('Positive', 'joyful')]","['Arguing face-to-face, with expressive hand gestures', 'Shaking hands']",Are there four Nurses?,Is there a Nurse with soda can in hand?,Is there a Nurse with goatee?,Is there a Nurse is tired?,Is there a Nurse is joyful?,"Is the Nurse with soda can in hand Arguing face-to-face, with expressive hand gestures with the Nurse with goatee?",Is the Nurse is tired Shaking hands with the Nurse is joyful?,
288,Four Construction Workers. Construction Worker A has ponytail hair. Construction Worker B is crying. Construction Worker C has goatee. Construction Worker D has suitcase in hand. Construction Worker A and Construction Worker B are one person turning their back on the other while they are speaking with each other. Construction Worker C and Construction Worker D are one person shouting while the other looks away with each other.,"You are creating image generation prompts and questions for a dataset.

Given the sample data below, you need to generate:

A SHORT image generation prompt

Seven questions about the image

SAMPLE DATA: Subject: Construction Worker (often includes high-visibility safety gear) Attribute 1: Hair Style: ponytail Attribute 2: Negative: crying Attribute 3: Facial Hair: goatee Attribute 4: Bags: suitcase Interaction 1: One person turning their back on the other while they are speaking Interaction 2: One person shouting while the other looks away

INSTRUCTIONS:

Create a SHORT image generation prompt following this format:

Four [SUBJECT]s. [SUBJECT] A [verb] [ATTRIBUTE_1]. [SUBJECT] B [verb] [ATTRIBUTE_2]. [SUBJECT] C [verb] [ATTRIBUTE_3]. [SUBJECT] D [verb] [ATTRIBUTE_4]. [SUBJECT] A and [SUBJECT] B are [INTERACTION_1] with each other. [SUBJECT] C and [SUBJECT] D are [INTERACTION_2] with each other.

Use appropriate verbs (is/has/wears) based on the attribute type

For emotions: use ""is"" (e.g., ""is crying"")

For physical items/bags: use ""has [item] in hand""

For hair: use ""has [color/style] hair""

For eyewear/gloves/jewelry: use ""wears""

For tattoos: use ""has tattoos on [location]""

Keep it SHORT and DIRECT

Create SEVEN questions:

question_count: ""Are there four [SUBJECT]s?""

question_attr_1 through question_attr_4: ""Is there a [SUBJECT] [attribute description]?""

question_interaction_1: ""Is the [SUBJECT] [with attribute 1] [INTERACTION_1] with the [SUBJECT] [with attribute 2]?""

question_interaction_2: ""Is the [SUBJECT] [with attribute 3] [INTERACTION_2] with the [SUBJECT] [with attribute 4]?""

EXAMPLES:

Example 1: Subject: Police Officer Attribute 1: Eyewear: sunglasses Attribute 2: Hair Color: blonde Attribute 3: Technology: laptop Attribute 4: Negative: crying

Interaction 1: Shaking hands Interaction 2: Having conversations

OUTPUT: Prompt: Four Police Officers. Police Officer A wears sunglasses. Police Officer B has blonde hair. Police Officer C has laptop in hand. Police Officer D is crying. Police Officer A and Police Officer B are shaking hands with each other. Police Officer C and Police Officer D are having conversations with each other.

question_count: Are there four Police Officers? question_attr_1: Is there a Police Officer wearing sunglasses? question_attr_2: Is there a Police Officer with blonde hair? question_attr_3: Is there a Police Officer with laptop in hand? question_attr_4: Is there a Police Officer is crying? question_interaction_1: Is the Police Officer wearing sunglasses shaking hands with the Police Officer with blonde hair? question_interaction_2: Is the Police Officer with laptop in hand having conversations with the Police Officer is crying?

Example 2: Subject: Nurse Attribute 1: Bags: purse Attribute 2: Hair Style: curly Attribute 3: Tattoos: arm Attribute 4: Jewelry: necklace

Interaction 1: Whispering a secret into the other's ear Interaction 2: Waving to each other

OUTPUT: Prompt: Four Nurses. Nurse A has purse in hand. Nurse B has curly hair. Nurse C has tattoos on arm. Nurse D wears necklace. Nurse A and Nurse B are whispering a secret into the other's ear with each other. Nurse C and Nurse D are waving to each other.

question_count: Are there four Nurses? question_attr_1: Is there a Nurse with purse in hand? question_attr_2: Is there a Nurse with curly hair? question_attr_3: Is there a Nurse with tattoos on arm? question_attr_4: Is there a Nurse wearing necklace? question_interaction_1: Is the Nurse with purse in hand whispering a secret into the other's ear with the Nurse with curly hair? question_interaction_2: Is the Nurse with tattoos on arm waving to each other with the Nurse wearing necklace?

Now generate the output for the given sample data above. Return ONLY in this format:

Prompt: [your prompt here]

question_count: [question here] question_attr_1: [question here] question_attr_2: [question here] question_attr_3: [question here] question_attr_4: [question here] question_interaction_1: [question here] question_interaction_2: [question here]",Construction Worker (often includes high-visibility safety gear),"[('Hair Style', 'ponytail'), ('Negative', 'crying'), ('Facial Hair', 'goatee'), ('Bags', 'suitcase')]","['One person turning their back on the other while they are speaking', 'One person shouting while the other looks away']",Are there four Construction Workers?,Is there a Construction Worker with ponytail hair?,Is there a Construction Worker is crying?,Is there a Construction Worker with goatee?,Is there a Construction Worker with suitcase in hand?,Is the Construction Worker with ponytail hair one person turning their back on the other while they are speaking with the Construction Worker is crying?,Is the Construction Worker with goatee one person shouting while the other looks away with the Construction Worker with suitcase in hand?,
293,"Four Baristas. Barista A has laptop in hand. Barista B wears Winter gloves. Barista C wears piercings on ears. Barista D has black hair. Barista A and Barista B are arguing face-to-face, with expressive hand gestures with each other. Barista C and Barista D are one person placing a comforting hand on the other's shoulder or back with each other.","You are creating image generation prompts and questions for a dataset.

Given the sample data below, you need to generate:

A SHORT image generation prompt

Seven questions about the image

SAMPLE DATA: Subject: Barista Attribute 1: Technology: laptop Attribute 2: Gloves: Winter gloves Attribute 3: Piercings: Ears Attribute 4: Hair Color: Black Interaction 1: Arguing face-to-face, with expressive hand gestures Interaction 2: One person placing a comforting hand on the other's shoulder or back

INSTRUCTIONS:

Create a SHORT image generation prompt following this format:

Four [SUBJECT]s. [SUBJECT] A [verb] [ATTRIBUTE_1]. [SUBJECT] B [verb] [ATTRIBUTE_2]. [SUBJECT] C [verb] [ATTRIBUTE_3]. [SUBJECT] D [verb] [ATTRIBUTE_4]. [SUBJECT] A and [SUBJECT] B are [INTERACTION_1] with each other. [SUBJECT] C and [SUBJECT] D are [INTERACTION_2] with each other.

Use appropriate verbs (is/has/wears) based on the attribute type

For emotions: use ""is"" (e.g., ""is crying"")

For physical items/bags: use ""has [item] in hand""

For hair: use ""has [color/style] hair""

For eyewear/gloves/jewelry: use ""wears""

For tattoos: use ""has tattoos on [location]""

Keep it SHORT and DIRECT

Create SEVEN questions:

question_count: ""Are there four [SUBJECT]s?""

question_attr_1 through question_attr_4: ""Is there a [SUBJECT] [attribute description]?""

question_interaction_1: ""Is the [SUBJECT] [with attribute 1] [INTERACTION_1] with the [SUBJECT] [with attribute 2]?""

question_interaction_2: ""Is the [SUBJECT] [with attribute 3] [INTERACTION_2] with the [SUBJECT] [with attribute 4]?""

EXAMPLES:

Example 1: Subject: Police Officer Attribute 1: Eyewear: sunglasses Attribute 2: Hair Color: blonde Attribute 3: Technology: laptop Attribute 4: Negative: crying

Interaction 1: Shaking hands Interaction 2: Having conversations

OUTPUT: Prompt: Four Police Officers. Police Officer A wears sunglasses. Police Officer B has blonde hair. Police Officer C has laptop in hand. Police Officer D is crying. Police Officer A and Police Officer B are shaking hands with each other. Police Officer C and Police Officer D are having conversations with each other.

question_count: Are there four Police Officers? question_attr_1: Is there a Police Officer wearing sunglasses? question_attr_2: Is there a Police Officer with blonde hair? question_attr_3: Is there a Police Officer with laptop in hand? question_attr_4: Is there a Police Officer is crying? question_interaction_1: Is the Police Officer wearing sunglasses shaking hands with the Police Officer with blonde hair? question_interaction_2: Is the Police Officer with laptop in hand having conversations with the Police Officer is crying?

Example 2: Subject: Nurse Attribute 1: Bags: purse Attribute 2: Hair Style: curly Attribute 3: Tattoos: arm Attribute 4: Jewelry: necklace

Interaction 1: Whispering a secret into the other's ear Interaction 2: Waving to each other

OUTPUT: Prompt: Four Nurses. Nurse A has purse in hand. Nurse B has curly hair. Nurse C has tattoos on arm. Nurse D wears necklace. Nurse A and Nurse B are whispering a secret into the other's ear with each other. Nurse C and Nurse D are waving to each other.

question_count: Are there four Nurses? question_attr_1: Is there a Nurse with purse in hand? question_attr_2: Is there a Nurse with curly hair? question_attr_3: Is there a Nurse with tattoos on arm? question_attr_4: Is there a Nurse wearing necklace? question_interaction_1: Is the Nurse with purse in hand whispering a secret into the other's ear with the Nurse with curly hair? question_interaction_2: Is the Nurse with tattoos on arm waving to each other with the Nurse wearing necklace?

Now generate the output for the given sample data above. Return ONLY in this format:

Prompt: [your prompt here]

question_count: [question here] question_attr_1: [question here] question_attr_2: [question here] question_attr_3: [question here] question_attr_4: [question here] question_interaction_1: [question here] question_interaction_2: [question here]",Barista,"[('Technology', 'laptop'), ('Gloves', 'Winter gloves'), ('Piercings', 'Ears'), ('Hair Color', 'Black')]","['Arguing face-to-face, with expressive hand gestures', ""One person placing a comforting hand on the other's shoulder or back""]",Are there four Baristas?,Is there a Barista with laptop in hand?,Is there a Barista wearing Winter gloves?,Is there a Barista wearing piercings on ears?,Is there a Barista with black hair?,"Is the Barista with laptop in hand arguing face-to-face, with expressive hand gestures with the Barista wearing Winter gloves?",Is the Barista wearing piercings on ears one person placing a comforting hand on the other's shoulder or back with the Barista with black hair?,
296,Four Doctors. Doctor A is smiling. Doctor B wears leather gloves. Doctor C wears anklet. Doctor D has tote bag in hand. Doctor A and Doctor B are taking a pulse with each other. Doctor C and Doctor D are exchanging a fist bump with each other.,"You are creating image generation prompts and questions for a dataset.

Given the sample data below, you need to generate:

A SHORT image generation prompt

Seven questions about the image

SAMPLE DATA: Subject: Doctor Attribute 1: Positive: smiling Attribute 2: Gloves: leather gloves Attribute 3: Jewelry: anklet. Attribute 4: Bags: tote bag Interaction 1: Taking a Pulse Interaction 2: A fist bump

INSTRUCTIONS:

Create a SHORT image generation prompt following this format:

Four [SUBJECT]s. [SUBJECT] A [verb] [ATTRIBUTE_1]. [SUBJECT] B [verb] [ATTRIBUTE_2]. [SUBJECT] C [verb] [ATTRIBUTE_3]. [SUBJECT] D [verb] [ATTRIBUTE_4]. [SUBJECT] A and [SUBJECT] B are [INTERACTION_1] with each other. [SUBJECT] C and [SUBJECT] D are [INTERACTION_2] with each other.

Use appropriate verbs (is/has/wears) based on the attribute type

For emotions: use ""is"" (e.g., ""is crying"")

For physical items/bags: use ""has [item] in hand""

For hair: use ""has [color/style] hair""

For eyewear/gloves/jewelry: use ""wears""

For tattoos: use ""has tattoos on [location]""

Keep it SHORT and DIRECT

Create SEVEN questions:

question_count: ""Are there four [SUBJECT]s?""

question_attr_1 through question_attr_4: ""Is there a [SUBJECT] [attribute description]?""

question_interaction_1: ""Is the [SUBJECT] [with attribute 1] [INTERACTION_1] with the [SUBJECT] [with attribute 2]?""

question_interaction_2: ""Is the [SUBJECT] [with attribute 3] [INTERACTION_2] with the [SUBJECT] [with attribute 4]?""

EXAMPLES:

Example 1: Subject: Police Officer Attribute 1: Eyewear: sunglasses Attribute 2: Hair Color: blonde Attribute 3: Technology: laptop Attribute 4: Negative: crying

Interaction 1: Shaking hands Interaction 2: Having conversations

OUTPUT: Prompt: Four Police Officers. Police Officer A wears sunglasses. Police Officer B has blonde hair. Police Officer C has laptop in hand. Police Officer D is crying. Police Officer A and Police Officer B are shaking hands with each other. Police Officer C and Police Officer D are having conversations with each other.

question_count: Are there four Police Officers? question_attr_1: Is there a Police Officer wearing sunglasses? question_attr_2: Is there a Police Officer with blonde hair? question_attr_3: Is there a Police Officer with laptop in hand? question_attr_4: Is there a Police Officer is crying? question_interaction_1: Is the Police Officer wearing sunglasses shaking hands with the Police Officer with blonde hair? question_interaction_2: Is the Police Officer with laptop in hand having conversations with the Police Officer is crying?

Example 2: Subject: Nurse Attribute 1: Bags: purse Attribute 2: Hair Style: curly Attribute 3: Tattoos: arm Attribute 4: Jewelry: necklace

Interaction 1: Whispering a secret into the other's ear Interaction 2: Waving to each other

OUTPUT: Prompt: Four Nurses. Nurse A has purse in hand. Nurse B has curly hair. Nurse C has tattoos on arm. Nurse D wears necklace. Nurse A and Nurse B are whispering a secret into the other's ear with each other. Nurse C and Nurse D are waving to each other.

question_count: Are there four Nurses? question_attr_1: Is there a Nurse with purse in hand? question_attr_2: Is there a Nurse with curly hair? question_attr_3: Is there a Nurse with tattoos on arm? question_attr_4: Is there a Nurse wearing necklace? question_interaction_1: Is the Nurse with purse in hand whispering a secret into the other's ear with the Nurse with curly hair? question_interaction_2: Is the Nurse with tattoos on arm waving to each other with the Nurse wearing necklace?

Now generate the output for the given sample data above. Return ONLY in this format:

Prompt: [your prompt here]

question_count: [question here] question_attr_1: [question here] question_attr_2: [question here] question_attr_3: [question here] question_attr_4: [question here] question_interaction_1: [question here] question_interaction_2: [question here]",Doctor,"[('Positive', 'smiling'), ('Gloves', 'leather gloves'), ('Jewelry', 'anklet.'), ('Bags', 'tote bag')]","['Taking a Pulse', 'A fist bump']",Are there four Doctors?,Is there a Doctor smiling?,Is there a Doctor wearing leather gloves?,Is there a Doctor wearing anklet?,Is there a Doctor with tote bag in hand?,Is the Doctor smiling taking a pulse with the Doctor wearing leather gloves?,Is the Doctor wearing anklet exchanging a fist bump with the Doctor with tote bag in hand?,
302,Four Airline Pilots. Airline Pilot A wears latex gloves. Airline Pilot B has brown eyes. Airline Pilot C has coffee cup in hand. Airline Pilot D is determined. Airline Pilot A and Airline Pilot B are shaking hands with each other. Airline Pilot C and Airline Pilot D are pouring the other a cup of tea or coffee with each other.,"You are creating image generation prompts and questions for a dataset.

Given the sample data below, you need to generate:

A SHORT image generation prompt

Seven questions about the image

SAMPLE DATA: Subject: Airline Pilot Attribute 1: Gloves: latex gloves. Attribute 2: Eyes: brown Attribute 3: Food/Drink: Coffee cup Attribute 4: Neutral/Other: determined Interaction 1: Shaking hands Interaction 2: Pouring the other a cup of tea or coffee

INSTRUCTIONS:

Create a SHORT image generation prompt following this format:

Four [SUBJECT]s. [SUBJECT] A [verb] [ATTRIBUTE_1]. [SUBJECT] B [verb] [ATTRIBUTE_2]. [SUBJECT] C [verb] [ATTRIBUTE_3]. [SUBJECT] D [verb] [ATTRIBUTE_4]. [SUBJECT] A and [SUBJECT] B are [INTERACTION_1] with each other. [SUBJECT] C and [SUBJECT] D are [INTERACTION_2] with each other.

Use appropriate verbs (is/has/wears) based on the attribute type

For emotions: use ""is"" (e.g., ""is crying"")

For physical items/bags: use ""has [item] in hand""

For hair: use ""has [color/style] hair""

For eyewear/gloves/jewelry: use ""wears""

For tattoos: use ""has tattoos on [location]""

Keep it SHORT and DIRECT

Create SEVEN questions:

question_count: ""Are there four [SUBJECT]s?""

question_attr_1 through question_attr_4: ""Is there a [SUBJECT] [attribute description]?""

question_interaction_1: ""Is the [SUBJECT] [with attribute 1] [INTERACTION_1] with the [SUBJECT] [with attribute 2]?""

question_interaction_2: ""Is the [SUBJECT] [with attribute 3] [INTERACTION_2] with the [SUBJECT] [with attribute 4]?""

EXAMPLES:

Example 1: Subject: Police Officer Attribute 1: Eyewear: sunglasses Attribute 2: Hair Color: blonde Attribute 3: Technology: laptop Attribute 4: Negative: crying

Interaction 1: Shaking hands Interaction 2: Having conversations

OUTPUT: Prompt: Four Police Officers. Police Officer A wears sunglasses. Police Officer B has blonde hair. Police Officer C has laptop in hand. Police Officer D is crying. Police Officer A and Police Officer B are shaking hands with each other. Police Officer C and Police Officer D are having conversations with each other.

question_count: Are there four Police Officers? question_attr_1: Is there a Police Officer wearing sunglasses? question_attr_2: Is there a Police Officer with blonde hair? question_attr_3: Is there a Police Officer with laptop in hand? question_attr_4: Is there a Police Officer is crying? question_interaction_1: Is the Police Officer wearing sunglasses shaking hands with the Police Officer with blonde hair? question_interaction_2: Is the Police Officer with laptop in hand having conversations with the Police Officer is crying?

Example 2: Subject: Nurse Attribute 1: Bags: purse Attribute 2: Hair Style: curly Attribute 3: Tattoos: arm Attribute 4: Jewelry: necklace

Interaction 1: Whispering a secret into the other's ear Interaction 2: Waving to each other

OUTPUT: Prompt: Four Nurses. Nurse A has purse in hand. Nurse B has curly hair. Nurse C has tattoos on arm. Nurse D wears necklace. Nurse A and Nurse B are whispering a secret into the other's ear with each other. Nurse C and Nurse D are waving to each other.

question_count: Are there four Nurses? question_attr_1: Is there a Nurse with purse in hand? question_attr_2: Is there a Nurse with curly hair? question_attr_3: Is there a Nurse with tattoos on arm? question_attr_4: Is there a Nurse wearing necklace? question_interaction_1: Is the Nurse with purse in hand whispering a secret into the other's ear with the Nurse with curly hair? question_interaction_2: Is the Nurse with tattoos on arm waving to each other with the Nurse wearing necklace?

Now generate the output for the given sample data above. Return ONLY in this format:

Prompt: [your prompt here]

question_count: [question here] question_attr_1: [question here] question_attr_2: [question here] question_attr_3: [question here] question_attr_4: [question here] question_interaction_1: [question here] question_interaction_2: [question here]",Airline Pilot,"[('Gloves', 'latex gloves.'), ('Eyes', 'brown'), ('Food/Drink', 'Coffee cup'), ('Neutral/Other', 'determined')]","['Shaking hands', 'Pouring the other a cup of tea or coffee']",Are there four Airline Pilots?,Is there an Airline Pilot wearing latex gloves?,Is there an Airline Pilot with brown eyes?,Is there an Airline Pilot with coffee cup in hand?,Is there an Airline Pilot is determined?,Is the Airline Pilot wearing latex gloves shaking hands with the Airline Pilot with brown eyes?,Is the Airline Pilot with coffee cup in hand pouring the other a cup of tea or coffee with the Airline Pilot is determined?,
310,"Four Firefighters. Firefighter A is worried. Firefighter B has hazel eyes. Firefighter C wears piercings on ears. Firefighter D wears a watch. Firefighter A and Firefighter B are sharing headphones to listen to music with each other. Firefighter C and Firefighter D are assembling something, reading instructions together with each other.","You are creating image generation prompts and questions for a dataset.

Given the sample data below, you need to generate:

A SHORT image generation prompt

Seven questions about the image

SAMPLE DATA: Subject: Firefighter Attribute 1: Negative: worried Attribute 2: Eyes: hazel Attribute 3: Piercings: Ears Attribute 4: Jewelry: watch Interaction 1: Sharing headphones to listen to music Interaction 2: Assembling something, reading instructions together

INSTRUCTIONS:

Create a SHORT image generation prompt following this format:

Four [SUBJECT]s. [SUBJECT] A [verb] [ATTRIBUTE_1]. [SUBJECT] B [verb] [ATTRIBUTE_2]. [SUBJECT] C [verb] [ATTRIBUTE_3]. [SUBJECT] D [verb] [ATTRIBUTE_4]. [SUBJECT] A and [SUBJECT] B are [INTERACTION_1] with each other. [SUBJECT] C and [SUBJECT] D are [INTERACTION_2] with each other.

Use appropriate verbs (is/has/wears) based on the attribute type

For emotions: use ""is"" (e.g., ""is crying"")

For physical items/bags: use ""has [item] in hand""

For hair: use ""has [color/style] hair""

For eyewear/gloves/jewelry: use ""wears""

For tattoos: use ""has tattoos on [location]""

Keep it SHORT and DIRECT

Create SEVEN questions:

question_count: ""Are there four [SUBJECT]s?""

question_attr_1 through question_attr_4: ""Is there a [SUBJECT] [attribute description]?""

question_interaction_1: ""Is the [SUBJECT] [with attribute 1] [INTERACTION_1] with the [SUBJECT] [with attribute 2]?""

question_interaction_2: ""Is the [SUBJECT] [with attribute 3] [INTERACTION_2] with the [SUBJECT] [with attribute 4]?""

EXAMPLES:

Example 1: Subject: Police Officer Attribute 1: Eyewear: sunglasses Attribute 2: Hair Color: blonde Attribute 3: Technology: laptop Attribute 4: Negative: crying

Interaction 1: Shaking hands Interaction 2: Having conversations

OUTPUT: Prompt: Four Police Officers. Police Officer A wears sunglasses. Police Officer B has blonde hair. Police Officer C has laptop in hand. Police Officer D is crying. Police Officer A and Police Officer B are shaking hands with each other. Police Officer C and Police Officer D are having conversations with each other.

question_count: Are there four Police Officers? question_attr_1: Is there a Police Officer wearing sunglasses? question_attr_2: Is there a Police Officer with blonde hair? question_attr_3: Is there a Police Officer with laptop in hand? question_attr_4: Is there a Police Officer is crying? question_interaction_1: Is the Police Officer wearing sunglasses shaking hands with the Police Officer with blonde hair? question_interaction_2: Is the Police Officer with laptop in hand having conversations with the Police Officer is crying?

Example 2: Subject: Nurse Attribute 1: Bags: purse Attribute 2: Hair Style: curly Attribute 3: Tattoos: arm Attribute 4: Jewelry: necklace

Interaction 1: Whispering a secret into the other's ear Interaction 2: Waving to each other

OUTPUT: Prompt: Four Nurses. Nurse A has purse in hand. Nurse B has curly hair. Nurse C has tattoos on arm. Nurse D wears necklace. Nurse A and Nurse B are whispering a secret into the other's ear with each other. Nurse C and Nurse D are waving to each other.

question_count: Are there four Nurses? question_attr_1: Is there a Nurse with purse in hand? question_attr_2: Is there a Nurse with curly hair? question_attr_3: Is there a Nurse with tattoos on arm? question_attr_4: Is there a Nurse wearing necklace? question_interaction_1: Is the Nurse with purse in hand whispering a secret into the other's ear with the Nurse with curly hair? question_interaction_2: Is the Nurse with tattoos on arm waving to each other with the Nurse wearing necklace?

Now generate the output for the given sample data above. Return ONLY in this format:

Prompt: [your prompt here]

question_count: [question here] question_attr_1: [question here] question_attr_2: [question here] question_attr_3: [question here] question_attr_4: [question here] question_interaction_1: [question here] question_interaction_2: [question here]",Firefighter,"[('Negative', 'worried'), ('Eyes', 'hazel'), ('Piercings', 'Ears'), ('Jewelry', 'watch')]","['Sharing headphones to listen to music', 'Assembling something, reading instructions together']",Are there four Firefighters?,Is there a Firefighter is worried?,Is there a Firefighter with hazel eyes?,Is there a Firefighter wearing piercings on ears?,Is there a Firefighter wearing a watch?,Is the Firefighter is worried sharing headphones to listen to music with the Firefighter with hazel eyes?,"Is the Firefighter wearing piercings on ears assembling something, reading instructions together with the Firefighter wearing a watch?",
314,Four Marines. Marine A has grocery bag in hand. Marine B wears sunglasses. Marine C has tattoos on neck. Marine D is joyful. Marine A and Marine B are shaking hands with each other. Marine C and Marine D are taking a pulse with each other.,"You are creating image generation prompts and questions for a dataset.

Given the sample data below, you need to generate:

A SHORT image generation prompt

Seven questions about the image

SAMPLE DATA: Subject: Marine (Marine Corps) Attribute 1: Bags: grocery bag. Attribute 2: Eyewear: sunglasses Attribute 3: Tattoos: neck Attribute 4: Positive: joyful Interaction 1: Shaking hands Interaction 2: Taking a Pulse

INSTRUCTIONS:

Create a SHORT image generation prompt following this format:

Four [SUBJECT]s. [SUBJECT] A [verb] [ATTRIBUTE_1]. [SUBJECT] B [verb] [ATTRIBUTE_2]. [SUBJECT] C [verb] [ATTRIBUTE_3]. [SUBJECT] D [verb] [ATTRIBUTE_4]. [SUBJECT] A and [SUBJECT] B are [INTERACTION_1] with each other. [SUBJECT] C and [SUBJECT] D are [INTERACTION_2] with each other.

Use appropriate verbs (is/has/wears) based on the attribute type

For emotions: use ""is"" (e.g., ""is crying"")

For physical items/bags: use ""has [item] in hand""

For hair: use ""has [color/style] hair""

For eyewear/gloves/jewelry: use ""wears""

For tattoos: use ""has tattoos on [location]""

Keep it SHORT and DIRECT

Create SEVEN questions:

question_count: ""Are there four [SUBJECT]s?""

question_attr_1 through question_attr_4: ""Is there a [SUBJECT] [attribute description]?""

question_interaction_1: ""Is the [SUBJECT] [with attribute 1] [INTERACTION_1] with the [SUBJECT] [with attribute 2]?""

question_interaction_2: ""Is the [SUBJECT] [with attribute 3] [INTERACTION_2] with the [SUBJECT] [with attribute 4]?""

EXAMPLES:

Example 1: Subject: Police Officer Attribute 1: Eyewear: sunglasses Attribute 2: Hair Color: blonde Attribute 3: Technology: laptop Attribute 4: Negative: crying

Interaction 1: Shaking hands Interaction 2: Having conversations

OUTPUT: Prompt: Four Police Officers. Police Officer A wears sunglasses. Police Officer B has blonde hair. Police Officer C has laptop in hand. Police Officer D is crying. Police Officer A and Police Officer B are shaking hands with each other. Police Officer C and Police Officer D are having conversations with each other.

question_count: Are there four Police Officers? question_attr_1: Is there a Police Officer wearing sunglasses? question_attr_2: Is there a Police Officer with blonde hair? question_attr_3: Is there a Police Officer with laptop in hand? question_attr_4: Is there a Police Officer is crying? question_interaction_1: Is the Police Officer wearing sunglasses shaking hands with the Police Officer with blonde hair? question_interaction_2: Is the Police Officer with laptop in hand having conversations with the Police Officer is crying?

Example 2: Subject: Nurse Attribute 1: Bags: purse Attribute 2: Hair Style: curly Attribute 3: Tattoos: arm Attribute 4: Jewelry: necklace

Interaction 1: Whispering a secret into the other's ear Interaction 2: Waving to each other

OUTPUT: Prompt: Four Nurses. Nurse A has purse in hand. Nurse B has curly hair. Nurse C has tattoos on arm. Nurse D wears necklace. Nurse A and Nurse B are whispering a secret into the other's ear with each other. Nurse C and Nurse D are waving to each other.

question_count: Are there four Nurses? question_attr_1: Is there a Nurse with purse in hand? question_attr_2: Is there a Nurse with curly hair? question_attr_3: Is there a Nurse with tattoos on arm? question_attr_4: Is there a Nurse wearing necklace? question_interaction_1: Is the Nurse with purse in hand whispering a secret into the other's ear with the Nurse with curly hair? question_interaction_2: Is the Nurse with tattoos on arm waving to each other with the Nurse wearing necklace?

Now generate the output for the given sample data above. Return ONLY in this format:

Prompt: [your prompt here]

question_count: [question here] question_attr_1: [question here] question_attr_2: [question here] question_attr_3: [question here] question_attr_4: [question here] question_interaction_1: [question here] question_interaction_2: [question here]",Marine (Marine Corps),"[('Bags', 'grocery bag.'), ('Eyewear', 'sunglasses'), ('Tattoos', 'neck'), ('Positive', 'joyful')]","['Shaking hands', 'Taking a Pulse']",Are there four Marines?,Is there a Marine with grocery bag in hand?,Is there a Marine wearing sunglasses?,Is there a Marine with tattoos on neck?,Is there a Marine is joyful?,Is the Marine with grocery bag in hand shaking hands with the Marine wearing sunglasses?,Is the Marine with tattoos on neck taking a pulse with the Marine is joyful?,
315,"Four Correctional Officers. Correctional Officer A has stubble. Correctional Officer B has grocery bag in hand. Correctional Officer C is surprised. Correctional Officer D wears headphones. Correctional Officer A and Correctional Officer B are one person shouting while the other looks away with each other. Correctional Officer C and Correctional Officer D are arguing face-to-face, with expressive hand gestures with each other.","You are creating image generation prompts and questions for a dataset.

Given the sample data below, you need to generate:

A SHORT image generation prompt

Seven questions about the image

SAMPLE DATA: Subject: Correctional Officer Attribute 1: Facial Hair: stubble Attribute 2: Bags: grocery bag. Attribute 3: Neutral/Other: Surprised Attribute 4: Technology: headphones Interaction 1: One person shouting while the other looks away Interaction 2: Arguing face-to-face, with expressive hand gestures

INSTRUCTIONS:

Create a SHORT image generation prompt following this format:

Four [SUBJECT]s. [SUBJECT] A [verb] [ATTRIBUTE_1]. [SUBJECT] B [verb] [ATTRIBUTE_2]. [SUBJECT] C [verb] [ATTRIBUTE_3]. [SUBJECT] D [verb] [ATTRIBUTE_4]. [SUBJECT] A and [SUBJECT] B are [INTERACTION_1] with each other. [SUBJECT] C and [SUBJECT] D are [INTERACTION_2] with each other.

Use appropriate verbs (is/has/wears) based on the attribute type

For emotions: use ""is"" (e.g., ""is crying"")

For physical items/bags: use ""has [item] in hand""

For hair: use ""has [color/style] hair""

For eyewear/gloves/jewelry: use ""wears""

For tattoos: use ""has tattoos on [location]""

Keep it SHORT and DIRECT

Create SEVEN questions:

question_count: ""Are there four [SUBJECT]s?""

question_attr_1 through question_attr_4: ""Is there a [SUBJECT] [attribute description]?""

question_interaction_1: ""Is the [SUBJECT] [with attribute 1] [INTERACTION_1] with the [SUBJECT] [with attribute 2]?""

question_interaction_2: ""Is the [SUBJECT] [with attribute 3] [INTERACTION_2] with the [SUBJECT] [with attribute 4]?""

EXAMPLES:

Example 1: Subject: Police Officer Attribute 1: Eyewear: sunglasses Attribute 2: Hair Color: blonde Attribute 3: Technology: laptop Attribute 4: Negative: crying

Interaction 1: Shaking hands Interaction 2: Having conversations

OUTPUT: Prompt: Four Police Officers. Police Officer A wears sunglasses. Police Officer B has blonde hair. Police Officer C has laptop in hand. Police Officer D is crying. Police Officer A and Police Officer B are shaking hands with each other. Police Officer C and Police Officer D are having conversations with each other.

question_count: Are there four Police Officers? question_attr_1: Is there a Police Officer wearing sunglasses? question_attr_2: Is there a Police Officer with blonde hair? question_attr_3: Is there a Police Officer with laptop in hand? question_attr_4: Is there a Police Officer is crying? question_interaction_1: Is the Police Officer wearing sunglasses shaking hands with the Police Officer with blonde hair? question_interaction_2: Is the Police Officer with laptop in hand having conversations with the Police Officer is crying?

Example 2: Subject: Nurse Attribute 1: Bags: purse Attribute 2: Hair Style: curly Attribute 3: Tattoos: arm Attribute 4: Jewelry: necklace

Interaction 1: Whispering a secret into the other's ear Interaction 2: Waving to each other

OUTPUT: Prompt: Four Nurses. Nurse A has purse in hand. Nurse B has curly hair. Nurse C has tattoos on arm. Nurse D wears necklace. Nurse A and Nurse B are whispering a secret into the other's ear with each other. Nurse C and Nurse D are waving to each other.

question_count: Are there four Nurses? question_attr_1: Is there a Nurse with purse in hand? question_attr_2: Is there a Nurse with curly hair? question_attr_3: Is there a Nurse with tattoos on arm? question_attr_4: Is there a Nurse wearing necklace? question_interaction_1: Is the Nurse with purse in hand whispering a secret into the other's ear with the Nurse with curly hair? question_interaction_2: Is the Nurse with tattoos on arm waving to each other with the Nurse wearing necklace?

Now generate the output for the given sample data above. Return ONLY in this format:

Prompt: [your prompt here]

question_count: [question here] question_attr_1: [question here] question_attr_2: [question here] question_attr_3: [question here] question_attr_4: [question here] question_interaction_1: [question here] question_interaction_2: [question here]",Correctional Officer,"[('Facial Hair', 'stubble'), ('Bags', 'grocery bag.'), ('Neutral/Other', 'Surprised'), ('Technology', 'headphones')]","['One person shouting while the other looks away', 'Arguing face-to-face, with expressive hand gestures']",Are there four Correctional Officers?,Is there a Correctional Officer with stubble?,Is there a Correctional Officer with grocery bag in hand?,Is there a Correctional Officer is surprised?,Is there a Correctional Officer wearing headphones?,Is the Correctional Officer with stubble one person shouting while the other looks away with the Correctional Officer with grocery bag in hand?,"Is the Correctional Officer is surprised arguing face-to-face, with expressive hand gestures with the Correctional Officer wearing headphones?",
